citation,reporting_entity,cadence,deadline,source,url,uslm_id
10 U.S.C. 10216(c),Secretary of Defense,annual,with the budget of the Department of Defense for any fiscal year,provision,https://uscode.house.gov/view.xhtml?req=granuleid:USC-prelim-title10-section10216&num=0&edition=prelim,/us/usc/t10/s10216/c
10 U.S.C. 10216(c)(2),Secretary of Defense,event-driven,with the budget submitted to Congress,provision,https://uscode.house.gov/view.xhtml?req=granuleid:USC-prelim-title10-section10216&num=0&edition=prelim,/us/usc/t10/s10216/c/2
10 U.S.C. 10503 note,National Guard Bureau,annual,concurrent with the President’s budget submission for each fiscal year,note,https://uscode.house.gov/view.xhtml?req=granuleid:USC-prelim-title10-section10503&num=0&edition=prelim,/us/usc/t10/s10503/note/0
10 U.S.C. 10504(b),Secretary of Defense,annual,at the same time each year that the annual report of the Secretary under section 113(c) of this title is submitted to Congress,provision,https://uscode.house.gov/view.xhtml?req=granuleid:USC-prelim-title10-section10504&num=0&edition=prelim,/us/usc/t10/s10504/b
10 U.S.C. 10504(c)(3),Chief of National Guard Bureau,annual,annual,provision,https://uscode.house.gov/view.xhtml?req=granuleid:USC-prelim-title10-section10504&num=0&edition=prelim,/us/usc/t10/s10504/c/3
10 U.S.C. 1071 note,the Secretary of Defense,annual,Not later than one year after the date on which the pilot program commences and annually thereafter during the life of the pilot program,note,https://uscode.house.gov/view.xhtml?req=granuleid:USC-prelim-title10-section1071&num=0&edition=prelim,/us/usc/t10/s1071/note/1
10 U.S.C. 1071 note,Secretary of Defense,biennial,"not later than one year after the date on which the Individual Longitudinal Exposure Record achieves full operational capability, as determined by the Secretary of Defense",note,https://uscode.house.gov/view.xhtml?req=granuleid:USC-prelim-title10-section1071&num=0&edition=prelim,/us/usc/t10/s1071/note/12
10 U.S.C. 1071 note,Secretary of Defense,annual,Not later than March 1 each year,note,https://uscode.house.gov/view.xhtml?req=granuleid:USC-prelim-title10-section1071&num=0&edition=prelim,/us/usc/t10/s1071/note/26
10 U.S.C. 1071 note,Secretary of Defense,annual,"Not later than one year after the date of the enactment of this Act, and annually thereafter for a period of five years",note,https://uscode.house.gov/view.xhtml?req=granuleid:USC-prelim-title10-section1071&num=0&edition=prelim,/us/usc/t10/s1071/note/3
10 U.S.C. 1071 note,Secretary of Defense,annual,"Not later than one year after the date of the enactment of this Act, and every year thereafter",note,https://uscode.house.gov/view.xhtml?req=granuleid:USC-prelim-title10-section1071&num=0&edition=prelim,/us/usc/t10/s1071/note/46
10 U.S.C. 1073 note,the Secretary of Defense,annual,Not later than December 31 of each year an agreement entered into under this section is in effect,note,https://uscode.house.gov/view.xhtml?req=granuleid:USC-prelim-title10-section1073&num=0&edition=prelim,/us/usc/t10/s1073/note/13
10 U.S.C. 1073 note,the Secretary,annual,"March 1, 1997, and each March 1 thereafter",note,https://uscode.house.gov/view.xhtml?req=granuleid:USC-prelim-title10-section1073&num=0&edition=prelim,/us/usc/t10/s1073/note/36
10 U.S.C. 1073c note,Secretary of Defense; Director of the Defense Health Agency and the Surgeons General of the military departments,annual,"April 1, 2026; quarterly basis until fully implemented; annually thereafter; January 1, 2027, and annually thereafter for five years; upon failure of corrective action",note,https://uscode.house.gov/view.xhtml?req=granuleid:USC-prelim-title10-section1073c&num=0&edition=prelim,/us/usc/t10/s1073c/note/0
10 U.S.C. 1096(e)(5),Secretary of Defense,annual,Not later than 180 days after the date of the enactment of the National Defense Authorization Act for Fiscal Year 2026,provision,https://uscode.house.gov/view.xhtml?req=granuleid:USC-prelim-title10-section1096&num=0&edition=prelim,/us/usc/t10/s1096/e/5
10 U.S.C. 1154(i),Secretary of Defense,annual,"December 1, 2022",provision,https://uscode.house.gov/view.xhtml?req=granuleid:USC-prelim-title10-section1154&num=0&edition=prelim,/us/usc/t10/s1154/i
10 U.S.C. 118a,Secretary of Defense,multi-year,"in the year following the year in which the review is conducted, but not later than the date on which the President submits the budget for the next fiscal year to Congress",provision,https://uscode.house.gov/view.xhtml?req=granuleid:USC-prelim-title10-section118a&num=0&edition=prelim,/us/usc/t10/s118a
10 U.S.C. 118a(d),The Secretary,event-driven,"in the year following the year in which the review is conducted, but not later than the date on which the President submits the budget for the next fiscal year to Congress",provision,https://uscode.house.gov/view.xhtml?req=granuleid:USC-prelim-title10-section118a&num=0&edition=prelim,/us/usc/t10/s118a/d
10 U.S.C. 118a(d)(2),not specified,event-driven,"in the year following the year in which the review is conducted, but not later than the date on which the President submits the budget for the next fiscal year to Congress under section 1105(a) of title 31",provision,https://uscode.house.gov/view.xhtml?req=granuleid:USC-prelim-title10-section118a&num=0&edition=prelim,/us/usc/t10/s118a/d/2
10 U.S.C. 118c(e),Secretary of Defense,event-driven,Not later than February 1 of the year following each fiscal year in which the National Defense Strategy is submitted under section 113(g) of this title,provision,https://uscode.house.gov/view.xhtml?req=granuleid:USC-prelim-title10-section118c&num=0&edition=prelim,/us/usc/t10/s118c/e
10 U.S.C. 119(a),Secretary of Defense,annual,March 1 of each year,provision,https://uscode.house.gov/view.xhtml?req=granuleid:USC-prelim-title10-section119&num=0&edition=prelim,/us/usc/t10/s119/a
10 U.S.C. 119(a)(2),Department of Defense,annual,submission of the President's budget for the next fiscal year,provision,https://uscode.house.gov/view.xhtml?req=granuleid:USC-prelim-title10-section119&num=0&edition=prelim,/us/usc/t10/s119/a/2
10 U.S.C. 119(a)(2)(B),not specified,annual,before the fiscal year during which that budget is submitted,provision,https://uscode.house.gov/view.xhtml?req=granuleid:USC-prelim-title10-section119&num=0&edition=prelim,/us/usc/t10/s119/a/2/B
10 U.S.C. 119(b),Secretary of Defense,annual,Not later than February 1 of each year,provision,https://uscode.house.gov/view.xhtml?req=granuleid:USC-prelim-title10-section119&num=0&edition=prelim,/us/usc/t10/s119/b
10 U.S.C. 119a(a),Secretary of Defense,annual,March 1 each year,provision,https://uscode.house.gov/view.xhtml?req=granuleid:USC-prelim-title10-section119a&num=0&edition=prelim,/us/usc/t10/s119a/a
10 U.S.C. 119a(a)(2),the Department,annual,annual,provision,https://uscode.house.gov/view.xhtml?req=granuleid:USC-prelim-title10-section119a&num=0&edition=prelim,/us/usc/t10/s119a/a/2
10 U.S.C. 119a(a)(3),the Department,annual,annually,provision,https://uscode.house.gov/view.xhtml?req=granuleid:USC-prelim-title10-section119a&num=0&edition=prelim,/us/usc/t10/s119a/a/3
10 U.S.C. 119a(b),the Secretary,annual,February 1 each year,provision,https://uscode.house.gov/view.xhtml?req=granuleid:USC-prelim-title10-section119a&num=0&edition=prelim,/us/usc/t10/s119a/b
10 U.S.C. 119a(b)(2),the entity managing programs under alternative compensatory control measures,annual,,provision,https://uscode.house.gov/view.xhtml?req=granuleid:USC-prelim-title10-section119a&num=0&edition=prelim,/us/usc/t10/s119a/b/2
10 U.S.C. 122a note,Secretary of Defense,event-driven,upon issuance of a waiver,note,https://uscode.house.gov/view.xhtml?req=granuleid:USC-prelim-title10-section122a&num=0&edition=prelim,/us/usc/t10/s122a/note/1
10 U.S.C. 125a,Secretary of Defense,annual,At the same time the budget of the President for a fiscal year is submitted to Congress,provision,https://uscode.house.gov/view.xhtml?req=granuleid:USC-prelim-title10-section125a&num=0&edition=prelim,/us/usc/t10/s125a
10 U.S.C. 12681 note,Secretary of the Army,semiannual,Not later than April 15 and October 15 of each calendar year while the off-site agreement is in effect,note,https://uscode.house.gov/view.xhtml?req=granuleid:USC-prelim-title10-section12681&num=0&edition=prelim,/us/usc/t10/s12681/note/1
10 U.S.C. 127b(f),Secretary of Defense,annual,Not later than February 1 of each year,provision,https://uscode.house.gov/view.xhtml?req=granuleid:USC-prelim-title10-section127b&num=0&edition=prelim,/us/usc/t10/s127b/f
10 U.S.C. 127c,Secretary of Defense,semiannual,not later than 30 days after the end of the six-month period during which the authority is used,provision,https://uscode.house.gov/view.xhtml?req=granuleid:USC-prelim-title10-section127c&num=0&edition=prelim,/us/usc/t10/s127c
10 U.S.C. 127d(i),the Secretary,biennial,not later than 120 days after the close of each fiscal year; not later than 180 days after the submittal of each report required by paragraph (1),provision,https://uscode.house.gov/view.xhtml?req=granuleid:USC-prelim-title10-section127d&num=0&edition=prelim,/us/usc/t10/s127d/i
10 U.S.C. 127d(j),the Secretary,quarterly,,provision,https://uscode.house.gov/view.xhtml?req=granuleid:USC-prelim-title10-section127d&num=0&edition=prelim,/us/usc/t10/s127d/j
10 U.S.C. 127e(i),the Secretary,biennial,"Not later than 120 days after the last day of each fiscal year, and not later than six months after the date of the submittal of the report most recently submitted under paragraph (1)",provision,https://uscode.house.gov/view.xhtml?req=granuleid:USC-prelim-title10-section127e&num=0&edition=prelim,/us/usc/t10/s127e/i
10 U.S.C. 127e(i)(1),the Secretary,annual,not later than 120 days after the last day of each fiscal year,provision,https://uscode.house.gov/view.xhtml?req=granuleid:USC-prelim-title10-section127e&num=0&edition=prelim,/us/usc/t10/s127e/i/1
10 U.S.C. 127f(f),Assistant Secretary of Defense for Special Operations and Low Intensity Conflict,quarterly,quarterly,provision,https://uscode.house.gov/view.xhtml?req=granuleid:USC-prelim-title10-section127f&num=0&edition=prelim,/us/usc/t10/s127f/f
10 U.S.C. 127f(g),Secretary of Defense,annual,Not later than December 31 each year,provision,https://uscode.house.gov/view.xhtml?req=granuleid:USC-prelim-title10-section127f&num=0&edition=prelim,/us/usc/t10/s127f/g
10 U.S.C. 133a note,Under Secretary of Defense for Research and Engineering and the Under Secretary of Defense for Acquisition and Sustainment,semiannual,March 1 and September 1 of each year,note,https://uscode.house.gov/view.xhtml?req=granuleid:USC-prelim-title10-section133a&num=0&edition=prelim,/us/usc/t10/s133a/note/0
10 U.S.C. 139a(g),Director of Cost Assessment and Program Evaluation,annual,"Not later than February 1, 2024, and annually thereafter",provision,https://uscode.house.gov/view.xhtml?req=granuleid:USC-prelim-title10-section139a&num=0&edition=prelim,/us/usc/t10/s139a/g
10 U.S.C. 139a(g)(3),Director of Cost Assessment and Program Evaluation,event-driven,not later than 15 days after the submission of each report required by paragraph (1),provision,https://uscode.house.gov/view.xhtml?req=granuleid:USC-prelim-title10-section139a&num=0&edition=prelim,/us/usc/t10/s139a/g/3
10 U.S.C. 139a(h),Director of Cost Assessment and Program Evaluation,quarterly,not later than 30 days after the date of the enactment of this subsection,provision,https://uscode.house.gov/view.xhtml?req=granuleid:USC-prelim-title10-section139a&num=0&edition=prelim,/us/usc/t10/s139a/h
10 U.S.C. 148(d),Secretary of Defense,annual,fiscal year 2027 and each fiscal year thereafter,provision,https://uscode.house.gov/view.xhtml?req=granuleid:USC-prelim-title10-section148&num=0&edition=prelim,/us/usc/t10/s148/d
10 U.S.C. 149(e)(7),Secretary of Defense,annual,not later than the first Monday in February of a fiscal year,provision,https://uscode.house.gov/view.xhtml?req=granuleid:USC-prelim-title10-section149&num=0&edition=prelim,/us/usc/t10/s149/e/7
10 U.S.C. 149(f)(4),Director of the Office of Strategic Capital; Inspector General of the Department of Defense,annual,March 1 of each year; 180 days after the end of fiscal year 2027,provision,https://uscode.house.gov/view.xhtml?req=granuleid:USC-prelim-title10-section149&num=0&edition=prelim,/us/usc/t10/s149/f/4
10 U.S.C. 1491(g),Secretary of Defense,annual,not later than January 31 of each year beginning with 2001 and ending with 2005,provision,https://uscode.house.gov/view.xhtml?req=granuleid:USC-prelim-title10-section1491&num=0&edition=prelim,/us/usc/t10/s1491/g
10 U.S.C. 1557(e),the Secretary of the military department concerned,event-driven,not later than June 1 following any fiscal year during which the Corrections Board of that Secretary’s military department was unable to meet the applicable timeliness standard,provision,https://uscode.house.gov/view.xhtml?req=granuleid:USC-prelim-title10-section1557&num=0&edition=prelim,/us/usc/t10/s1557/e
10 U.S.C. 1561b,Secretary of Defense and the Secretary of the department in which the Coast Guard is operating when not operating as a service in the Navy,biennial,"April 30, 2023, and April 30 every two years thereafter (for DoD); April 30, 2026, and April 30 every 2 years thereafter (for Coast Guard)",provision,https://uscode.house.gov/view.xhtml?req=granuleid:USC-prelim-title10-section1561b&num=0&edition=prelim,/us/usc/t10/s1561b
10 U.S.C. 1561b(e),Secretary of the department in which the Coast Guard is operating,biennial,"April 30, 2026, and April 30 every 2 years thereafter",provision,https://uscode.house.gov/view.xhtml?req=granuleid:USC-prelim-title10-section1561b&num=0&edition=prelim,/us/usc/t10/s1561b/e
10 U.S.C. 1566(c),the Inspector General of the Department of Defense,annual,Not later than March 31 each year,provision,https://uscode.house.gov/view.xhtml?req=granuleid:USC-prelim-title10-section1566&num=0&edition=prelim,/us/usc/t10/s1566/c
10 U.S.C. 1599f(h),"Director of the Office of Personnel Management, in coordination with the Secretary",annual,Not later than one year after the date of the enactment of this section,provision,https://uscode.house.gov/view.xhtml?req=granuleid:USC-prelim-title10-section1599f&num=0&edition=prelim,/us/usc/t10/s1599f/h
10 U.S.C. 1603(c),Secretary of Defense,annual,"Not later than December 31, 2020, and each year thereafter",provision,https://uscode.house.gov/view.xhtml?req=granuleid:USC-prelim-title10-section1603&num=0&edition=prelim,/us/usc/t10/s1603/c
10 U.S.C. 171a(e),"Council on Oversight of the National Leadership Command, Control, and Communications System",annual,at the same time each year that the budget of the President is submitted to Congress,provision,https://uscode.house.gov/view.xhtml?req=granuleid:USC-prelim-title10-section171a&num=0&edition=prelim,/us/usc/t10/s171a/e
10 U.S.C. 171a(i),Secretary of Defense and the Chairman of the Joint Chiefs of Staff,annual,"Not later than March 1, 2017, and each year thereafter",provision,https://uscode.house.gov/view.xhtml?req=granuleid:USC-prelim-title10-section171a&num=0&edition=prelim,/us/usc/t10/s171a/i
10 U.S.C. 171a(j)(2),the co-chairs of the Council,semiannual,not later than seven days after the end of each semiannual period,provision,https://uscode.house.gov/view.xhtml?req=granuleid:USC-prelim-title10-section171a&num=0&edition=prelim,/us/usc/t10/s171a/j/2
10 U.S.C. 172(e),the chair,annual,,provision,https://uscode.house.gov/view.xhtml?req=granuleid:USC-prelim-title10-section172&num=0&edition=prelim,/us/usc/t10/s172/e
10 U.S.C. 1746a(e),President of the Defense Acquisition University,annual,"Not later than September 30, 2022, and annually thereafter",provision,https://uscode.house.gov/view.xhtml?req=granuleid:USC-prelim-title10-section1746a&num=0&edition=prelim,/us/usc/t10/s1746a/e
10 U.S.C. 1781c(g),Secretary of Defense,annual,April 30 each year,provision,https://uscode.house.gov/view.xhtml?req=granuleid:USC-prelim-title10-section1781c&num=0&edition=prelim,/us/usc/t10/s1781c/g
10 U.S.C. 1781c note,the foundation,annual,each year,note,https://uscode.house.gov/view.xhtml?req=granuleid:USC-prelim-title10-section1781c&num=0&edition=prelim,/us/usc/t10/s1781c/note/4
10 U.S.C. 1784(h),the Secretary of Defense,annual,Not later than February 28 each year,provision,https://uscode.house.gov/view.xhtml?req=granuleid:USC-prelim-title10-section1784&num=0&edition=prelim,/us/usc/t10/s1784/h
10 U.S.C. 1792 note,"the Secretary of Defense, in collaboration with the Secretaries of the military departments",annual,"Not later than 180 days after the date of the enactment of this Act [Dec. 23, 2024]",note,https://uscode.house.gov/view.xhtml?req=granuleid:USC-prelim-title10-section1792&num=0&edition=prelim,/us/usc/t10/s1792/note/1
10 U.S.C. 184,Secretary of Defense,annual,,provision,https://uscode.house.gov/view.xhtml?req=granuleid:USC-prelim-title10-section184&num=0&edition=prelim,/us/usc/t10/s184
10 U.S.C. 193(a),Chairman of the Joint Chiefs of Staff,biennial,not less often than every two years,provision,https://uscode.house.gov/view.xhtml?req=granuleid:USC-prelim-title10-section193&num=0&edition=prelim,/us/usc/t10/s193/a
10 U.S.C. 198,Director of the Office of Local Defense Community Cooperation,annual,Not later than June 1 each year,provision,https://uscode.house.gov/view.xhtml?req=granuleid:USC-prelim-title10-section198&num=0&edition=prelim,/us/usc/t10/s198
10 U.S.C. 199(g),the Director,annual,,provision,https://uscode.house.gov/view.xhtml?req=granuleid:USC-prelim-title10-section199&num=0&edition=prelim,/us/usc/t10/s199/g
10 U.S.C. 2004c(j),the Secretary of Defense,annual,"Not later than March 31, 2027, and annually thereafter for five years",provision,https://uscode.house.gov/view.xhtml?req=granuleid:USC-prelim-title10-section2004c&num=0&edition=prelim,/us/usc/t10/s2004c/j
10 U.S.C. 20203(b),Secretary of the Air Force,annual,December 1 of each year,provision,https://uscode.house.gov/view.xhtml?req=granuleid:USC-prelim-title10-section20203&num=0&edition=prelim,/us/usc/t10/s20203/b
10 U.S.C. 2031(j),Secretary of Defense,annual,"March 31, 2024, and annually thereafter through March 31, 2029",provision,https://uscode.house.gov/view.xhtml?req=granuleid:USC-prelim-title10-section2031&num=0&edition=prelim,/us/usc/t10/s2031/j
10 U.S.C. 20701,Secretary of the Air Force,annual,December 31 of each year,provision,https://uscode.house.gov/view.xhtml?req=granuleid:USC-prelim-title10-section20701&num=0&edition=prelim,/us/usc/t10/s20701
10 U.S.C. 2111 note,Secretary of the Army,other,not later than Feb. 1 in each of 1998 and 1999,note,https://uscode.house.gov/view.xhtml?req=granuleid:USC-prelim-title10-section2111&num=0&edition=prelim,/us/usc/t10/s2111/note/0
10 U.S.C. 2141 note,Secretary of Defense,quarterly,"quarterly for fiscal year 1981; not later than Dec. 31, 1981",note,https://uscode.house.gov/view.xhtml?req=granuleid:USC-prelim-title10-section2141&num=0&edition=prelim,/us/usc/t10/s2141/note/3
10 U.S.C. 2162,Secretary of Defense,annual,annual budget request cycle,provision,https://uscode.house.gov/view.xhtml?req=granuleid:USC-prelim-title10-section2162&num=0&edition=prelim,/us/usc/t10/s2162
10 U.S.C. 2164b,the Secretary,annual,"Not later than April 1, 2025, and 90 days before announcing new installations",provision,https://uscode.house.gov/view.xhtml?req=granuleid:USC-prelim-title10-section2164b&num=0&edition=prelim,/us/usc/t10/s2164b
10 U.S.C. 2164c(h),Secretary of Defense,annual,"Not later than one year after the date of the enactment of this section, and annually thereafter for four years",provision,https://uscode.house.gov/view.xhtml?req=granuleid:USC-prelim-title10-section2164c&num=0&edition=prelim,/us/usc/t10/s2164c/h
10 U.S.C. 2167,Secretary of Defense,annual,before the start of that academic year,provision,https://uscode.house.gov/view.xhtml?req=granuleid:USC-prelim-title10-section2167&num=0&edition=prelim,/us/usc/t10/s2167
10 U.S.C. 2203,Secretary of Defense,annual,each fiscal year,provision,https://uscode.house.gov/view.xhtml?req=granuleid:USC-prelim-title10-section2203&num=0&edition=prelim,/us/usc/t10/s2203
10 U.S.C. 222,Secretary of Defense,annual,for each fiscal year,provision,https://uscode.house.gov/view.xhtml?req=granuleid:USC-prelim-title10-section222&num=0&edition=prelim,/us/usc/t10/s222
10 U.S.C. 2229,Secretary of Defense,annual,not later than the date of the submission of the President's budget request for a fiscal year,provision,https://uscode.house.gov/view.xhtml?req=granuleid:USC-prelim-title10-section2229&num=0&edition=prelim,/us/usc/t10/s2229
10 U.S.C. 2229a(a),Secretary of Defense,annual,Not later than the date of the submission of the President’s budget request for a fiscal year under section 1105 of title 31,provision,https://uscode.house.gov/view.xhtml?req=granuleid:USC-prelim-title10-section2229a&num=0&edition=prelim,/us/usc/t10/s2229a/a
10 U.S.C. 2229a(b)(1),Comptroller General,event-driven,,provision,https://uscode.house.gov/view.xhtml?req=granuleid:USC-prelim-title10-section2229a&num=0&edition=prelim,/us/usc/t10/s2229a/b/1
10 U.S.C. 2229a note,,annual,,note,https://uscode.house.gov/view.xhtml?req=granuleid:USC-prelim-title10-section2229a&num=0&edition=prelim,/us/usc/t10/s2229a/note/0
10 U.S.C. 2229b(d),"the Deputy Secretary of Defense, the Vice Chair of the Joint Chiefs of Staff, and the Commander of the United States Transportation Command, or their representatives",quarterly,Not later than 180 days after the date of the enactment of this section,provision,https://uscode.house.gov/view.xhtml?req=granuleid:USC-prelim-title10-section2229b&num=0&edition=prelim,/us/usc/t10/s2229b/d
10 U.S.C. 222a(a),each officer specified in subsection (b),annual,not later than 10 days after the date on which the budget of the President for a fiscal year is submitted to Congress,provision,https://uscode.house.gov/view.xhtml?req=granuleid:USC-prelim-title10-section222a&num=0&edition=prelim,/us/usc/t10/s222a/a
10 U.S.C. 222a(c),the officer specified under subsection (b)(7),annual,,provision,https://uscode.house.gov/view.xhtml?req=granuleid:USC-prelim-title10-section222a&num=0&edition=prelim,/us/usc/t10/s222a/c
10 U.S.C. 222a(c)(3)(B),Secretary of Defense,event-driven,,provision,https://uscode.house.gov/view.xhtml?req=granuleid:USC-prelim-title10-section222a&num=0&edition=prelim,/us/usc/t10/s222a/c/3/B
10 U.S.C. 222a(d),Secretary of Defense,annual,Not later than 10 days after the receipt of all of the reports referred to in subsection (a),provision,https://uscode.house.gov/view.xhtml?req=granuleid:USC-prelim-title10-section222a&num=0&edition=prelim,/us/usc/t10/s222a/d
10 U.S.C. 222a note,Under Secretary of Defense for Research and Engineering in coordination with the Under Secretary of Defense for Acquisition and Sustainment,annual,at the time the budget of the President for the fiscal year beginning in such year is submitted to Congress,note,https://uscode.house.gov/view.xhtml?req=granuleid:USC-prelim-title10-section222a&num=0&edition=prelim,/us/usc/t10/s222a/note/1
10 U.S.C. 222c(a),the chief of staff of each armed force (other than the Coast Guard),annual,At the same time each year that the budget for the fiscal year beginning in such year is submitted to Congress,provision,https://uscode.house.gov/view.xhtml?req=granuleid:USC-prelim-title10-section222c&num=0&edition=prelim,/us/usc/t10/s222c/a
10 U.S.C. 222d,Under Secretary of Defense for Acquisition and Sustainment,annual,Not later than 30 days after the submission of all reports required under section 222c(a) of this title,provision,https://uscode.house.gov/view.xhtml?req=granuleid:USC-prelim-title10-section222d&num=0&edition=prelim,/us/usc/t10/s222d
10 U.S.C. 222e,Secretary of Defense,annual,not later than 30 days after the submission of the budget of the President for the fiscal year beginning in such year,provision,https://uscode.house.gov/view.xhtml?req=granuleid:USC-prelim-title10-section222e&num=0&edition=prelim,/us/usc/t10/s222e
10 U.S.C. 222f,Secretary of Defense,annual,Not later than 10 days after the date on which the budget of the President for a fiscal year is submitted to Congress,provision,https://uscode.house.gov/view.xhtml?req=granuleid:USC-prelim-title10-section222f&num=0&edition=prelim,/us/usc/t10/s222f
10 U.S.C. 223a,Secretary of Defense,annual,In the budget justification materials submitted to Congress in support of the Department of Defense budget for any fiscal year,provision,https://uscode.house.gov/view.xhtml?req=granuleid:USC-prelim-title10-section223a&num=0&edition=prelim,/us/usc/t10/s223a
10 U.S.C. 2246,Secretary of the military department concerned,annual,not later than the last day of that fiscal year,provision,https://uscode.house.gov/view.xhtml?req=granuleid:USC-prelim-title10-section2246&num=0&edition=prelim,/us/usc/t10/s2246
10 U.S.C. 227,each Secretary of a military department,annual,along with the budget for each fiscal year submitted by the President,provision,https://uscode.house.gov/view.xhtml?req=granuleid:USC-prelim-title10-section227&num=0&edition=prelim,/us/usc/t10/s227
10 U.S.C. 2276a(e),the Secretary of a military department,annual,not later than 90 days after the last day of each such fiscal year,provision,https://uscode.house.gov/view.xhtml?req=granuleid:USC-prelim-title10-section2276a&num=0&edition=prelim,/us/usc/t10/s2276a/e
10 U.S.C. 2278(a)(2),the Commander,monthly,not later than the tenth day of each month following the month in which the first notice under paragraph (1) was provided,provision,https://uscode.house.gov/view.xhtml?req=granuleid:USC-prelim-title10-section2278&num=0&edition=prelim,/us/usc/t10/s2278/a/2
10 U.S.C. 2279b(e),"Council on Oversight of the Department of Defense Positioning, Navigation, and Timing Enterprise",annual,At the same time each year that the budget of the President is submitted to Congress under section 1105(a) of title 31,provision,https://uscode.house.gov/view.xhtml?req=granuleid:USC-prelim-title10-section2279b&num=0&edition=prelim,/us/usc/t10/s2279b/e
10 U.S.C. 229(a),Secretary of Defense,annual,as part of the documentation that supports the President’s annual budget,provision,https://uscode.house.gov/view.xhtml?req=granuleid:USC-prelim-title10-section229&num=0&edition=prelim,/us/usc/t10/s229/a
10 U.S.C. 229(c)(2),the Secretary,annual,as part of the budget display under subsection (a) for any fiscal year,provision,https://uscode.house.gov/view.xhtml?req=granuleid:USC-prelim-title10-section229&num=0&edition=prelim,/us/usc/t10/s229/c/2
10 U.S.C. 229 note,Secretary of Defense,annual,as part of the budget justification materials submitted to Congress in support of the President’s budget for a fiscal year or a request for supplemental appropriations,note,https://uscode.house.gov/view.xhtml?req=granuleid:USC-prelim-title10-section229&num=0&edition=prelim,/us/usc/t10/s229/note/1
10 U.S.C. 231(a),Secretary of the Navy,annual,with the defense budget materials for a fiscal year,provision,https://uscode.house.gov/view.xhtml?req=granuleid:USC-prelim-title10-section231&num=0&edition=prelim,/us/usc/t10/s231/a
10 U.S.C. 231(d),Secretary of Defense,annual,with the defense budget materials for a fiscal year,provision,https://uscode.house.gov/view.xhtml?req=granuleid:USC-prelim-title10-section231&num=0&edition=prelim,/us/usc/t10/s231/d
10 U.S.C. 231a(a),Secretary of Defense,annual,Not later than 30 days after the date on which the President submits to Congress the budget for a fiscal year,provision,https://uscode.house.gov/view.xhtml?req=granuleid:USC-prelim-title10-section231a&num=0&edition=prelim,/us/usc/t10/s231a/a
10 U.S.C. 233a,Secretary of Defense,annual,Not later than 10 days after the date on which the budget of the President for a fiscal year is submitted to Congress,provision,https://uscode.house.gov/view.xhtml?req=granuleid:USC-prelim-title10-section233a&num=0&edition=prelim,/us/usc/t10/s233a
10 U.S.C. 2350j(f),Secretary of Defense,annual,January 15 each year,provision,https://uscode.house.gov/view.xhtml?req=granuleid:USC-prelim-title10-section2350j&num=0&edition=prelim,/us/usc/t10/s2350j/f
10 U.S.C. 2350m,Secretary of Defense,annual,not later than 30 days after the end of each fiscal year in which the authority under this section is in effect,provision,https://uscode.house.gov/view.xhtml?req=granuleid:USC-prelim-title10-section2350m&num=0&edition=prelim,/us/usc/t10/s2350m
10 U.S.C. 2350p,Secretary of Defense,annual,not later than 15 days after the date on which the Secretary of Defense makes the certification,provision,https://uscode.house.gov/view.xhtml?req=granuleid:USC-prelim-title10-section2350p&num=0&edition=prelim,/us/usc/t10/s2350p
10 U.S.C. 236,Secretary of Defense,annual,each fiscal year after fiscal year 2014,provision,https://uscode.house.gov/view.xhtml?req=granuleid:USC-prelim-title10-section236&num=0&edition=prelim,/us/usc/t10/s236
10 U.S.C. 237,Secretary of Defense,annual,as a part of the documentation that supports the President’s annual budget,provision,https://uscode.house.gov/view.xhtml?req=granuleid:USC-prelim-title10-section237&num=0&edition=prelim,/us/usc/t10/s237
10 U.S.C. 238,Secretary of Defense,annual,not later than five days after the submission by the President under section 1105(a) of title 31 of the budget (electronic); 21 days (print),provision,https://uscode.house.gov/view.xhtml?req=granuleid:USC-prelim-title10-section238&num=0&edition=prelim,/us/usc/t10/s238
10 U.S.C. 2392,Secretary of the Air Force (or a designee),quarterly,"Not later than 90 days after the date of the enactment of this section, and quarterly thereafter; and not later than seven days after the effective date of a change",provision,https://uscode.house.gov/view.xhtml?req=granuleid:USC-prelim-title10-section2392&num=0&edition=prelim,/us/usc/t10/s2392
10 U.S.C. 239e,Secretary of Defense,annual,each of fiscal years 2025 through 2030,provision,https://uscode.house.gov/view.xhtml?req=granuleid:USC-prelim-title10-section239e&num=0&edition=prelim,/us/usc/t10/s239e
10 U.S.C. 240d,independent external auditors,annual,each year,provision,https://uscode.house.gov/view.xhtml?req=granuleid:USC-prelim-title10-section240d&num=0&edition=prelim,/us/usc/t10/s240d
10 U.S.C. 240i,Under Secretary of Defense (Comptroller),annual,not later than 10 days after the date on which the budget of the President for a fiscal year is submitted to Congress,provision,https://uscode.house.gov/view.xhtml?req=granuleid:USC-prelim-title10-section240i&num=0&edition=prelim,/us/usc/t10/s240i
10 U.S.C. 2464(d),Secretary of Defense,biennial,April 1 of each even-numbered year,provision,https://uscode.house.gov/view.xhtml?req=granuleid:USC-prelim-title10-section2464&num=0&edition=prelim,/us/usc/t10/s2464/d
10 U.S.C. 2473,each Secretary of a military department,annual,as part of the annual budget submission of the President,provision,https://uscode.house.gov/view.xhtml?req=granuleid:USC-prelim-title10-section2473&num=0&edition=prelim,/us/usc/t10/s2473
10 U.S.C. 2476(e),the Secretary of Defense,annual,not later than 45 days after the date on which the President submits to Congress the budget for a fiscal year under section 1105 of title 31,provision,https://uscode.house.gov/view.xhtml?req=granuleid:USC-prelim-title10-section2476&num=0&edition=prelim,/us/usc/t10/s2476/e
10 U.S.C. 2610(d),the Secretary,annual,At the end of each year,provision,https://uscode.house.gov/view.xhtml?req=granuleid:USC-prelim-title10-section2610&num=0&edition=prelim,/us/usc/t10/s2610/d
10 U.S.C. 2679(e)(3),the Secretary concerned,annual,not less frequently than annually for each fiscal year of the pilot program,provision,https://uscode.house.gov/view.xhtml?req=granuleid:USC-prelim-title10-section2679&num=0&edition=prelim,/us/usc/t10/s2679/e/3
10 U.S.C. 2680,each Secretary of each military department,annual,as part of the annual budget submission of the President,provision,https://uscode.house.gov/view.xhtml?req=granuleid:USC-prelim-title10-section2680&num=0&edition=prelim,/us/usc/t10/s2680
10 U.S.C. 2687a(a)(1),Secretary of Defense,annual,At the same time that the budget is submitted under section 1105(a) of title 31 for a fiscal year,provision,https://uscode.house.gov/view.xhtml?req=granuleid:USC-prelim-title10-section2687a&num=0&edition=prelim,/us/usc/t10/s2687a/a/1
10 U.S.C. 2687a(a)(2),Department of Defense,annual,during the previous fiscal year,provision,https://uscode.house.gov/view.xhtml?req=granuleid:USC-prelim-title10-section2687a&num=0&edition=prelim,/us/usc/t10/s2687a/a/2
10 U.S.C. 2687a(b),Secretary of Defense,annual,Not later than December 1 of each year,provision,https://uscode.house.gov/view.xhtml?req=granuleid:USC-prelim-title10-section2687a&num=0&edition=prelim,/us/usc/t10/s2687a/b
10 U.S.C. 2687a(d),Secretary of Defense,annual,Each year,provision,https://uscode.house.gov/view.xhtml?req=granuleid:USC-prelim-title10-section2687a&num=0&edition=prelim,/us/usc/t10/s2687a/d
10 U.S.C. 271 note,Secretary of Defense,annual,December 31 of each year in which the authority in subsection (a) is in effect,note,https://uscode.house.gov/view.xhtml?req=granuleid:USC-prelim-title10-section271&num=0&edition=prelim,/us/usc/t10/s271/note/1
10 U.S.C. 2710 note,Secretary of Defense,event-driven,upon such indication of contamination or risk,note,https://uscode.house.gov/view.xhtml?req=granuleid:USC-prelim-title10-section2710&num=0&edition=prelim,/us/usc/t10/s2710/note/2
10 U.S.C. 2716,Secretary of Defense,annual,concurrent with the submission to Congress of the budget of the President,provision,https://uscode.house.gov/view.xhtml?req=granuleid:USC-prelim-title10-section2716&num=0&edition=prelim,/us/usc/t10/s2716
10 U.S.C. 2731 note,Secretary of Defense,annual,,note,https://uscode.house.gov/view.xhtml?req=granuleid:USC-prelim-title10-section2731&num=0&edition=prelim,/us/usc/t10/s2731/note/1
10 U.S.C. 2733a(j),the Secretary of Defense,annual,not less frequently than annually until 2028,provision,https://uscode.house.gov/view.xhtml?req=granuleid:USC-prelim-title10-section2733a&num=0&edition=prelim,/us/usc/t10/s2733a/j
10 U.S.C. 2808a,Secretary of Defense,biennial,"Not later than 180 days after the date of enactment of this section, and biannually thereafter",provision,https://uscode.house.gov/view.xhtml?req=granuleid:USC-prelim-title10-section2808a&num=0&edition=prelim,/us/usc/t10/s2808a
10 U.S.C. 2810(e),each Secretary of a military department and the Secretary of Defense,annual,along with the budget for each fiscal year submitted by the President pursuant to section 1105(a) of title 31,provision,https://uscode.house.gov/view.xhtml?req=granuleid:USC-prelim-title10-section2810&num=0&edition=prelim,/us/usc/t10/s2810/e
10 U.S.C. 2810(f)(3)(A),Secretary of Defense,annual,in connection with the budget for a fiscal year submitted under 1105 of title 31,provision,https://uscode.house.gov/view.xhtml?req=granuleid:USC-prelim-title10-section2810&num=0&edition=prelim,/us/usc/t10/s2810/f/3/A
10 U.S.C. 2815a(f),each Secretary concerned,annual,not later than 90 days after the end of each fiscal year,provision,https://uscode.house.gov/view.xhtml?req=granuleid:USC-prelim-title10-section2815a&num=0&edition=prelim,/us/usc/t10/s2815a/f
10 U.S.C. 2819,each Secretary concerned,annual,along with the budget for fiscal year 2027,provision,https://uscode.house.gov/view.xhtml?req=granuleid:USC-prelim-title10-section2819&num=0&edition=prelim,/us/usc/t10/s2819
10 U.S.C. 2820(a),each Secretary concerned,other,"not later than the date on which the budget of the President for fiscal year 2027 is submitted to Congress, and once every five years thereafter",provision,https://uscode.house.gov/view.xhtml?req=granuleid:USC-prelim-title10-section2820&num=0&edition=prelim,/us/usc/t10/s2820/a
10 U.S.C. 2820(a)(1),each Secretary concerned,multi-year,"not later than the date on which the budget of the President for fiscal year 2027 is submitted to Congress, and once every five years thereafter",provision,https://uscode.house.gov/view.xhtml?req=granuleid:USC-prelim-title10-section2820&num=0&edition=prelim,/us/usc/t10/s2820/a/1
10 U.S.C. 2820(a)(1)(C)(i),each Secretary concerned,other,"not later than the date on which the budget of the President for fiscal year 2027 is submitted to Congress, and once every five years thereafter",provision,https://uscode.house.gov/view.xhtml?req=granuleid:USC-prelim-title10-section2820&num=0&edition=prelim,/us/usc/t10/s2820/a/1/C/i
10 U.S.C. 2835(b),Secretary of Defense and Secretary of Homeland Security (for Coast Guard),annual,in connection with the budget submitted pursuant to section 1105 of title 31 for each fiscal year,provision,https://uscode.house.gov/view.xhtml?req=granuleid:USC-prelim-title10-section2835&num=0&edition=prelim,/us/usc/t10/s2835/b
10 U.S.C. 2835(b)(2),Secretary of Defense and the Secretary of Homeland Security with respect to the Coast Guard,annual,in connection with the budget submitted pursuant to section 1105 of title 31,provision,https://uscode.house.gov/view.xhtml?req=granuleid:USC-prelim-title10-section2835&num=0&edition=prelim,/us/usc/t10/s2835/b/2
10 U.S.C. 284(h)(3),the Secretary,quarterly,during the quarter preceding the quarter during which the report is submitted,provision,https://uscode.house.gov/view.xhtml?req=granuleid:USC-prelim-title10-section284&num=0&edition=prelim,/us/usc/t10/s284/h/3
10 U.S.C. 2856a(b),the Secretary of Defense,annual,"Not later than March 1, 2025, and annually thereafter not later than 15 days after the submission of the budget of the President to Congress",provision,https://uscode.house.gov/view.xhtml?req=granuleid:USC-prelim-title10-section2856a&num=0&edition=prelim,/us/usc/t10/s2856a/b
10 U.S.C. 2857,Secretary of Defense,annual,Not later than 90 days after the end of each calendar year,provision,https://uscode.house.gov/view.xhtml?req=granuleid:USC-prelim-title10-section2857&num=0&edition=prelim,/us/usc/t10/s2857
10 U.S.C. 2864(d),Secretary of Defense,annual,March 1 of each year,provision,https://uscode.house.gov/view.xhtml?req=granuleid:USC-prelim-title10-section2864&num=0&edition=prelim,/us/usc/t10/s2864/d
10 U.S.C. 2866a(g),Secretary of Defense,annual,"180 days after enactment, and annually thereafter not later than the date of President's budget",provision,https://uscode.house.gov/view.xhtml?req=granuleid:USC-prelim-title10-section2866a&num=0&edition=prelim,/us/usc/t10/s2866a/g
10 U.S.C. 2884(b),Secretary of Defense,annual,each year in the materials that the Secretary submits to Congress in support of the budget,provision,https://uscode.house.gov/view.xhtml?req=granuleid:USC-prelim-title10-section2884&num=0&edition=prelim,/us/usc/t10/s2884/b
10 U.S.C. 2884(c)(1),Secretary of Defense,semiannual,semi-annual,provision,https://uscode.house.gov/view.xhtml?req=granuleid:USC-prelim-title10-section2884&num=0&edition=prelim,/us/usc/t10/s2884/c/1
10 U.S.C. 2884(d),each Secretary concerned,annual,Not later than February 1 of each year,provision,https://uscode.house.gov/view.xhtml?req=granuleid:USC-prelim-title10-section2884&num=0&edition=prelim,/us/usc/t10/s2884/d
10 U.S.C. 2922j,Secretary of Defense,annual,not less frequently than annually,provision,https://uscode.house.gov/view.xhtml?req=granuleid:USC-prelim-title10-section2922j&num=0&edition=prelim,/us/usc/t10/s2922j
10 U.S.C. 2926(d)(7),the working group under paragraph (1),annual,February 1 of each year,provision,https://uscode.house.gov/view.xhtml?req=granuleid:USC-prelim-title10-section2926&num=0&edition=prelim,/us/usc/t10/s2926/d/7
10 U.S.C. 2926(e),"Assistant Secretary of Defense for Energy, Installations, and Environment",multi-year,"not later than 30 days after the date on which the budget for fiscal year 2024 is submitted to Congress, and every five years thereafter",provision,https://uscode.house.gov/view.xhtml?req=granuleid:USC-prelim-title10-section2926&num=0&edition=prelim,/us/usc/t10/s2926/e
10 U.S.C. 2926(f),Secretary of Defense,annual,Not later than 30 days after the date on which the budget for a fiscal year is submitted to Congress pursuant to section 1105 of title 31,provision,https://uscode.house.gov/view.xhtml?req=granuleid:USC-prelim-title10-section2926&num=0&edition=prelim,/us/usc/t10/s2926/f
10 U.S.C. 301 note,Secretary of Defense,annual,Not later than 90 days after the end of each of fiscal years 2023 through 2027,note,https://uscode.house.gov/view.xhtml?req=granuleid:USC-prelim-title10-section301&num=0&edition=prelim,/us/usc/t10/s301/note/8
10 U.S.C. 301 note,Secretary of Defense,annual,Not later than 180 days after the date of the enactment of this Act,note,https://uscode.house.gov/view.xhtml?req=granuleid:USC-prelim-title10-section301&num=0&edition=prelim,/us/usc/t10/s301/note/9
10 U.S.C. 3072,Comptroller General of the United States,annual,March 30th of each year from 2020 through 2029,provision,https://uscode.house.gov/view.xhtml?req=granuleid:USC-prelim-title10-section3072&num=0&edition=prelim,/us/usc/t10/s3072
10 U.S.C. 311 note,the Secretary of Defense,event-driven,Not later than 15 days after receiving a notification under paragraph (2)(D),note,https://uscode.house.gov/view.xhtml?req=granuleid:USC-prelim-title10-section311&num=0&edition=prelim,/us/usc/t10/s311/note/0
10 U.S.C. 311 note,the Secretary of Defense,annual,not later than March 1 of each year during which the Secretary has authority to carry out the pilot program,note,https://uscode.house.gov/view.xhtml?req=granuleid:USC-prelim-title10-section311&num=0&edition=prelim,/us/usc/t10/s311/note/2
10 U.S.C. 3138(d),The Secretary,annual,not later than 30 days after the date on which the budget for the next fiscal year is submitted pursuant to section 1105 of title 31,provision,https://uscode.house.gov/view.xhtml?req=granuleid:USC-prelim-title10-section3138&num=0&edition=prelim,/us/usc/t10/s3138/d
10 U.S.C. 3138(e),Comptroller General,annual,Not later than 120 days after the date on which the Secretary submits to Congress the report required under subsection (d) for any year,provision,https://uscode.house.gov/view.xhtml?req=granuleid:USC-prelim-title10-section3138&num=0&edition=prelim,/us/usc/t10/s3138/e
10 U.S.C. 3153 note,the Secretary of Defense and the Secretary of State,annual,"Not later than 30 days after the end of a fiscal year in which covered support, supplies, and services are provided or exchanged pursuant to an agreement under this section",note,https://uscode.house.gov/view.xhtml?req=granuleid:USC-prelim-title10-section3153&num=0&edition=prelim,/us/usc/t10/s3153/note/0
10 U.S.C. 321(e),the Secretary of Defense,quarterly,during the preceding 90-day period,provision,https://uscode.house.gov/view.xhtml?req=granuleid:USC-prelim-title10-section321&num=0&edition=prelim,/us/usc/t10/s321/e
10 U.S.C. 322,the Secretary of Defense,annual,Not later than April 1 of each year,provision,https://uscode.house.gov/view.xhtml?req=granuleid:USC-prelim-title10-section322&num=0&edition=prelim,/us/usc/t10/s322
10 U.S.C. 3241(f),the Secretary of Defense,annual,"Not later than March 1, 2028",provision,https://uscode.house.gov/view.xhtml?req=granuleid:USC-prelim-title10-section3241&num=0&edition=prelim,/us/usc/t10/s3241/f
10 U.S.C. 3241(g),Secretary of Defense,annual,"Not later than March 1, 2028, and annually thereafter until March 1, 2033",provision,https://uscode.house.gov/view.xhtml?req=granuleid:USC-prelim-title10-section3241&num=0&edition=prelim,/us/usc/t10/s3241/g
10 U.S.C. 331(b),the Secretary of Defense,event-driven,upon designation and upon continuation of designation,provision,https://uscode.house.gov/view.xhtml?req=granuleid:USC-prelim-title10-section331&num=0&edition=prelim,/us/usc/t10/s331/b
10 U.S.C. 331(b)(3),the Secretary,annual,on an annual basis,provision,https://uscode.house.gov/view.xhtml?req=granuleid:USC-prelim-title10-section331&num=0&edition=prelim,/us/usc/t10/s331/b/3
10 U.S.C. 332(b),Secretary of Defense,annual,Not later than February 1 of each year,provision,https://uscode.house.gov/view.xhtml?req=granuleid:USC-prelim-title10-section332&num=0&edition=prelim,/us/usc/t10/s332/b
10 U.S.C. 333(f),Director of the Defense Security Cooperation Agency,semiannual,semi-annual basis,provision,https://uscode.house.gov/view.xhtml?req=granuleid:USC-prelim-title10-section333&num=0&edition=prelim,/us/usc/t10/s333/f
10 U.S.C. 345(e),Secretary of Defense,annual,December 1 of each year,provision,https://uscode.house.gov/view.xhtml?req=granuleid:USC-prelim-title10-section345&num=0&edition=prelim,/us/usc/t10/s345/e
10 U.S.C. 352,Secretary of Defense,annual,Not later than March 15 each year,provision,https://uscode.house.gov/view.xhtml?req=granuleid:USC-prelim-title10-section352&num=0&edition=prelim,/us/usc/t10/s352
10 U.S.C. 3604,Secretary of Defense,biennial,Not later than March 1 and September 1 of each year,provision,https://uscode.house.gov/view.xhtml?req=granuleid:USC-prelim-title10-section3604&num=0&edition=prelim,/us/usc/t10/s3604
10 U.S.C. 3771 note,"Under Secretary of Defense for Acquisition and Sustainment, in coordination with each Secretary of a military department and the Director of the Defense Logistics Agency",annual,"Not later than one year after the date of the enactment of this Act, and annually thereafter until December 31, 2030",note,https://uscode.house.gov/view.xhtml?req=granuleid:USC-prelim-title10-section3771&num=0&edition=prelim,/us/usc/t10/s3771/note/1
10 U.S.C. 381,the Secretary,semiannual,August 31 and February 28,provision,https://uscode.house.gov/view.xhtml?req=granuleid:USC-prelim-title10-section381&num=0&edition=prelim,/us/usc/t10/s381
10 U.S.C. 383,Secretary of Defense,annual,each year,provision,https://uscode.house.gov/view.xhtml?req=granuleid:USC-prelim-title10-section383&num=0&edition=prelim,/us/usc/t10/s383
10 U.S.C. 384(k),Secretary of Defense,biennial,not later than 2 years after the date of the enactment of this subsection,provision,https://uscode.house.gov/view.xhtml?req=granuleid:USC-prelim-title10-section384&num=0&edition=prelim,/us/usc/t10/s384/k
10 U.S.C. 3847,Director of the Defense Contract Audit Agency,annual,Not later than March 30 of each year,provision,https://uscode.house.gov/view.xhtml?req=granuleid:USC-prelim-title10-section3847&num=0&edition=prelim,/us/usc/t10/s3847
10 U.S.C. 386(a),Secretary of Defense,annual,Not later than March 31 of each year,provision,https://uscode.house.gov/view.xhtml?req=granuleid:USC-prelim-title10-section386&num=0&edition=prelim,/us/usc/t10/s386/a
10 U.S.C. 386(b)(4),Department of Defense,annual,annual,provision,https://uscode.house.gov/view.xhtml?req=granuleid:USC-prelim-title10-section386&num=0&edition=prelim,/us/usc/t10/s386/b/4
10 U.S.C. 391a,the Commander of the United States Cyber Command,annual,Not later than 15 days after the date on which the Secretary of Defense submits to Congress the defense budget materials for a fiscal year,provision,https://uscode.house.gov/view.xhtml?req=granuleid:USC-prelim-title10-section391a&num=0&edition=prelim,/us/usc/t10/s391a
10 U.S.C. 391b(h),head of the office of primary responsibility for the Program,annual,December 31 of each year,provision,https://uscode.house.gov/view.xhtml?req=granuleid:USC-prelim-title10-section391b&num=0&edition=prelim,/us/usc/t10/s391b/h
10 U.S.C. 391b(i),head of the office of primary responsibility for the Program,annual,concurrently with the submission of the budget of the President for that fiscal year,provision,https://uscode.house.gov/view.xhtml?req=granuleid:USC-prelim-title10-section391b&num=0&edition=prelim,/us/usc/t10/s391b/i
10 U.S.C. 394,the Secretary of Defense,quarterly,during the quarterly briefing required by section 484 of this title,provision,https://uscode.house.gov/view.xhtml?req=granuleid:USC-prelim-title10-section394&num=0&edition=prelim,/us/usc/t10/s394
10 U.S.C. 394 note,Secretary of Defense,annual,March 1,note,https://uscode.house.gov/view.xhtml?req=granuleid:USC-prelim-title10-section394&num=0&edition=prelim,/us/usc/t10/s394/note/10
10 U.S.C. 394 note,Secretary of Defense,quarterly,not less frequently than quarterly,note,https://uscode.house.gov/view.xhtml?req=granuleid:USC-prelim-title10-section394&num=0&edition=prelim,/us/usc/t10/s394/note/12
10 U.S.C. 394 note,"the Secretary of Defense, acting through the Assistant Secretary of Defense for Cyber Policy",annual,"Not later than September 30, 2025, and annually thereafter until October 1, 2029",note,https://uscode.house.gov/view.xhtml?req=granuleid:USC-prelim-title10-section394&num=0&edition=prelim,/us/usc/t10/s394/note/2
10 U.S.C. 394 note,Chief Digital and Artificial Intelligence Officer,semiannual,"Not later than 120 days after the date of the enactment of this Act, and not less frequently than semiannually thereafter",note,https://uscode.house.gov/view.xhtml?req=granuleid:USC-prelim-title10-section394&num=0&edition=prelim,/us/usc/t10/s394/note/4
10 U.S.C. 396,Secretary of Defense,quarterly,promptly; no later than 48 hours following use; 14 days prior to adoption of changes; immediately/48 hours after verbal notification,provision,https://uscode.house.gov/view.xhtml?req=granuleid:USC-prelim-title10-section396&num=0&edition=prelim,/us/usc/t10/s396
10 U.S.C. 398(b),the Secretary,annual,Not later than 90 days after the last day of any fiscal year during which the Secretary conducts a MISO plan,provision,https://uscode.house.gov/view.xhtml?req=granuleid:USC-prelim-title10-section398&num=0&edition=prelim,/us/usc/t10/s398/b
10 U.S.C. 402,Secretary of State,annual,July 31 each year,provision,https://uscode.house.gov/view.xhtml?req=granuleid:USC-prelim-title10-section402&num=0&edition=prelim,/us/usc/t10/s402
10 U.S.C. 4021 note,Secretary of Defense,annual,"not later than one year after the date of the enactment of this Act, and not less than annually thereafter",note,https://uscode.house.gov/view.xhtml?req=granuleid:USC-prelim-title10-section4021&num=0&edition=prelim,/us/usc/t10/s4021/note/1
10 U.S.C. 4022(c),head of the contracting activity,event-driven,before entering into the agreement,provision,https://uscode.house.gov/view.xhtml?req=granuleid:USC-prelim-title10-section4022&num=0&edition=prelim,/us/usc/t10/s4022/c
10 U.S.C. 407(d),Secretary of Defense,annual,during the preceding fiscal year,provision,https://uscode.house.gov/view.xhtml?req=granuleid:USC-prelim-title10-section407&num=0&edition=prelim,/us/usc/t10/s407/d
10 U.S.C. 4121 note,Secretary of Defense,annual,March 1,note,https://uscode.house.gov/view.xhtml?req=granuleid:USC-prelim-title10-section4121&num=0&edition=prelim,/us/usc/t10/s4121/note/0
10 U.S.C. 4127(e),Director of the Defense Innovation Unit,annual,,provision,https://uscode.house.gov/view.xhtml?req=granuleid:USC-prelim-title10-section4127&num=0&edition=prelim,/us/usc/t10/s4127/e
10 U.S.C. 4142(e),Under Secretary of Defense for Acquisition and Sustainment,annual,"Not later than September 30, 2021, and annually thereafter",provision,https://uscode.house.gov/view.xhtml?req=granuleid:USC-prelim-title10-section4142&num=0&edition=prelim,/us/usc/t10/s4142/e
10 U.S.C. 4171 note,Secretary of a military department or the head of a Defense Agency,event-driven,"Concurrent with the submission of a report required under section 2399(b)(2) of title 10, United States Code",note,https://uscode.house.gov/view.xhtml?req=granuleid:USC-prelim-title10-section4171&num=0&edition=prelim,/us/usc/t10/s4171/note/4
10 U.S.C. 4173(d),Secretary of Defense,multi-year,Not later than 60 days after the date on which the report is submitted to the Secretary of Defense,provision,https://uscode.house.gov/view.xhtml?req=granuleid:USC-prelim-title10-section4173&num=0&edition=prelim,/us/usc/t10/s4173/d
10 U.S.C. 4173(e),Secretary of Defense,annual,not later than March 31 of the year preceding the fiscal year for which such budgets are proposed,provision,https://uscode.house.gov/view.xhtml?req=granuleid:USC-prelim-title10-section4173&num=0&edition=prelim,/us/usc/t10/s4173/e
10 U.S.C. 426(b)(1),the Chairman of the Joint Chiefs of Staff,annual,annual,provision,https://uscode.house.gov/view.xhtml?req=granuleid:USC-prelim-title10-section426&num=0&edition=prelim,/us/usc/t10/s426/b/1
10 U.S.C. 426(b)(2),Under Secretary of Defense for Intelligence and Security,annual,,provision,https://uscode.house.gov/view.xhtml?req=granuleid:USC-prelim-title10-section426&num=0&edition=prelim,/us/usc/t10/s426/b/2
10 U.S.C. 4292 note,Secretary of Defense,event-driven,at least 45 days before the award of a contract pursuant to the determination,note,https://uscode.house.gov/view.xhtml?req=granuleid:USC-prelim-title10-section4292&num=0&edition=prelim,/us/usc/t10/s4292/note/0
10 U.S.C. 429a,Secretary of Defense,annual,Not later than December 31 of each year,provision,https://uscode.house.gov/view.xhtml?req=granuleid:USC-prelim-title10-section429a&num=0&edition=prelim,/us/usc/t10/s429a
10 U.S.C. 430a,Department of Defense executive agent,annual,,provision,https://uscode.house.gov/view.xhtml?req=granuleid:USC-prelim-title10-section430a&num=0&edition=prelim,/us/usc/t10/s430a
10 U.S.C. 430a(b),The Secretary,annual,,provision,https://uscode.house.gov/view.xhtml?req=granuleid:USC-prelim-title10-section430a&num=0&edition=prelim,/us/usc/t10/s430a/b
10 U.S.C. 432,an organization within the Department of Defense,annual,not later than December 31 of each year,provision,https://uscode.house.gov/view.xhtml?req=granuleid:USC-prelim-title10-section432&num=0&edition=prelim,/us/usc/t10/s432
10 U.S.C. 432(b)(2),That organization,annual,not later than December 31 of each year,provision,https://uscode.house.gov/view.xhtml?req=granuleid:USC-prelim-title10-section432&num=0&edition=prelim,/us/usc/t10/s432/b/2
10 U.S.C. 4422(c)(8),each oversight board,semiannual,semiannual,provision,https://uscode.house.gov/view.xhtml?req=granuleid:USC-prelim-title10-section4422&num=0&edition=prelim,/us/usc/t10/s4422/c/8
10 U.S.C. 4506(b),"Secretary of Defense, acting through the Under Secretary of Defense (Comptroller) and Director of Cost Assessment and Program Evaluation",annual,at or before the time of the budget submission by the President under section 1105(a) of title 31 or on the date on which the future-years defense program is submitted to Congress under section 221 of this title,provision,https://uscode.house.gov/view.xhtml?req=granuleid:USC-prelim-title10-section4506&num=0&edition=prelim,/us/usc/t10/s4506/b
10 U.S.C. 4662,the Under Secretary of Defense for Acquisition and Sustainment,annual,"Not later than January 15, 2026",provision,https://uscode.house.gov/view.xhtml?req=granuleid:USC-prelim-title10-section4662&num=0&edition=prelim,/us/usc/t10/s4662
10 U.S.C. 4754(b)(15),Inspector General of the Department of Defense,periodic,,provision,https://uscode.house.gov/view.xhtml?req=granuleid:USC-prelim-title10-section4754&num=0&edition=prelim,/us/usc/t10/s4754/b/15
10 U.S.C. 4817(k),the Secretary,annual,"not later than October 15, 2026",provision,https://uscode.house.gov/view.xhtml?req=granuleid:USC-prelim-title10-section4817&num=0&edition=prelim,/us/usc/t10/s4817/k
10 U.S.C. 483(e),the Secretary concerned,annual,not later than 10 days after the date on which the budget request for a fiscal year is submitted to Congress under section 1105 of title 31,provision,https://uscode.house.gov/view.xhtml?req=granuleid:USC-prelim-title10-section483&num=0&edition=prelim,/us/usc/t10/s483/e
10 U.S.C. 484,"Under Secretary of Defense for Policy, the Commander of United States Cyber Command, and the Chairman of the Joint Chiefs of Staff, or designees from each of their offices",quarterly,quarterly,provision,https://uscode.house.gov/view.xhtml?req=granuleid:USC-prelim-title10-section484&num=0&edition=prelim,/us/usc/t10/s484
10 U.S.C. 485,Secretary of Defense,quarterly,,provision,https://uscode.house.gov/view.xhtml?req=granuleid:USC-prelim-title10-section485&num=0&edition=prelim,/us/usc/t10/s485
10 U.S.C. 4862 note,Under Secretary of Defense for Acquisition and Sustainment,annual,"Not later than 30 days after the Under Secretary for Acquisition and Sustainment develops the list required under subsection (a), and annually thereafter",note,https://uscode.house.gov/view.xhtml?req=granuleid:USC-prelim-title10-section4862&num=0&edition=prelim,/us/usc/t10/s4862/note/2
10 U.S.C. 4862 note,Inspector General of the Department of Defense,semiannual,semiannual,note,https://uscode.house.gov/view.xhtml?req=granuleid:USC-prelim-title10-section4862&num=0&edition=prelim,/us/usc/t10/s4862/note/3
10 U.S.C. 4863(l),Secretary of Defense,annual,March 31 of each year,provision,https://uscode.house.gov/view.xhtml?req=granuleid:USC-prelim-title10-section4863&num=0&edition=prelim,/us/usc/t10/s4863/l
10 U.S.C. 488,Secretary of Defense and the Chairman of the Joint Chiefs of Staff,biennial,not less frequently than every two years,provision,https://uscode.house.gov/view.xhtml?req=granuleid:USC-prelim-title10-section488&num=0&edition=prelim,/us/usc/t10/s488
10 U.S.C. 488(b),the Secretary and the Chairman of the Joint Chiefs of Staff,biennial,not less frequently than every two years,provision,https://uscode.house.gov/view.xhtml?req=granuleid:USC-prelim-title10-section488&num=0&edition=prelim,/us/usc/t10/s488/b
10 U.S.C. 4901 note,Director of Small Business Programs of the Department of Defense,annual,"Not later than one year after the date of the enactment of this Act, and annually thereafter",note,https://uscode.house.gov/view.xhtml?req=granuleid:USC-prelim-title10-section4901&num=0&edition=prelim,/us/usc/t10/s4901/note/1
10 U.S.C. 4901 note,each Secretary of a military department and the Under Secretary of Defense for Research and Engineering,annual,not later than 10 days after the date on which the budget of the President for fiscal years 2022 through 2032 is submitted to Congress,note,https://uscode.house.gov/view.xhtml?req=granuleid:USC-prelim-title10-section4901&num=0&edition=prelim,/us/usc/t10/s4901/note/4
10 U.S.C. 492a(a),the President,biennial,"not later than 30 days after the submission to Congress of the budget of the President under section 1105(a) of title 31, United States Code",provision,https://uscode.house.gov/view.xhtml?req=granuleid:USC-prelim-title10-section492a&num=0&edition=prelim,/us/usc/t10/s492a/a
10 U.S.C. 492a(a)(4),Secretary of Defense and the Secretary of Energy,event-driven,"promptly, and before the submission to Congress of the budget of the President for that fiscal year",provision,https://uscode.house.gov/view.xhtml?req=granuleid:USC-prelim-title10-section492a&num=0&edition=prelim,/us/usc/t10/s492a/a/4
10 U.S.C. 492a(a)(4)(B),the President,biennial,no later than 60 days after the submission to Congress of the budget of the President for that fiscal year,provision,https://uscode.house.gov/view.xhtml?req=granuleid:USC-prelim-title10-section492a&num=0&edition=prelim,/us/usc/t10/s492a/a/4/B
10 U.S.C. 492a(b),Director of the Congressional Budget Office,annual,Not later than July 1 of each year in which the President transmits a report required under subsection (a),provision,https://uscode.house.gov/view.xhtml?req=granuleid:USC-prelim-title10-section492a&num=0&edition=prelim,/us/usc/t10/s492a/b
10 U.S.C. 492a(d),Chairman of the Nuclear Weapons Council,annual,Not later than 15 days after the Chairman of the Nuclear Weapons Council receives an assessment,provision,https://uscode.house.gov/view.xhtml?req=granuleid:USC-prelim-title10-section492a&num=0&edition=prelim,/us/usc/t10/s492a/d
10 U.S.C. 492a(d)(3),Chairman of the Nuclear Weapons Council,event-driven,Not later than 15 days after the Chairman of the Nuclear Weapons Council receives an assessment required by paragraph (1),provision,https://uscode.house.gov/view.xhtml?req=granuleid:USC-prelim-title10-section492a&num=0&edition=prelim,/us/usc/t10/s492a/d/3
10 U.S.C. 492b(a),officials specified in subsection (b),biennial,On or about May 1 and November 1 of each year,provision,https://uscode.house.gov/view.xhtml?req=granuleid:USC-prelim-title10-section492b&num=0&edition=prelim,/us/usc/t10/s492b/a
10 U.S.C. 493a,the Secretary of the Air Force,annual,At the same time as the submission of the budget of the President pursuant to section 1105(a) of title 31 for a fiscal year,provision,https://uscode.house.gov/view.xhtml?req=granuleid:USC-prelim-title10-section493a&num=0&edition=prelim,/us/usc/t10/s493a
10 U.S.C. 494(b),Secretary of Defense,annual,Not later than March 1 of each year,provision,https://uscode.house.gov/view.xhtml?req=granuleid:USC-prelim-title10-section494&num=0&edition=prelim,/us/usc/t10/s494/b
10 U.S.C. 494 note,the President,event-driven,a year in which the President implements the New START Treaty and determines that any of the specified circumstances apply,note,https://uscode.house.gov/view.xhtml?req=granuleid:USC-prelim-title10-section494&num=0&edition=prelim,/us/usc/t10/s494/note/1
10 U.S.C. 495(a),the President,annual,annually,provision,https://uscode.house.gov/view.xhtml?req=granuleid:USC-prelim-title10-section495&num=0&edition=prelim,/us/usc/t10/s495/a
10 U.S.C. 495(b),the President,event-driven,the next annual report transmitted to Congress under section 492(a) of this title,provision,https://uscode.house.gov/view.xhtml?req=granuleid:USC-prelim-title10-section495&num=0&edition=prelim,/us/usc/t10/s495/b
10 U.S.C. 4971 note,the Secretary of Defense,quarterly,,note,https://uscode.house.gov/view.xhtml?req=granuleid:USC-prelim-title10-section4971&num=0&edition=prelim,/us/usc/t10/s4971/note/0
10 U.S.C. 499(c),Secretary of Defense,event-driven,not later than 90 days after the date of the submission of a report under paragraph (1),provision,https://uscode.house.gov/view.xhtml?req=granuleid:USC-prelim-title10-section499&num=0&edition=prelim,/us/usc/t10/s499/c
10 U.S.C. 499(d),the Deputy Secretary of Defense and the Vice Chairman of the Joint Chiefs of Staff,quarterly,Not less than once every quarter,provision,https://uscode.house.gov/view.xhtml?req=granuleid:USC-prelim-title10-section499&num=0&edition=prelim,/us/usc/t10/s499/d
10 U.S.C. 499b,Secretary of Defense,annual,not later than 60 days after the completion of an annual strategic deterrence exercise,provision,https://uscode.house.gov/view.xhtml?req=granuleid:USC-prelim-title10-section499b&num=0&edition=prelim,/us/usc/t10/s499b
10 U.S.C. 499c(b),the Secretary,annual,In conjunction with the submission of the budget of the President to Congress pursuant to section 1105 of title 31 for fiscal year 2025 and each fiscal year thereafter,provision,https://uscode.house.gov/view.xhtml?req=granuleid:USC-prelim-title10-section499c&num=0&edition=prelim,/us/usc/t10/s499c/b
10 U.S.C. 500(k),Electromagnetic Spectrum Operations Executive Committee,annual,"Not later than February 28, 2024, and annually thereafter through 2030",provision,https://uscode.house.gov/view.xhtml?req=granuleid:USC-prelim-title10-section500&num=0&edition=prelim,/us/usc/t10/s500/k
10 U.S.C. 500b,Secretary of Defense,annual,At the same time as the President submits to Congress the budget of the President under section 1105(a) of title 31,provision,https://uscode.house.gov/view.xhtml?req=granuleid:USC-prelim-title10-section500b&num=0&edition=prelim,/us/usc/t10/s500b
10 U.S.C. 500c,Secretary of Defense,annual,At the same time as the President submits to Congress the budget of the President under section 1105(a) of title 31,provision,https://uscode.house.gov/view.xhtml?req=granuleid:USC-prelim-title10-section500c&num=0&edition=prelim,/us/usc/t10/s500c
10 U.S.C. 500d,Chief Information Officer of the Department of Defense,annual,Concurrent with the submission of the budget of the President to Congress under section 1105(a) of title 31,provision,https://uscode.house.gov/view.xhtml?req=granuleid:USC-prelim-title10-section500d&num=0&edition=prelim,/us/usc/t10/s500d
10 U.S.C. 500f,"Chief of Staff of the Army, the Chief of Naval Operations, the Chief of Staff of the Air Force, the Commandant of the Marine Corps, the Chief of Space Operations, and the Chairman of the Joint Chiefs of Staff (acting through the operational lead)",annual,December 31 of each year in which evaluations are required,provision,https://uscode.house.gov/view.xhtml?req=granuleid:USC-prelim-title10-section500f&num=0&edition=prelim,/us/usc/t10/s500f
10 U.S.C. 500f(a),"Chief of Staff of the Army, the Chief of Naval Operations, the Chief of Staff of the Air Force, the Commandant of the Marine Corps, and the Chief of Space Operations",annual,December 31 of each year in which evaluations are required,provision,https://uscode.house.gov/view.xhtml?req=granuleid:USC-prelim-title10-section500f&num=0&edition=prelim,/us/usc/t10/s500f/a
10 U.S.C. 500f(a)(2),each official specified in paragraph (1),annual,not later than December 31 of each year in which evaluations are required,provision,https://uscode.house.gov/view.xhtml?req=granuleid:USC-prelim-title10-section500f&num=0&edition=prelim,/us/usc/t10/s500f/a/2
10 U.S.C. 500f(b),"the Chairman of the Joint Chiefs of Staff, acting through the operational lead",annual,Not later than December 31 of each year in which an evaluation is required,provision,https://uscode.house.gov/view.xhtml?req=granuleid:USC-prelim-title10-section500f&num=0&edition=prelim,/us/usc/t10/s500f/b
10 U.S.C. 500f(b)(3),Chairman of the Joint Chiefs of Staff,event-driven,Not later than December 31 of each year in which an evaluation is required under paragraph (A),provision,https://uscode.house.gov/view.xhtml?req=granuleid:USC-prelim-title10-section500f&num=0&edition=prelim,/us/usc/t10/s500f/b/3
10 U.S.C. 500g,Chairman of the Joint Chiefs of Staff,annual,Concurrent with the submission of the budget of the President to Congress,provision,https://uscode.house.gov/view.xhtml?req=granuleid:USC-prelim-title10-section500g&num=0&edition=prelim,/us/usc/t10/s500g
10 U.S.C. 521 note,the Secretary of Defense,annual,Not later than February 1 of each fiscal year in which reductions are required under subsection (a),note,https://uscode.house.gov/view.xhtml?req=granuleid:USC-prelim-title10-section521&num=0&edition=prelim,/us/usc/t10/s521/note/2
10 U.S.C. 526(k),Secretary of Defense,annual,Not later than March 1 each year,provision,https://uscode.house.gov/view.xhtml?req=granuleid:USC-prelim-title10-section526&num=0&edition=prelim,/us/usc/t10/s526/k
10 U.S.C. 5513,Director of the Missile Defense Agency,annual,not later than 10 days after the date on which the budget of the President for a fiscal year is submitted to Congress,provision,https://uscode.house.gov/view.xhtml?req=granuleid:USC-prelim-title10-section5513&num=0&edition=prelim,/us/usc/t10/s5513
10 U.S.C. 5515,Secretary of Defense,annual,with the defense budget materials for each of fiscal years 2019 through 2030,provision,https://uscode.house.gov/view.xhtml?req=granuleid:USC-prelim-title10-section5515&num=0&edition=prelim,/us/usc/t10/s5515
10 U.S.C. 5534(b)(2),chairman of the Missile Defense Executive Board,event-driven,during the year covered by the waiver,provision,https://uscode.house.gov/view.xhtml?req=granuleid:USC-prelim-title10-section5534&num=0&edition=prelim,/us/usc/t10/s5534/b/2
10 U.S.C. 5552(a),officials specified in subsection (b),biennial,On or about June 1 and December 1 of each year,provision,https://uscode.house.gov/view.xhtml?req=granuleid:USC-prelim-title10-section5552&num=0&edition=prelim,/us/usc/t10/s5552/a
10 U.S.C. 6105,the Administrator,annual,"Not later than March 1, 2017",provision,https://uscode.house.gov/view.xhtml?req=granuleid:USC-prelim-title10-section6105&num=0&edition=prelim,/us/usc/t10/s6105
10 U.S.C. 6117(a),each official specified in subsection (b),annual,,provision,https://uscode.house.gov/view.xhtml?req=granuleid:USC-prelim-title10-section6117&num=0&edition=prelim,/us/usc/t10/s6117/a
10 U.S.C. 6117(b),The head of each national security laboratory and the Commander of the United States Strategic Command,annual,,provision,https://uscode.house.gov/view.xhtml?req=granuleid:USC-prelim-title10-section6117&num=0&edition=prelim,/us/usc/t10/s6117/b
10 U.S.C. 6117(f),the President,annual,March 15 of each year,provision,https://uscode.house.gov/view.xhtml?req=granuleid:USC-prelim-title10-section6117&num=0&edition=prelim,/us/usc/t10/s6117/f
10 U.S.C. 6117(f)(1),Secretary of Defense and the Secretary of Energy,annual,Not later than February 1 of each year,provision,https://uscode.house.gov/view.xhtml?req=granuleid:USC-prelim-title10-section6117&num=0&edition=prelim,/us/usc/t10/s6117/f/1
10 U.S.C. 6117(f)(3),officials specified in subsection (b),annual,not later than March 30,provision,https://uscode.house.gov/view.xhtml?req=granuleid:USC-prelim-title10-section6117&num=0&edition=prelim,/us/usc/t10/s6117/f/3
10 U.S.C. 6117(g),not specified,annual,,provision,https://uscode.house.gov/view.xhtml?req=granuleid:USC-prelim-title10-section6117&num=0&edition=prelim,/us/usc/t10/s6117/g
10 U.S.C. 6120(c),"Secretary of Energy, acting through the Administrator",annual,in conjunction with the annual submission of the budget of the President to Congress,provision,https://uscode.house.gov/view.xhtml?req=granuleid:USC-prelim-title10-section6120&num=0&edition=prelim,/us/usc/t10/s6120/c
10 U.S.C. 6123,the Administrator,annual,"Not later than March 31, 2023, and annually thereafter through 2030",provision,https://uscode.house.gov/view.xhtml?req=granuleid:USC-prelim-title10-section6123&num=0&edition=prelim,/us/usc/t10/s6123
10 U.S.C. 6125(a),"Secretary of Energy, acting through the Administrator",annual,At the end of the first quarter of each fiscal year,provision,https://uscode.house.gov/view.xhtml?req=granuleid:USC-prelim-title10-section6125&num=0&edition=prelim,/us/usc/t10/s6125/a
10 U.S.C. 6128(b),Secretary of Energy,annual,"March 1, 2015, and each year thereafter through 2030",provision,https://uscode.house.gov/view.xhtml?req=granuleid:USC-prelim-title10-section6128&num=0&edition=prelim,/us/usc/t10/s6128/b
10 U.S.C. 6128(e),Administrator for Nuclear Security,annual,Not later than March 1 of each year during the period beginning on the date on which the first covered project achieves critical decision 2 in the acquisition process and ending on the date on which the second project achieves critical decision 4 and begins operations,provision,https://uscode.house.gov/view.xhtml?req=granuleid:USC-prelim-title10-section6128&num=0&edition=prelim,/us/usc/t10/s6128/e
10 U.S.C. 6129(c),the Administrator,biennial,"During the period beginning not later than one year after the date of the enactment of this Act and ending December 31, 2030",provision,https://uscode.house.gov/view.xhtml?req=granuleid:USC-prelim-title10-section6129&num=0&edition=prelim,/us/usc/t10/s6129/c
10 U.S.C. 6133,the Administrator,annual,Not later than 120 days after the date of the enactment of National Defense Authorization Act for Fiscal Year 2024 (Public Law 118–31) for the plan; Not later than February 1 of each year for the certification,provision,https://uscode.house.gov/view.xhtml?req=granuleid:USC-prelim-title10-section6133&num=0&edition=prelim,/us/usc/t10/s6133
10 U.S.C. 6153(e),the Secretary,biennial,"not later than December 1, 2026, and on a biennial basis thereafter",provision,https://uscode.house.gov/view.xhtml?req=granuleid:USC-prelim-title10-section6153&num=0&edition=prelim,/us/usc/t10/s6153/e
10 U.S.C. 6154(h),Secretary of Energy,annual,each fiscal year,provision,https://uscode.house.gov/view.xhtml?req=granuleid:USC-prelim-title10-section6154&num=0&edition=prelim,/us/usc/t10/s6154/h
10 U.S.C. 6155(e),Secretary of Energy,annual,Not later than October 31 of each year,provision,https://uscode.house.gov/view.xhtml?req=granuleid:USC-prelim-title10-section6155&num=0&edition=prelim,/us/usc/t10/s6155/e
10 U.S.C. 6159(b),the Administrator,annual,March 15 of each even-numbered year; March 15 of each odd-numbered year,provision,https://uscode.house.gov/view.xhtml?req=granuleid:USC-prelim-title10-section6159&num=0&edition=prelim,/us/usc/t10/s6159/b
10 U.S.C. 6159(b)(1),the Administrator,biennial,March 15 of each even-numbered year,provision,https://uscode.house.gov/view.xhtml?req=granuleid:USC-prelim-title10-section6159&num=0&edition=prelim,/us/usc/t10/s6159/b/1
10 U.S.C. 6161,the Administrator,annual,At the end of each fiscal year,provision,https://uscode.house.gov/view.xhtml?req=granuleid:USC-prelim-title10-section6161&num=0&edition=prelim,/us/usc/t10/s6161
10 U.S.C. 6171 note,Secretary of Energy,biennial,"not later than one year after the date of the enactment of this Act, and every two years thereafter until 2036",note,https://uscode.house.gov/view.xhtml?req=granuleid:USC-prelim-title10-section6171&num=0&edition=prelim,/us/usc/t10/s6171/note/0
10 U.S.C. 6174,the Secretary of Energy,annual,at or about the same time that the President’s budget is submitted to Congress,provision,https://uscode.house.gov/view.xhtml?req=granuleid:USC-prelim-title10-section6174&num=0&edition=prelim,/us/usc/t10/s6174
10 U.S.C. 6178,Secretary of Energy,annual,at the same time the President submits to Congress the budget for a fiscal year,provision,https://uscode.house.gov/view.xhtml?req=granuleid:USC-prelim-title10-section6178&num=0&edition=prelim,/us/usc/t10/s6178
10 U.S.C. 6181,Secretary of Energy,annual,each fiscal year,provision,https://uscode.house.gov/view.xhtml?req=granuleid:USC-prelim-title10-section6181&num=0&edition=prelim,/us/usc/t10/s6181
10 U.S.C. 6192(b)(4),Nuclear Regulatory Commission,annual,for fiscal years after 2005,provision,https://uscode.house.gov/view.xhtml?req=granuleid:USC-prelim-title10-section6192&num=0&edition=prelim,/us/usc/t10/s6192/b/4
10 U.S.C. 6194(d),the Secretary,multi-year,"Not later than March 31, 2025",provision,https://uscode.house.gov/view.xhtml?req=granuleid:USC-prelim-title10-section6194&num=0&edition=prelim,/us/usc/t10/s6194/d
10 U.S.C. 6194(d)(2),the Secretary,biennial,"Not later than March 31, 2025, and every four years thereafter",provision,https://uscode.house.gov/view.xhtml?req=granuleid:USC-prelim-title10-section6194&num=0&edition=prelim,/us/usc/t10/s6194/d/2
10 U.S.C. 6226,Secretary of Energy,biennial,December 1 of each even-numbered year,provision,https://uscode.house.gov/view.xhtml?req=granuleid:USC-prelim-title10-section6226&num=0&edition=prelim,/us/usc/t10/s6226
10 U.S.C. 6226(b)(2),the Secretary,event-driven,If the Secretary is unable to make the certification,provision,https://uscode.house.gov/view.xhtml?req=granuleid:USC-prelim-title10-section6226&num=0&edition=prelim,/us/usc/t10/s6226/b/2
10 U.S.C. 6235,Secretary of Energy,event-driven,"prior to automatic declassification of records not reviewed by October 5, 1999",provision,https://uscode.house.gov/view.xhtml?req=granuleid:USC-prelim-title10-section6235&num=0&edition=prelim,/us/usc/t10/s6235
10 U.S.C. 6235(a),Secretary of Energy,annual,any fiscal year,provision,https://uscode.house.gov/view.xhtml?req=granuleid:USC-prelim-title10-section6235&num=0&edition=prelim,/us/usc/t10/s6235/a
10 U.S.C. 6241(b),Director of the Office of Personnel Management,event-driven,as a result of such evaluation,provision,https://uscode.house.gov/view.xhtml?req=granuleid:USC-prelim-title10-section6241&num=0&edition=prelim,/us/usc/t10/s6241/b
10 U.S.C. 6242(m),the Director,annual,not later than 30 days after the commencement of each fiscal year,provision,https://uscode.house.gov/view.xhtml?req=granuleid:USC-prelim-title10-section6242&num=0&edition=prelim,/us/usc/t10/s6242/m
10 U.S.C. 6243(e)(2),the Secretary,semiannual,every six months,provision,https://uscode.house.gov/view.xhtml?req=granuleid:USC-prelim-title10-section6243&num=0&edition=prelim,/us/usc/t10/s6243/e/2
10 U.S.C. 6273,Secretary of Energy,annual,"annual basis; immediately (for cost variations); 15 days prior to starting projects over $5,000,000",provision,https://uscode.house.gov/view.xhtml?req=granuleid:USC-prelim-title10-section6273&num=0&edition=prelim,/us/usc/t10/s6273
10 U.S.C. 6288,Administrator,annual,Not later than 10 days after the date on which the budget of the President for a fiscal year is submitted to Congress,provision,https://uscode.house.gov/view.xhtml?req=granuleid:USC-prelim-title10-section6288&num=0&edition=prelim,/us/usc/t10/s6288
10 U.S.C. 6289,Secretary of Energy,annual,with the budget justification materials submitted in support of the Department of Energy budget for a fiscal year,provision,https://uscode.house.gov/view.xhtml?req=granuleid:USC-prelim-title10-section6289&num=0&edition=prelim,/us/usc/t10/s6289
10 U.S.C. 6311,Secretary of Energy,annual,concurrent with the submission of the budget justification materials submitted to Congress in support of the budget of the President for a fiscal year,provision,https://uscode.house.gov/view.xhtml?req=granuleid:USC-prelim-title10-section6311&num=0&edition=prelim,/us/usc/t10/s6311
10 U.S.C. 6336,Secretary of Energy,annual,February 1 each year,provision,https://uscode.house.gov/view.xhtml?req=granuleid:USC-prelim-title10-section6336&num=0&edition=prelim,/us/usc/t10/s6336
10 U.S.C. 658,Secretary of Defense; Secretary of the department in which the Coast Guard is operating,annual,annual; in any fiscal year in which the accession of a person into the Coast Guard is approved under the process established under subsection (b),provision,https://uscode.house.gov/view.xhtml?req=granuleid:USC-prelim-title10-section658&num=0&edition=prelim,/us/usc/t10/s658
10 U.S.C. 701 note,each Secretary of a military department,annual,"Not later than January 1, 2023, and annually thereafter",note,https://uscode.house.gov/view.xhtml?req=granuleid:USC-prelim-title10-section701&num=0&edition=prelim,/us/usc/t10/s701/note/2
10 U.S.C. 7036 note,Corps of Engineers,annual,annual budget submission,note,https://uscode.house.gov/view.xhtml?req=granuleid:USC-prelim-title10-section7036&num=0&edition=prelim,/us/usc/t10/s7036/note/2
10 U.S.C. 7036 note,Chief of Engineers,annual,the third Tuesday of January of each year beginning January 2008,note,https://uscode.house.gov/view.xhtml?req=granuleid:USC-prelim-title10-section7036&num=0&edition=prelim,/us/usc/t10/s7036/note/3
10 U.S.C. 7455,Board of Visitors,annual,Within 60 days after its annual visit,provision,https://uscode.house.gov/view.xhtml?req=granuleid:USC-prelim-title10-section7455&num=0&edition=prelim,/us/usc/t10/s7455
10 U.S.C. 7721,Secretary of the Army,annual,,provision,https://uscode.house.gov/view.xhtml?req=granuleid:USC-prelim-title10-section7721&num=0&edition=prelim,/us/usc/t10/s7721
10 U.S.C. 8013 note,Secretary of the Navy,annual,fiscal year 2027,note,https://uscode.house.gov/view.xhtml?req=granuleid:USC-prelim-title10-section8013&num=0&edition=prelim,/us/usc/t10/s8013/note/0
10 U.S.C. 8013 note,Secretary of the Navy,annual,Not later than 150 days after the date of the enactment of this Act,note,https://uscode.house.gov/view.xhtml?req=granuleid:USC-prelim-title10-section8013&num=0&edition=prelim,/us/usc/t10/s8013/note/15
10 U.S.C. 8029,"Assistant Secretary of the Navy for Research, Development and Acquisition",annual,annual,provision,https://uscode.house.gov/view.xhtml?req=granuleid:USC-prelim-title10-section8029&num=0&edition=prelim,/us/usc/t10/s8029
10 U.S.C. 8039(h),Deputy Commander of the Naval Sea Systems Command,annual,March 1 of each year,provision,https://uscode.house.gov/view.xhtml?req=granuleid:USC-prelim-title10-section8039&num=0&edition=prelim,/us/usc/t10/s8039/h
10 U.S.C. 8227(a),The Secretary of the Navy,quarterly,not later than 30 days after the end of each fiscal year quarter,provision,https://uscode.house.gov/view.xhtml?req=granuleid:USC-prelim-title10-section8227&num=0&edition=prelim,/us/usc/t10/s8227/a
10 U.S.C. 8468,Board of Visitors,annual,Within 60 days after its annual visit,provision,https://uscode.house.gov/view.xhtml?req=granuleid:USC-prelim-title10-section8468&num=0&edition=prelim,/us/usc/t10/s8468
10 U.S.C. 8633(g)(2),the Secretary,event-driven,any waiver under paragraph (1),provision,https://uscode.house.gov/view.xhtml?req=granuleid:USC-prelim-title10-section8633&num=0&edition=prelim,/us/usc/t10/s8633/g/2
10 U.S.C. 8635(e),the Secretary of the Navy,multi-year,"Not later than November 25, 2017",provision,https://uscode.house.gov/view.xhtml?req=granuleid:USC-prelim-title10-section8635&num=0&edition=prelim,/us/usc/t10/s8635/e
10 U.S.C. 8671(b),Secretary of Defense,annual,each fiscal year,provision,https://uscode.house.gov/view.xhtml?req=granuleid:USC-prelim-title10-section8671&num=0&edition=prelim,/us/usc/t10/s8671/b
10 U.S.C. 8674,the board designated under subsection (a),annual,Not later than March 1 each year,provision,https://uscode.house.gov/view.xhtml?req=granuleid:USC-prelim-title10-section8674&num=0&edition=prelim,/us/usc/t10/s8674
10 U.S.C. 8693,Secretary of the Navy and the Secretary of Labor,biennial,February 1 of each even-numbered year until 2026,provision,https://uscode.house.gov/view.xhtml?req=granuleid:USC-prelim-title10-section8693&num=0&edition=prelim,/us/usc/t10/s8693
10 U.S.C. 8693(a),Secretary of the Navy in coordination with the Secretary of Labor,biennial,February 1 of each even-numbered year until 2026,provision,https://uscode.house.gov/view.xhtml?req=granuleid:USC-prelim-title10-section8693&num=0&edition=prelim,/us/usc/t10/s8693/a
10 U.S.C. 8693(a)(3),Secretary of the Navy and Secretary of Labor,biennial,February 1 of each even-numbered year until 2026,provision,https://uscode.house.gov/view.xhtml?req=granuleid:USC-prelim-title10-section8693&num=0&edition=prelim,/us/usc/t10/s8693/a/3
10 U.S.C. 8694,Secretary of the Navy,annual,Not later than October 15 of each year,provision,https://uscode.house.gov/view.xhtml?req=granuleid:USC-prelim-title10-section8694&num=0&edition=prelim,/us/usc/t10/s8694
10 U.S.C. 8751,Secretary of the Navy,quarterly,not later than 15 calendar days after the end of each quarter of a fiscal year,provision,https://uscode.house.gov/view.xhtml?req=granuleid:USC-prelim-title10-section8751&num=0&edition=prelim,/us/usc/t10/s8751
10 U.S.C. 8932(d),Ocean Policy Committee,annual,March 1 of each year,provision,https://uscode.house.gov/view.xhtml?req=granuleid:USC-prelim-title10-section8932&num=0&edition=prelim,/us/usc/t10/s8932/d
10 U.S.C. 8932(e),partnership program office,annual,,provision,https://uscode.house.gov/view.xhtml?req=granuleid:USC-prelim-title10-section8932&num=0&edition=prelim,/us/usc/t10/s8932/e
10 U.S.C. 9021,Space Acquisition Council,quarterly,Not later than 30 days after the end of each calendar year quarter through the first calendar year quarter of 2025,provision,https://uscode.house.gov/view.xhtml?req=granuleid:USC-prelim-title10-section9021&num=0&edition=prelim,/us/usc/t10/s9021
10 U.S.C. 9021(e),the Council,quarterly,not later than 30 days after the end of each calendar year quarter through the first calendar year quarter of 2025,provision,https://uscode.house.gov/view.xhtml?req=granuleid:USC-prelim-title10-section9021&num=0&edition=prelim,/us/usc/t10/s9021/e
10 U.S.C. 9062 note,Secretary of the Air Force,event-driven,"for any fiscal year in which the Secretary of the Air Force expects the total aircraft inventory... to decrease below the levels specified in section 9062(i)(1), of title 10, United States Code",note,https://uscode.house.gov/view.xhtml?req=granuleid:USC-prelim-title10-section9062&num=0&edition=prelim,/us/usc/t10/s9062/note/3
10 U.S.C. 9062 note,Secretary of the Air Force,annual,"Not later than March 1, 2017; Not later than March 1, 2018, and each March 1 thereafter until the transition required by subsection (a) is completed",note,https://uscode.house.gov/view.xhtml?req=granuleid:USC-prelim-title10-section9062&num=0&edition=prelim,/us/usc/t10/s9062/note/4
10 U.S.C. 9062a,Secretary of the Air Force,annual,"April 1, 2025, and annually thereafter through 2030",provision,https://uscode.house.gov/view.xhtml?req=granuleid:USC-prelim-title10-section9062a&num=0&edition=prelim,/us/usc/t10/s9062a
10 U.S.C. 9088,Secretary of the Air Force,annual,"not later than 60 days after the date of the enactment of the National Defense Authorization Act for Fiscal Year 2026, and not later than October 31 of each year through 2030",provision,https://uscode.house.gov/view.xhtml?req=granuleid:USC-prelim-title10-section9088&num=0&edition=prelim,/us/usc/t10/s9088
10 U.S.C. 9455(f),Board of Visitors,semiannual,semiannual,provision,https://uscode.house.gov/view.xhtml?req=granuleid:USC-prelim-title10-section9455&num=0&edition=prelim,/us/usc/t10/s9455/f
10 U.S.C. 946a,"Court of Appeals for the Armed Forces, the Judge Advocates General, and the Staff Judge Advocate to the Commandant of the Marine Corps",annual,December 31 each year,provision,https://uscode.house.gov/view.xhtml?req=granuleid:USC-prelim-title10-section946a&num=0&edition=prelim,/us/usc/t10/s946a
10 U.S.C. 946a(c),unspecified,annual,,provision,https://uscode.house.gov/view.xhtml?req=granuleid:USC-prelim-title10-section946a&num=0&edition=prelim,/us/usc/t10/s946a/c
10 U.S.C. 946a(c)(1),not specified,annual,,provision,https://uscode.house.gov/view.xhtml?req=granuleid:USC-prelim-title10-section946a&num=0&edition=prelim,/us/usc/t10/s946a/c/1
10 U.S.C. 948a note,the Secretary of Defense,annual,January 31 of each year,note,https://uscode.house.gov/view.xhtml?req=granuleid:USC-prelim-title10-section948a&num=0&edition=prelim,/us/usc/t10/s948a/note/3
10 U.S.C. 9516,the Secretary,annual,not later than 60 days after the end of each fiscal year,provision,https://uscode.house.gov/view.xhtml?req=granuleid:USC-prelim-title10-section9516&num=0&edition=prelim,/us/usc/t10/s9516
10 U.S.C. 981,Secretary of Defense,annual,Not later than March 1 of each year,provision,https://uscode.house.gov/view.xhtml?req=granuleid:USC-prelim-title10-section981&num=0&edition=prelim,/us/usc/t10/s981
10 U.S.C. 989(e),the Secretary,annual,"March 31, 2024, and annually thereafter",provision,https://uscode.house.gov/view.xhtml?req=granuleid:USC-prelim-title10-section989&num=0&edition=prelim,/us/usc/t10/s989/e
10 U.S.C. 996,Secretary of Defense,annual,,provision,https://uscode.house.gov/view.xhtml?req=granuleid:USC-prelim-title10-section996&num=0&edition=prelim,/us/usc/t10/s996
10 U.S.C. 996(e)(2),not specified,annual,,provision,https://uscode.house.gov/view.xhtml?req=granuleid:USC-prelim-title10-section996&num=0&edition=prelim,/us/usc/t10/s996/e/2
12 U.S.C. 1427(i),The Director,annual,annual,provision,https://uscode.house.gov/view.xhtml?req=granuleid:USC-prelim-title12-section1427&num=0&edition=prelim,/us/usc/t12/s1427/i
12 U.S.C. 1430(j)(12),The Director,annual,"not later than 180 days after July 30, 2008",provision,https://uscode.house.gov/view.xhtml?req=granuleid:USC-prelim-title12-section1430&num=0&edition=prelim,/us/usc/t12/s1430/j/12
12 U.S.C. 1430c,The Director,annual,,provision,https://uscode.house.gov/view.xhtml?req=granuleid:USC-prelim-title12-section1430c&num=0&edition=prelim,/us/usc/t12/s1430c
12 U.S.C. 1441a-3(a),Resolution Trust Corporation and the Federal Deposit Insurance Corporation,annual,on or before March 30 of the following year,provision,https://uscode.house.gov/view.xhtml?req=granuleid:USC-prelim-title12-section1441a-3&num=0&edition=prelim,/us/usc/t12/s1441a–3/a
12 U.S.C. 1701p-1,the Secretary of Housing and Urban Development,periodic,"As soon as practicable following November 30, 1983",provision,https://uscode.house.gov/view.xhtml?req=granuleid:USC-prelim-title12-section1701p-1&num=0&edition=prelim,/us/usc/t12/s1701p–1
12 U.S.C. 1701z-8(g),the Secretary,other,"not later than 6 months after August 14, 1976, and not later than 2 years after August 14, 1976",provision,https://uscode.house.gov/view.xhtml?req=granuleid:USC-prelim-title12-section1701z-8&num=0&edition=prelim,/us/usc/t12/s1701z–8/g
12 U.S.C. 1715w(j),the Secretary,annual,annually,provision,https://uscode.house.gov/view.xhtml?req=granuleid:USC-prelim-title12-section1715w&num=0&edition=prelim,/us/usc/t12/s1715w/j
12 U.S.C. 1715z-23(n),the Secretary,monthly,monthly,provision,https://uscode.house.gov/view.xhtml?req=granuleid:USC-prelim-title12-section1715z-23&num=0&edition=prelim,/us/usc/t12/s1715z–23/n
12 U.S.C. 1715z-25,the Comptroller of the Currency and the Director of the Office of Thrift Supervision,quarterly,"Not later than 120 days after May 20, 2009, and quarterly thereafter",provision,https://uscode.house.gov/view.xhtml?req=granuleid:USC-prelim-title12-section1715z-25&num=0&edition=prelim,/us/usc/t12/s1715z–25
12 U.S.C. 1715z-3(c),Secretary,annual,annual,provision,https://uscode.house.gov/view.xhtml?req=granuleid:USC-prelim-title12-section1715z-3&num=0&edition=prelim,/us/usc/t12/s1715z–3/c
12 U.S.C. 1715z-9(i),the Secretary,semiannual,January 15 and July 15 of each year,provision,https://uscode.house.gov/view.xhtml?req=granuleid:USC-prelim-title12-section1715z-9&num=0&edition=prelim,/us/usc/t12/s1715z–9/i
12 U.S.C. 1829b(h),Secretary of the Treasury,annual,,provision,https://uscode.house.gov/view.xhtml?req=granuleid:USC-prelim-title12-section1829b&num=0&edition=prelim,/us/usc/t12/s1829b/h
12 U.S.C. 1831n(c),Federal banking agencies,annual,,provision,https://uscode.house.gov/view.xhtml?req=granuleid:USC-prelim-title12-section1831n&num=0&edition=prelim,/us/usc/t12/s1831n/c
12 U.S.C. 1831q(o),Secretary,annual,,provision,https://uscode.house.gov/view.xhtml?req=granuleid:USC-prelim-title12-section1831q&num=0&edition=prelim,/us/usc/t12/s1831q/o
12 U.S.C. 1831z,Chairperson of the Board of Directors of the Corporation,biennial,,provision,https://uscode.house.gov/view.xhtml?req=granuleid:USC-prelim-title12-section1831z&num=0&edition=prelim,/us/usc/t12/s1831z
12 U.S.C. 1831z(b),Chairperson of the Board of Directors of the FDIC,biennial,,provision,https://uscode.house.gov/view.xhtml?req=granuleid:USC-prelim-title12-section1831z&num=0&edition=prelim,/us/usc/t12/s1831z/b
12 U.S.C. 1844(d),the Board,annual,"Before the expiration of two years following May 9, 1956, and each year thereafter",provision,https://uscode.house.gov/view.xhtml?req=granuleid:USC-prelim-title12-section1844&num=0&edition=prelim,/us/usc/t12/s1844/d
12 U.S.C. 1901...1910 note,the President,other,,note,https://uscode.house.gov/view.xhtml?req=granuleid:USC-prelim-title12-section1901...1910&num=0&edition=prelim,/us/usc/t12/s1901...1910/note/1
12 U.S.C. 2002 note,special committee,quarterly,Not later than the end of each calendar quarter beginning at least 6 months after the selection of the special committee,note,https://uscode.house.gov/view.xhtml?req=granuleid:USC-prelim-title12-section2002&num=0&edition=prelim,/us/usc/t12/s2002/note/0
12 U.S.C. 2252(a)(3),Farm Credit Administration,annual,,provision,https://uscode.house.gov/view.xhtml?req=granuleid:USC-prelim-title12-section2252&num=0&edition=prelim,/us/usc/t12/s2252/a/3
12 U.S.C. 225b,The Chairman of the Board and the Board,semiannual,concurrent with each semi-annual hearing,provision,https://uscode.house.gov/view.xhtml?req=granuleid:USC-prelim-title12-section225b&num=0&edition=prelim,/us/usc/t12/s225b
12 U.S.C. 225b(b),The Board,semiannual,concurrent with each semi-annual hearing,provision,https://uscode.house.gov/view.xhtml?req=granuleid:USC-prelim-title12-section225b&num=0&edition=prelim,/us/usc/t12/s225b/b
12 U.S.C. 2277a-10(a)(5),The Corporation,annual,,provision,https://uscode.house.gov/view.xhtml?req=granuleid:USC-prelim-title12-section2277a-10&num=0&edition=prelim,/us/usc/t12/s2277a–10/a/5
12 U.S.C. 247a,The Board of Governors of the Federal Reserve System,annual,annually,provision,https://uscode.house.gov/view.xhtml?req=granuleid:USC-prelim-title12-section247a&num=0&edition=prelim,/us/usc/t12/s247a
12 U.S.C. 247b,Vice Chairman for Supervision,semiannual,semi-annual hearings,provision,https://uscode.house.gov/view.xhtml?req=granuleid:USC-prelim-title12-section247b&num=0&edition=prelim,/us/usc/t12/s247b
12 U.S.C. 2806(b),Director of the Bureau of Consumer Financial Protection,other,,provision,https://uscode.house.gov/view.xhtml?req=granuleid:USC-prelim-title12-section2806&num=0&edition=prelim,/us/usc/t12/s2806/b
12 U.S.C. 2807,The Bureau,annual,,provision,https://uscode.house.gov/view.xhtml?req=granuleid:USC-prelim-title12-section2807&num=0&edition=prelim,/us/usc/t12/s2807
12 U.S.C. 2904,each appropriate Federal financial supervisory agency,annual,,provision,https://uscode.house.gov/view.xhtml?req=granuleid:USC-prelim-title12-section2904&num=0&edition=prelim,/us/usc/t12/s2904
12 U.S.C. 3021,The Board of the Bank,annual,,provision,https://uscode.house.gov/view.xhtml?req=granuleid:USC-prelim-title12-section3021&num=0&edition=prelim,/us/usc/t12/s3021
12 U.S.C. 343(3)(C),The Board of Governors of the Federal Reserve System,monthly,not later than 7 days after the Board authorizes any loan or other financial assistance; once every 30 days for outstanding loans,provision,https://uscode.house.gov/view.xhtml?req=granuleid:USC-prelim-title12-section343&num=0&edition=prelim,/us/usc/t12/s343/3/C
12 U.S.C. 4003(c),each agency referred to in section 4009(a) of this title,event-driven,each regular examination of a depository institution,provision,https://uscode.house.gov/view.xhtml?req=granuleid:USC-prelim-title12-section4003&num=0&edition=prelim,/us/usc/t12/s4003/c
12 U.S.C. 4513a,Federal Housing Finance Oversight Board,annual,,provision,https://uscode.house.gov/view.xhtml?req=granuleid:USC-prelim-title12-section4513a&num=0&edition=prelim,/us/usc/t12/s4513a
12 U.S.C. 4514a,the Director,annual,annually,provision,https://uscode.house.gov/view.xhtml?req=granuleid:USC-prelim-title12-section4514a&num=0&edition=prelim,/us/usc/t12/s4514a
12 U.S.C. 4521(a),Director,annual,not later than June 15 of each year,provision,https://uscode.house.gov/view.xhtml?req=granuleid:USC-prelim-title12-section4521&num=0&edition=prelim,/us/usc/t12/s4521/a
12 U.S.C. 4521(b)(5),Director,annual,Not later than March 15 of each year,provision,https://uscode.house.gov/view.xhtml?req=granuleid:USC-prelim-title12-section4521&num=0&edition=prelim,/us/usc/t12/s4521/b/5
12 U.S.C. 4544(a),the Director,annual,not later than October 30 of each year,provision,https://uscode.house.gov/view.xhtml?req=granuleid:USC-prelim-title12-section4544&num=0&edition=prelim,/us/usc/t12/s4544/a
12 U.S.C. 4547(d),Director,annual,annual,provision,https://uscode.house.gov/view.xhtml?req=granuleid:USC-prelim-title12-section4547&num=0&edition=prelim,/us/usc/t12/s4547/d
12 U.S.C. 4561,the Director,annual,,provision,https://uscode.house.gov/view.xhtml?req=granuleid:USC-prelim-title12-section4561&num=0&edition=prelim,/us/usc/t12/s4561
12 U.S.C. 4617(b)(14),The Agency,annual,annual,provision,https://uscode.house.gov/view.xhtml?req=granuleid:USC-prelim-title12-section4617&num=0&edition=prelim,/us/usc/t12/s4617/b/14
12 U.S.C. 5115,the Director,annual,"Not later than 1 year after July 30, 2008, and annually thereafter; Not later than 6 months after July 30, 2008",provision,https://uscode.house.gov/view.xhtml?req=granuleid:USC-prelim-title12-section5115&num=0&edition=prelim,/us/usc/t12/s5115
12 U.S.C. 5214(g),Financial Stability Oversight Board,quarterly,,provision,https://uscode.house.gov/view.xhtml?req=granuleid:USC-prelim-title12-section5214&num=0&edition=prelim,/us/usc/t12/s5214/g
12 U.S.C. 5215(a)(1),the Secretary,other,"Before the expiration of the 60-day period beginning on the date of the first exercise of the authority granted in section 5211(a) of this title, or of the first exercise of the authority granted in section 5212 of this title, whichever occurs first",provision,https://uscode.house.gov/view.xhtml?req=granuleid:USC-prelim-title12-section5215&num=0&edition=prelim,/us/usc/t12/s5215/a/1
12 U.S.C. 5219b(b)(1),the Secretary,monthly,Not more than 14 days after each monthly deadline for submission of data by mortgage servicers and lenders participating in the Program,provision,https://uscode.house.gov/view.xhtml?req=granuleid:USC-prelim-title12-section5219b&num=0&edition=prelim,/us/usc/t12/s5219b/b/1
12 U.S.C. 5226(a)(3),Comptroller General,annual,,provision,https://uscode.house.gov/view.xhtml?req=granuleid:USC-prelim-title12-section5226&num=0&edition=prelim,/us/usc/t12/s5226/a/3
12 U.S.C. 5226(b),TARP,annual,annually,provision,https://uscode.house.gov/view.xhtml?req=granuleid:USC-prelim-title12-section5226&num=0&edition=prelim,/us/usc/t12/s5226/b
12 U.S.C. 5343(d),Director of the Office,annual,,provision,https://uscode.house.gov/view.xhtml?req=granuleid:USC-prelim-title12-section5343&num=0&edition=prelim,/us/usc/t12/s5343/d
12 U.S.C. 5346(b),The Office,annual,,provision,https://uscode.house.gov/view.xhtml?req=granuleid:USC-prelim-title12-section5346&num=0&edition=prelim,/us/usc/t12/s5346/b
12 U.S.C. 5390(a)(16),The Corporation,annual,annual,provision,https://uscode.house.gov/view.xhtml?req=granuleid:USC-prelim-title12-section5390&num=0&edition=prelim,/us/usc/t12/s5390/a/16
12 U.S.C. 5391(d)(3),Inspector General of the Corporation,semiannual,,provision,https://uscode.house.gov/view.xhtml?req=granuleid:USC-prelim-title12-section5391&num=0&edition=prelim,/us/usc/t12/s5391/d/3
12 U.S.C. 5391(e)(3),Inspector General of the Department of the Treasury,semiannual,,provision,https://uscode.house.gov/view.xhtml?req=granuleid:USC-prelim-title12-section5391&num=0&edition=prelim,/us/usc/t12/s5391/e/3
12 U.S.C. 5437,"the Board of Governors, the Corporation, the Office of the Comptroller of the Currency, and the Office of Thrift Supervision; and the Inspectors General of the Department of the Treasury, the Corporation, and the Board of Governors",other,"Within 180 days of July 21, 2010 (for plan); Within 60 days of receiving plan (for review); Not later than 6 months after receiving review report and every 6 months thereafter (for implementation reports)",provision,https://uscode.house.gov/view.xhtml?req=granuleid:USC-prelim-title12-section5437&num=0&edition=prelim,/us/usc/t12/s5437
12 U.S.C. 5437(c),"the Inspectors General of the Department of the Treasury, the Corporation, and the Board of Governors",semiannual,"6 months after the date on which the Committee on Banking, Housing, and Urban Affairs of the Senate and the Committee on Financial Services of the House of Representatives receives the report required under subsection (b)",provision,https://uscode.house.gov/view.xhtml?req=granuleid:USC-prelim-title12-section5437&num=0&edition=prelim,/us/usc/t12/s5437/c
12 U.S.C. 5496,The Bureau,semiannual,concurrent with each semi-annual hearing,provision,https://uscode.house.gov/view.xhtml?req=granuleid:USC-prelim-title12-section5496&num=0&edition=prelim,/us/usc/t12/s5496
12 U.S.C. 5496(a),Director of the Bureau,semiannual,semi-annual hearings,provision,https://uscode.house.gov/view.xhtml?req=granuleid:USC-prelim-title12-section5496&num=0&edition=prelim,/us/usc/t12/s5496/a
12 U.S.C. 5496(c),the Bureau,annual,,provision,https://uscode.house.gov/view.xhtml?req=granuleid:USC-prelim-title12-section5496&num=0&edition=prelim,/us/usc/t12/s5496/c
12 U.S.C. 5496(c)(1),the entity required to report under subsection (b),other,,provision,https://uscode.house.gov/view.xhtml?req=granuleid:USC-prelim-title12-section5496&num=0&edition=prelim,/us/usc/t12/s5496/c/1
12 U.S.C. 5535,Ombudsman,annual,annually,provision,https://uscode.house.gov/view.xhtml?req=granuleid:USC-prelim-title12-section5535&num=0&edition=prelim,/us/usc/t12/s5535
12 U.S.C. 5535(c)(4),Ombudsman,other,,provision,https://uscode.house.gov/view.xhtml?req=granuleid:USC-prelim-title12-section5535&num=0&edition=prelim,/us/usc/t12/s5535/c/4
12 U.S.C. 5535(d)(2),the Secretary of Education,annual,annually,provision,https://uscode.house.gov/view.xhtml?req=granuleid:USC-prelim-title12-section5535&num=0&edition=prelim,/us/usc/t12/s5535/d/2
12 U.S.C. 5587(b),The Bureau,annual,,provision,https://uscode.house.gov/view.xhtml?req=granuleid:USC-prelim-title12-section5587&num=0&edition=prelim,/us/usc/t12/s5587/b
12 U.S.C. 5601(b),the Board of Governors,biennial,"Not later than one calendar year after July 21, 2010, and on April 30 biennially thereafter during the 10-year period beginning on July 21, 2010",provision,https://uscode.house.gov/view.xhtml?req=granuleid:USC-prelim-title12-section5601&num=0&edition=prelim,/us/usc/t12/s5601/b
12 U.S.C. 5904(e),each primary Federal payment stablecoin regulator,annual,upon beginning to process applications; annually for applications pending 180 days or more,provision,https://uscode.house.gov/view.xhtml?req=granuleid:USC-prelim-title12-section5904&num=0&edition=prelim,/us/usc/t12/s5904/e
12 U.S.C. 5914,primary Federal payment stablecoin regulators,annual,"1 year after July 18, 2025",provision,https://uscode.house.gov/view.xhtml?req=granuleid:USC-prelim-title12-section5914&num=0&edition=prelim,/us/usc/t12/s5914
12 U.S.C. 635g-1(a)(1),the Bank,annual,June 30 of each year,provision,https://uscode.house.gov/view.xhtml?req=granuleid:USC-prelim-title12-section635g-1&num=0&edition=prelim,/us/usc/t12/s635g–1/a/1
12 U.S.C. 635i-5(c),The Bank,annual,,provision,https://uscode.house.gov/view.xhtml?req=granuleid:USC-prelim-title12-section635i-5&num=0&edition=prelim,/us/usc/t12/s635i–5/c
14 U.S.C. 1155(d),Commandant of the Coast Guard,annual,not later than 45 days after the end of each fiscal year,provision,https://uscode.house.gov/view.xhtml?req=granuleid:USC-prelim-title14-section1155&num=0&edition=prelim,/us/usc/t14/s1155/d
14 U.S.C. 1157,the Commandant,quarterly,Not less frequently than quarterly during each fiscal year in which extraordinary relief is approved,provision,https://uscode.house.gov/view.xhtml?req=granuleid:USC-prelim-title14-section1157&num=0&edition=prelim,/us/usc/t14/s1157
14 U.S.C. 1908,the Commandant,annual,not later than the last day of such fiscal year,provision,https://uscode.house.gov/view.xhtml?req=granuleid:USC-prelim-title14-section1908&num=0&edition=prelim,/us/usc/t14/s1908
14 U.S.C. 2116(c)(3),the Secretary,event-driven,upon making a finding pursuant to paragraph (2),provision,https://uscode.house.gov/view.xhtml?req=granuleid:USC-prelim-title14-section2116&num=0&edition=prelim,/us/usc/t14/s2116/c/3
14 U.S.C. 2131(g),the Commandant,annual,August 15 of each year,provision,https://uscode.house.gov/view.xhtml?req=granuleid:USC-prelim-title14-section2131&num=0&edition=prelim,/us/usc/t14/s2131/g
14 U.S.C. 2502 note,the Commandant of the Coast Guard,annual,"not later than 30 days after the date of enactment of this Act, and annually thereafter",note,https://uscode.house.gov/view.xhtml?req=granuleid:USC-prelim-title14-section2502&num=0&edition=prelim,/us/usc/t14/s2502/note/0
14 U.S.C. 2517(c),the Commandant,annual,"Not later than 1 year after the date of enactment of the Coast Guard Authorization Act of 2025, and annually thereafter for the following 5 years",provision,https://uscode.house.gov/view.xhtml?req=granuleid:USC-prelim-title14-section2517&num=0&edition=prelim,/us/usc/t14/s2517/c
14 U.S.C. 2519(c),the Secretary of the department in which the Coast Guard is operating,annual,"Not later than May 31, 2026",provision,https://uscode.house.gov/view.xhtml?req=granuleid:USC-prelim-title14-section2519&num=0&edition=prelim,/us/usc/t14/s2519/c
14 U.S.C. 2533(a),the Commandant,annual,March 1 each year,provision,https://uscode.house.gov/view.xhtml?req=granuleid:USC-prelim-title14-section2533&num=0&edition=prelim,/us/usc/t14/s2533/a
14 U.S.C. 2536,the Commandant,annual,"March 30, 2026",provision,https://uscode.house.gov/view.xhtml?req=granuleid:USC-prelim-title14-section2536&num=0&edition=prelim,/us/usc/t14/s2536
14 U.S.C. 335(d),The Commandant,annual,concurrent with the President’s budget submission for that fiscal year,provision,https://uscode.house.gov/view.xhtml?req=granuleid:USC-prelim-title14-section335&num=0&edition=prelim,/us/usc/t14/s335/d
14 U.S.C. 4904 note,the Commandant of the Coast Guard,event-driven,"In any fiscal year in which the submission required under section 1105 of title 31, United States Code, does not include a proportional increase in the Operations and Support funding under section 4902(1)(A) of title 14, United States Code",note,https://uscode.house.gov/view.xhtml?req=granuleid:USC-prelim-title14-section4904&num=0&edition=prelim,/us/usc/t14/s4904/note/0
14 U.S.C. 504 note,the Commandant of the Coast Guard,biennial,"not later than 1 year after the date of the enactment of this Act, and biennially thereafter",note,https://uscode.house.gov/view.xhtml?req=granuleid:USC-prelim-title14-section504&num=0&edition=prelim,/us/usc/t14/s504/note/20
14 U.S.C. 504 note,the Commandant of the Coast Guard,other,not later than 180 days after the end of each of the 5 ice seasons beginning after the date of enactment of the Coast Guard Authorization Act of 2025,note,https://uscode.house.gov/view.xhtml?req=granuleid:USC-prelim-title14-section504&num=0&edition=prelim,/us/usc/t14/s504/note/7
14 U.S.C. 5101,the Secretary,annual,not later than 30 days after the date on which the President submits to Congress a budget for a fiscal year pursuant to section 1105 of title 31,provision,https://uscode.house.gov/view.xhtml?req=granuleid:USC-prelim-title14-section5101&num=0&edition=prelim,/us/usc/t14/s5101
14 U.S.C. 5101 note,the Commandant of the Coast Guard,annual,"Not later than 90 days after the date of enactment of this Act, and annually thereafter",note,https://uscode.house.gov/view.xhtml?req=granuleid:USC-prelim-title14-section5101&num=0&edition=prelim,/us/usc/t14/s5101/note/0
14 U.S.C. 5103(a),the Secretary,biennial,In conjunction with the transmittal by the President to Congress of the budget of the United States for fiscal year 2014 and biennially thereafter,provision,https://uscode.house.gov/view.xhtml?req=granuleid:USC-prelim-title14-section5103&num=0&edition=prelim,/us/usc/t14/s5103/a
14 U.S.C. 5105(c),the Commandant,multi-year,"March 30, 2016",provision,https://uscode.house.gov/view.xhtml?req=granuleid:USC-prelim-title14-section5105&num=0&edition=prelim,/us/usc/t14/s5105/c
14 U.S.C. 5106,Commandant of the Coast Guard,annual,Not later than the date on which the President submits to Congress a budget pursuant to section 1105 of title 31,provision,https://uscode.house.gov/view.xhtml?req=granuleid:USC-prelim-title14-section5106&num=0&edition=prelim,/us/usc/t14/s5106
14 U.S.C. 5109,the Commandant,biennial,"January 15, 2022",provision,https://uscode.house.gov/view.xhtml?req=granuleid:USC-prelim-title14-section5109&num=0&edition=prelim,/us/usc/t14/s5109
14 U.S.C. 5110,the Commandant,multi-year,On the date on which the President submits to Congress a budget for fiscal year 2019 and every 4 years thereafter,provision,https://uscode.house.gov/view.xhtml?req=granuleid:USC-prelim-title14-section5110&num=0&edition=prelim,/us/usc/t14/s5110
14 U.S.C. 5111,the Commandant,annual,"January 15, 2021",provision,https://uscode.house.gov/view.xhtml?req=granuleid:USC-prelim-title14-section5111&num=0&edition=prelim,/us/usc/t14/s5111
14 U.S.C. 5112,the Commandant of the Coast Guard,annual,January 15 of each year,provision,https://uscode.house.gov/view.xhtml?req=granuleid:USC-prelim-title14-section5112&num=0&edition=prelim,/us/usc/t14/s5112
14 U.S.C. 5114,the Commandant,annual,"Not later than 1 year after the date of enactment of this section, and every February 1 thereafter",provision,https://uscode.house.gov/view.xhtml?req=granuleid:USC-prelim-title14-section5114&num=0&edition=prelim,/us/usc/t14/s5114
14 U.S.C. 5116,the Commandant,annual,"not later than 60 days after the date of enactment of this section, and not later than March 1 of each year thereafter",provision,https://uscode.house.gov/view.xhtml?req=granuleid:USC-prelim-title14-section5116&num=0&edition=prelim,/us/usc/t14/s5116
14 U.S.C. 521 note,the Commandant,annual,"not later than 2 years after the date of enactment of this Act, and annually thereafter through 2026",note,https://uscode.house.gov/view.xhtml?req=granuleid:USC-prelim-title14-section521&num=0&edition=prelim,/us/usc/t14/s521/note/0
14 U.S.C. 564,The Commandant,annual,within 3 days of request (for the data being reported),provision,https://uscode.house.gov/view.xhtml?req=granuleid:USC-prelim-title14-section564&num=0&edition=prelim,/us/usc/t14/s564
14 U.S.C. 714,The Commandant,multi-year,"Not later than January 1, 2016 and every 5 years thereafter",provision,https://uscode.house.gov/view.xhtml?req=granuleid:USC-prelim-title14-section714&num=0&edition=prelim,/us/usc/t14/s714
14 U.S.C. 719(g),the Commandant,annual,On the date on which the President submits to Congress a budget pursuant to section 1105 of title 31,provision,https://uscode.house.gov/view.xhtml?req=granuleid:USC-prelim-title14-section719&num=0&edition=prelim,/us/usc/t14/s719/g
14 U.S.C. 903,the Secretary,annual,Not later than the date on which the President submits to Congress a budget under section 1105 of title 31 each year,provision,https://uscode.house.gov/view.xhtml?req=granuleid:USC-prelim-title14-section903&num=0&edition=prelim,/us/usc/t14/s903
14 U.S.C. 946,the Secretary,annual,Before January 1 of each year,provision,https://uscode.house.gov/view.xhtml?req=granuleid:USC-prelim-title14-section946&num=0&edition=prelim,/us/usc/t14/s946
15 U.S.C. 1024(b),Joint Economic Committee,annual,not later than March 1 of each year,provision,https://uscode.house.gov/view.xhtml?req=granuleid:USC-prelim-title15-section1024&num=0&edition=prelim,/us/usc/t15/s1024/b
15 U.S.C. 1341(c),the Secretary,biennial,"not later than January 1, 1986",provision,https://uscode.house.gov/view.xhtml?req=granuleid:USC-prelim-title15-section1341&num=0&edition=prelim,/us/usc/t15/s1341/c
15 U.S.C. 1364,Secretary of Commerce,annual,not later than January 31 following the end of each fiscal year,provision,https://uscode.house.gov/view.xhtml?req=granuleid:USC-prelim-title15-section1364&num=0&edition=prelim,/us/usc/t15/s1364
15 U.S.C. 1537,Secretary of Commerce,biennial,"Not later than 12 months after October 29, 1992, and biennially thereafter",provision,https://uscode.house.gov/view.xhtml?req=granuleid:USC-prelim-title15-section1537&num=0&edition=prelim,/us/usc/t15/s1537
15 U.S.C. 1693p,the Bureau,annual,not later than twelve months after the effective date of this subchapter and at one-year intervals thereafter,provision,https://uscode.house.gov/view.xhtml?req=granuleid:USC-prelim-title15-section1693p&num=0&edition=prelim,/us/usc/t15/s1693p
15 U.S.C. 183,Secretary of Commerce,annual,first Monday of January,provision,https://uscode.house.gov/view.xhtml?req=granuleid:USC-prelim-title15-section183&num=0&edition=prelim,/us/usc/t15/s183
15 U.S.C. 1846(b),Government Accountability Office,event-driven,upon completion of audit,provision,https://uscode.house.gov/view.xhtml?req=granuleid:USC-prelim-title15-section1846&num=0&edition=prelim,/us/usc/t15/s1846/b
15 U.S.C. 1851,The Board,annual,"not later than June 30, 1973",provision,https://uscode.house.gov/view.xhtml?req=granuleid:USC-prelim-title15-section1851&num=0&edition=prelim,/us/usc/t15/s1851
15 U.S.C. 2055a(d),The Commission,annual,annual,provision,https://uscode.house.gov/view.xhtml?req=granuleid:USC-prelim-title15-section2055a&num=0&edition=prelim,/us/usc/t15/s2055a/d
15 U.S.C. 2056a(e)(1)(B),the Commission,other,"not later than 3 years after August 14, 2008, and periodically thereafter as the Commission considers appropriate",provision,https://uscode.house.gov/view.xhtml?req=granuleid:USC-prelim-title15-section2056a&num=0&edition=prelim,/us/usc/t15/s2056a/e/1/B
15 U.S.C. 205e(10),the Board,annual,,provision,https://uscode.house.gov/view.xhtml?req=granuleid:USC-prelim-title15-section205e&num=0&edition=prelim,/us/usc/t15/s205e/10
15 U.S.C. 205e(9),the Board,other,,provision,https://uscode.house.gov/view.xhtml?req=granuleid:USC-prelim-title15-section205e&num=0&edition=prelim,/us/usc/t15/s205e/9
15 U.S.C. 2076a,Consumer Product Safety Commission,annual,"Beginning 1 year after November 16, 1990",provision,https://uscode.house.gov/view.xhtml?req=granuleid:USC-prelim-title15-section2076a&num=0&edition=prelim,/us/usc/t15/s2076a
15 U.S.C. 2076b,Inspector General of the Commission,annual,"60 days after August 14, 2008; beginning for fiscal year 2010",provision,https://uscode.house.gov/view.xhtml?req=granuleid:USC-prelim-title15-section2076b&num=0&edition=prelim,/us/usc/t15/s2076b
15 U.S.C. 2082(e),The Commission,semiannual,"no later than 45 days after July 11, 1978; and no later than 6 months after the date upon which the report required in paragraph (1) is due (and no later than the end of each 6-month period thereafter)",provision,https://uscode.house.gov/view.xhtml?req=granuleid:USC-prelim-title15-section2082&num=0&edition=prelim,/us/usc/t15/s2082/e
15 U.S.C. 2218 note,Administrator of the United States Fire Administration,annual,"Not later than 1 year after the date of enactment of this Act, and annually thereafter",note,https://uscode.house.gov/view.xhtml?req=granuleid:USC-prelim-title15-section2218&num=0&edition=prelim,/us/usc/t15/s2218/note/0
15 U.S.C. 2418,the Center,annual,December 31 of each year,provision,https://uscode.house.gov/view.xhtml?req=granuleid:USC-prelim-title15-section2418&num=0&edition=prelim,/us/usc/t15/s2418
15 U.S.C. 2509(e),Secretary of Energy,annual,annually upon the completion of the appropriate accounting period,provision,https://uscode.house.gov/view.xhtml?req=granuleid:USC-prelim-title15-section2509&num=0&edition=prelim,/us/usc/t15/s2509/e
15 U.S.C. 2608(d),the Administrator,annual,,provision,https://uscode.house.gov/view.xhtml?req=granuleid:USC-prelim-title15-section2608&num=0&edition=prelim,/us/usc/t15/s2608/d
15 U.S.C. 2613(j),Administrator,event-driven,upon written request of any duly authorized committee of the Congress,provision,https://uscode.house.gov/view.xhtml?req=granuleid:USC-prelim-title15-section2613&num=0&edition=prelim,/us/usc/t15/s2613/j
15 U.S.C. 2625(b)(3),Administrator,biennial,,provision,https://uscode.house.gov/view.xhtml?req=granuleid:USC-prelim-title15-section2625&num=0&edition=prelim,/us/usc/t15/s2625/b/3
15 U.S.C. 2625(e),The Administrator and the Secretary,annual,"June 1, 1978, and on June 1 of each year thereafter",provision,https://uscode.house.gov/view.xhtml?req=granuleid:USC-prelim-title15-section2625&num=0&edition=prelim,/us/usc/t15/s2625/e
15 U.S.C. 2629,the Administrator,annual,on or before January 1 of each succeeding year,provision,https://uscode.house.gov/view.xhtml?req=granuleid:USC-prelim-title15-section2629&num=0&edition=prelim,/us/usc/t15/s2629
15 U.S.C. 2703(f)(5),Secretary of Energy,annual,each annual budget submission,provision,https://uscode.house.gov/view.xhtml?req=granuleid:USC-prelim-title15-section2703&num=0&edition=prelim,/us/usc/t15/s2703/f/5
15 U.S.C. 2709,Secretary of Energy,annual,"within 1 year after February 25, 1978",provision,https://uscode.house.gov/view.xhtml?req=granuleid:USC-prelim-title15-section2709&num=0&edition=prelim,/us/usc/t15/s2709
15 U.S.C. 272b,National Institute of Standards and Technology,annual,at the time of the release of the President’s budget,provision,https://uscode.house.gov/view.xhtml?req=granuleid:USC-prelim-title15-section272b&num=0&edition=prelim,/us/usc/t15/s272b
15 U.S.C. 278g-3e,the Comptroller General of the United States,biennial,"Every 2 years during the 6-year period beginning on December 4, 2020",provision,https://uscode.house.gov/view.xhtml?req=granuleid:USC-prelim-title15-section278g-3e&num=0&edition=prelim,/us/usc/t15/s278g–3e
15 U.S.C. 278h(d),The Director,annual,,provision,https://uscode.house.gov/view.xhtml?req=granuleid:USC-prelim-title15-section278h&num=0&edition=prelim,/us/usc/t15/s278h/d
15 U.S.C. 278i(a),The Director,other,,provision,https://uscode.house.gov/view.xhtml?req=granuleid:USC-prelim-title15-section278i&num=0&edition=prelim,/us/usc/t15/s278i/a
15 U.S.C. 2906,the Secretary,annual,not later than March 31 of each year,provision,https://uscode.house.gov/view.xhtml?req=granuleid:USC-prelim-title15-section2906&num=0&edition=prelim,/us/usc/t15/s2906
15 U.S.C. 2934(a),The Chairman of the Council,multi-year,"within one year after November 16, 1990",provision,https://uscode.house.gov/view.xhtml?req=granuleid:USC-prelim-title15-section2934&num=0&edition=prelim,/us/usc/t15/s2934/a
15 U.S.C. 2935,Federal agency or department involved in global change research,annual,with its annual request for appropriations submitted to the President,provision,https://uscode.house.gov/view.xhtml?req=granuleid:USC-prelim-title15-section2935&num=0&edition=prelim,/us/usc/t15/s2935
15 U.S.C. 2935(c),the President,annual,in each annual budget submitted to the Congress under section 1105 of title 31,provision,https://uscode.house.gov/view.xhtml?req=granuleid:USC-prelim-title15-section2935&num=0&edition=prelim,/us/usc/t15/s2935/c
15 U.S.C. 3114(a),the President,other,,provision,https://uscode.house.gov/view.xhtml?req=granuleid:USC-prelim-title15-section3114&num=0&edition=prelim,/us/usc/t15/s3114/a
15 U.S.C. 3117,President,annual,as part of the President's Budget,provision,https://uscode.house.gov/view.xhtml?req=granuleid:USC-prelim-title15-section3117&num=0&edition=prelim,/us/usc/t15/s3117
15 U.S.C. 3132,Joint Economic Committee,annual,On or before March 15 of each year,provision,https://uscode.house.gov/view.xhtml?req=granuleid:USC-prelim-title15-section3132&num=0&edition=prelim,/us/usc/t15/s3132
15 U.S.C. 3132(d),majority of the members of the Joint Economic Committee,annual,On or before March 15 of each year,provision,https://uscode.house.gov/view.xhtml?req=granuleid:USC-prelim-title15-section3132&num=0&edition=prelim,/us/usc/t15/s3132/d
15 U.S.C. 3209,Secretary,annual,"Not later than 18 months after November 9, 1978",provision,https://uscode.house.gov/view.xhtml?req=granuleid:USC-prelim-title15-section3209&num=0&edition=prelim,/us/usc/t15/s3209
15 U.S.C. 3704b-2,the Secretary,annual,as part of the annual report required under section 3704b(f)(3),provision,https://uscode.house.gov/view.xhtml?req=granuleid:USC-prelim-title15-section3704b-2&num=0&edition=prelim,/us/usc/t15/s3704b–2
15 U.S.C. 3717(h),National Quality Council,annual,,provision,https://uscode.house.gov/view.xhtml?req=granuleid:USC-prelim-title15-section3717&num=0&edition=prelim,/us/usc/t15/s3717/h
15 U.S.C. 3719(p),the Director,biennial,Not later than March 1 of every other year,provision,https://uscode.house.gov/view.xhtml?req=granuleid:USC-prelim-title15-section3719&num=0&edition=prelim,/us/usc/t15/s3719/p
15 U.S.C. 3721(m),Secretary,annual,,provision,https://uscode.house.gov/view.xhtml?req=granuleid:USC-prelim-title15-section3721&num=0&edition=prelim,/us/usc/t15/s3721/m
15 U.S.C. 3721(n),the Secretary,annual,"Concurrent with the submission to Congress of the President’s annual budget request in each year after January 4, 2011",provision,https://uscode.house.gov/view.xhtml?req=granuleid:USC-prelim-title15-section3721&num=0&edition=prelim,/us/usc/t15/s3721/n
15 U.S.C. 378(f),the Attorney General of the United States,annual,"Not later than 1 year after March 31, 2010, and every year thereafter until the date that is 5 years after March 31, 2010",provision,https://uscode.house.gov/view.xhtml?req=granuleid:USC-prelim-title15-section378&num=0&edition=prelim,/us/usc/t15/s378/f
15 U.S.C. 3803(d),Secretary of Energy,annual,,provision,https://uscode.house.gov/view.xhtml?req=granuleid:USC-prelim-title15-section3803&num=0&edition=prelim,/us/usc/t15/s3803/d
15 U.S.C. 4103,The Commission,annual,Not later than January 31 of each year,provision,https://uscode.house.gov/view.xhtml?req=granuleid:USC-prelim-title15-section4103&num=0&edition=prelim,/us/usc/t15/s4103
15 U.S.C. 4107,Interagency Committee,biennial,"Not later than January 31, 1986, and biennially thereafter",provision,https://uscode.house.gov/view.xhtml?req=granuleid:USC-prelim-title15-section4107&num=0&edition=prelim,/us/usc/t15/s4107
15 U.S.C. 4108,Interagency Committee,biennial,"within one year after July 31, 1984",provision,https://uscode.house.gov/view.xhtml?req=granuleid:USC-prelim-title15-section4108&num=0&edition=prelim,/us/usc/t15/s4108
15 U.S.C. 4305 note,Attorney General,annual,In the 30-day period beginning at each 1-year interval in the 6-year period beginning on the date of the enactment of this Act,note,https://uscode.house.gov/view.xhtml?req=granuleid:USC-prelim-title15-section4305&num=0&edition=prelim,/us/usc/t15/s4305/note/0
15 U.S.C. 4504(f),Administrator of the Economic Regulatory Administration,annual,"By July 1, 1987, and by July 1 of each year thereafter",provision,https://uscode.house.gov/view.xhtml?req=granuleid:USC-prelim-title15-section4504&num=0&edition=prelim,/us/usc/t15/s4504/f
15 U.S.C. 4505(b),the Secretary,annual,"each fiscal year, beginning in fiscal year 1987",provision,https://uscode.house.gov/view.xhtml?req=granuleid:USC-prelim-title15-section4505&num=0&edition=prelim,/us/usc/t15/s4505/b
15 U.S.C. 4602,"independent, commercial auditor",annual,annual,provision,https://uscode.house.gov/view.xhtml?req=granuleid:USC-prelim-title15-section4602&num=0&edition=prelim,/us/usc/t15/s4602
15 U.S.C. 4603(b),Semiconductor Technology Council,annual,March 31 of each year,provision,https://uscode.house.gov/view.xhtml?req=granuleid:USC-prelim-title15-section4603&num=0&edition=prelim,/us/usc/t15/s4603/b
15 U.S.C. 4603a,Semiconductor Technology Council,annual,"Not later than February 1, 1989, and annually thereafter",provision,https://uscode.house.gov/view.xhtml?req=granuleid:USC-prelim-title15-section4603a&num=0&edition=prelim,/us/usc/t15/s4603a
15 U.S.C. 4632(e),The Committee,annual,At the close of each fiscal year,provision,https://uscode.house.gov/view.xhtml?req=granuleid:USC-prelim-title15-section4632&num=0&edition=prelim,/us/usc/t15/s4632/e
15 U.S.C. 4652(c),Comptroller General of the United States,biennial,"not later than 2 years after the date of disbursement of the first financial award under subsection (a), and biennially thereafter for 10 years",provision,https://uscode.house.gov/view.xhtml?req=granuleid:USC-prelim-title15-section4652&num=0&edition=prelim,/us/usc/t15/s4652/c
15 U.S.C. 4652 note,Secretary of Commerce,annual,Beginning on the date that is 1 year after the date on which the Secretary of Commerce establishes the activities described in subsection (c),note,https://uscode.house.gov/view.xhtml?req=granuleid:USC-prelim-title15-section4652&num=0&edition=prelim,/us/usc/t15/s4652/note/0
15 U.S.C. 4655(a),Secretary of the Treasury,annual,"180 days after January 1, 2021, and annually thereafter until such Fund is established",provision,https://uscode.house.gov/view.xhtml?req=granuleid:USC-prelim-title15-section4655&num=0&edition=prelim,/us/usc/t15/s4655/a
15 U.S.C. 4721(g),the Inspector General of the Department of Commerce,other,at least once every 3 years,provision,https://uscode.house.gov/view.xhtml?req=granuleid:USC-prelim-title15-section4721&num=0&edition=prelim,/us/usc/t15/s4721/g
15 U.S.C. 4721(g)(1),the Inspector General of the Department of Commerce,event-driven,at least once every 3 years,provision,https://uscode.house.gov/view.xhtml?req=granuleid:USC-prelim-title15-section4721&num=0&edition=prelim,/us/usc/t15/s4721/g/1
15 U.S.C. 4728(b),chairperson of the TPCC,annual,,provision,https://uscode.house.gov/view.xhtml?req=granuleid:USC-prelim-title15-section4728&num=0&edition=prelim,/us/usc/t15/s4728/b
15 U.S.C. 4729,Secretary of Commerce,annual,May 31 of each year,provision,https://uscode.house.gov/view.xhtml?req=granuleid:USC-prelim-title15-section4729&num=0&edition=prelim,/us/usc/t15/s4729
15 U.S.C. 4729(b),Department of Commerce,other,,provision,https://uscode.house.gov/view.xhtml?req=granuleid:USC-prelim-title15-section4729&num=0&edition=prelim,/us/usc/t15/s4729/b
15 U.S.C. 4803,the Council,annual,,provision,https://uscode.house.gov/view.xhtml?req=granuleid:USC-prelim-title15-section4803&num=0&edition=prelim,/us/usc/t15/s4803
15 U.S.C. 4803(6),the Council,other,,provision,https://uscode.house.gov/view.xhtml?req=granuleid:USC-prelim-title15-section4803&num=0&edition=prelim,/us/usc/t15/s4803/6
15 U.S.C. 4807,The Council,annual,March 1,provision,https://uscode.house.gov/view.xhtml?req=granuleid:USC-prelim-title15-section4807&num=0&edition=prelim,/us/usc/t15/s4807
15 U.S.C. 4807(c),Congressional committees,event-driven,,provision,https://uscode.house.gov/view.xhtml?req=granuleid:USC-prelim-title15-section4807&num=0&edition=prelim,/us/usc/t15/s4807/c
15 U.S.C. 505,the corporation,annual,on or before the 1st day of December in each year,provision,https://uscode.house.gov/view.xhtml?req=granuleid:USC-prelim-title15-section505&num=0&edition=prelim,/us/usc/t15/s505
15 U.S.C. 5107,The Secretary,annual,at the close of each fiscal year,provision,https://uscode.house.gov/view.xhtml?req=granuleid:USC-prelim-title15-section5107&num=0&edition=prelim,/us/usc/t15/s5107
15 U.S.C. 5203,Secretary of Energy,annual,"Within 180 days after November 19, 1988, and for the two succeeding years thereafter",provision,https://uscode.house.gov/view.xhtml?req=granuleid:USC-prelim-title15-section5203&num=0&edition=prelim,/us/usc/t15/s5203
15 U.S.C. 57a note,"Consumer Subcommittee of the Committee on Commerce, Science, and Transportation of the Senate",other,"at least once during the first 6 calendar months, and at least once during the last 6 calendar months, of each of the fiscal years 1980, 1981, and 1982",note,https://uscode.house.gov/view.xhtml?req=granuleid:USC-prelim-title15-section57a&num=0&edition=prelim,/us/usc/t15/s57a/note/2
15 U.S.C. 6154,"Federal Trade Commission, in consultation with the Federal Communications Commission",biennial,"Not later than December 31, 2009",provision,https://uscode.house.gov/view.xhtml?req=granuleid:USC-prelim-title15-section6154&num=0&edition=prelim,/us/usc/t15/s6154
15 U.S.C. 631b,The President,annual,not later than January 20 of each year,provision,https://uscode.house.gov/view.xhtml?req=granuleid:USC-prelim-title15-section631b&num=0&edition=prelim,/us/usc/t15/s631b
15 U.S.C. 631b(e),the entity reporting pursuant to subsection (a),other,,provision,https://uscode.house.gov/view.xhtml?req=granuleid:USC-prelim-title15-section631b&num=0&edition=prelim,/us/usc/t15/s631b/e
15 U.S.C. 631b(e)(3),the entity responsible for reports under subsection (a),other,,provision,https://uscode.house.gov/view.xhtml?req=granuleid:USC-prelim-title15-section631b&num=0&edition=prelim,/us/usc/t15/s631b/e/3
15 U.S.C. 631c,Small Business Manufacturing Task Force,annual,"not later than 1 year after December 8, 2004, and annually thereafter",provision,https://uscode.house.gov/view.xhtml?req=granuleid:USC-prelim-title15-section631c&num=0&edition=prelim,/us/usc/t15/s631c
15 U.S.C. 634b,Office of Advocacy,other,,provision,https://uscode.house.gov/view.xhtml?req=granuleid:USC-prelim-title15-section634b&num=0&edition=prelim,/us/usc/t15/s634b
15 U.S.C. 636k(a),the Administrator,monthly,not later than the fifth business day of each month during the applicable period for a major disaster,provision,https://uscode.house.gov/view.xhtml?req=granuleid:USC-prelim-title15-section636k&num=0&edition=prelim,/us/usc/t15/s636k/a
15 U.S.C. 636k(b),the Administration,weekly,Each week during a disaster update period,provision,https://uscode.house.gov/view.xhtml?req=granuleid:USC-prelim-title15-section636k&num=0&edition=prelim,/us/usc/t15/s636k/b
15 U.S.C. 636k(b)(2)(A),SBA Administration,weekly,weekly,provision,https://uscode.house.gov/view.xhtml?req=granuleid:USC-prelim-title15-section636k&num=0&edition=prelim,/us/usc/t15/s636k/b/2/A
15 U.S.C. 636k(b)(2)(B),not specified,weekly,weekly,provision,https://uscode.house.gov/view.xhtml?req=granuleid:USC-prelim-title15-section636k&num=0&edition=prelim,/us/usc/t15/s636k/b/2/B
15 U.S.C. 636k(b)(2)(C),not specified,weekly,weekly,provision,https://uscode.house.gov/view.xhtml?req=granuleid:USC-prelim-title15-section636k&num=0&edition=prelim,/us/usc/t15/s636k/b/2/C
15 U.S.C. 636k(b)(2)(D),not specified,weekly,weekly,provision,https://uscode.house.gov/view.xhtml?req=granuleid:USC-prelim-title15-section636k&num=0&edition=prelim,/us/usc/t15/s636k/b/2/D
15 U.S.C. 636k(b)(2)(G),not specified,weekly,weekly,provision,https://uscode.house.gov/view.xhtml?req=granuleid:USC-prelim-title15-section636k&num=0&edition=prelim,/us/usc/t15/s636k/b/2/G
15 U.S.C. 636k(b)(2)(K),not specified,weekly,weekly,provision,https://uscode.house.gov/view.xhtml?req=granuleid:USC-prelim-title15-section636k&num=0&edition=prelim,/us/usc/t15/s636k/b/2/K
15 U.S.C. 636k(b)(2)(L),not specified,weekly,weekly,provision,https://uscode.house.gov/view.xhtml?req=granuleid:USC-prelim-title15-section636k&num=0&edition=prelim,/us/usc/t15/s636k/b/2/L
15 U.S.C. 636k(b)(2)(M),not specified,weekly,weekly,provision,https://uscode.house.gov/view.xhtml?req=granuleid:USC-prelim-title15-section636k&num=0&edition=prelim,/us/usc/t15/s636k/b/2/M
15 U.S.C. 636k(c),Administrator,monthly,During any period for which the Administrator declares eligibility for additional disaster assistance,provision,https://uscode.house.gov/view.xhtml?req=granuleid:USC-prelim-title15-section636k&num=0&edition=prelim,/us/usc/t15/s636k/c
15 U.S.C. 636l,the President,semiannual,"Not later than 180 days after December 20, 2019, and semiannually thereafter",provision,https://uscode.house.gov/view.xhtml?req=granuleid:USC-prelim-title15-section636l&num=0&edition=prelim,/us/usc/t15/s636l
15 U.S.C. 637d,Administrator of the Small Business Administration,annual,Not later than March 31 of each year,provision,https://uscode.house.gov/view.xhtml?req=granuleid:USC-prelim-title15-section637d&num=0&edition=prelim,/us/usc/t15/s637d
15 U.S.C. 639a,Small Business Administration,event-driven,at least one year in advance of the date on which such authorization is to be provided,provision,https://uscode.house.gov/view.xhtml?req=granuleid:USC-prelim-title15-section639a&num=0&edition=prelim,/us/usc/t15/s639a
15 U.S.C. 6404(k),Propane Education and Research Council,annual,Before August 1 each year,provision,https://uscode.house.gov/view.xhtml?req=granuleid:USC-prelim-title15-section6404&num=0&edition=prelim,/us/usc/t15/s6404/k
15 U.S.C. 644a,Small Business Procurement Advisory Council,annual,annually,provision,https://uscode.house.gov/view.xhtml?req=granuleid:USC-prelim-title15-section644a&num=0&edition=prelim,/us/usc/t15/s644a
15 U.S.C. 645a,Administrator of the Small Business Administration,annual,each year,provision,https://uscode.house.gov/view.xhtml?req=granuleid:USC-prelim-title15-section645a&num=0&edition=prelim,/us/usc/t15/s645a
15 U.S.C. 6553,the Commission,annual,not later than March 31,provision,https://uscode.house.gov/view.xhtml?req=granuleid:USC-prelim-title15-section6553&num=0&edition=prelim,/us/usc/t15/s6553
15 U.S.C. 657h(c)(2),the Administrator,annual,Not later than 60 days after the date on which all reports under subparagraph (B) relating to a year are submitted,provision,https://uscode.house.gov/view.xhtml?req=granuleid:USC-prelim-title15-section657h&num=0&edition=prelim,/us/usc/t15/s657h/c/2
15 U.S.C. 657p(b),the Administrator,biennial,"Not later than 2 years after February 4, 2009, and every 2 years thereafter",provision,https://uscode.house.gov/view.xhtml?req=granuleid:USC-prelim-title15-section657p&num=0&edition=prelim,/us/usc/t15/s657p/b
15 U.S.C. 697a note,Small Business Administration,annual,not later than 90 days after the date of the last debenture sale in each fiscal year,note,https://uscode.house.gov/view.xhtml?req=granuleid:USC-prelim-title15-section697a&num=0&edition=prelim,/us/usc/t15/s697a/note/1
15 U.S.C. 697d note,the Administration,biennial,not later than 1 year after the effective date of regulations promulgated under subsection (b),note,https://uscode.house.gov/view.xhtml?req=granuleid:USC-prelim-title15-section697d&num=0&edition=prelim,/us/usc/t15/s697d/note/1
15 U.S.C. 7104,Interagency Committee,annual,"September 30, 1995",provision,https://uscode.house.gov/view.xhtml?req=granuleid:USC-prelim-title15-section7104&num=0&edition=prelim,/us/usc/t15/s7104
15 U.S.C. 7106,the Council,annual,not later than 90 days after the last day of each fiscal year,provision,https://uscode.house.gov/view.xhtml?req=granuleid:USC-prelim-title15-section7106&num=0&edition=prelim,/us/usc/t15/s7106
15 U.S.C. 7106(c),The Council,other,,provision,https://uscode.house.gov/view.xhtml?req=granuleid:USC-prelim-title15-section7106&num=0&edition=prelim,/us/usc/t15/s7106/c
15 U.S.C. 713c-1,Federal Surplus Commodities Corporation,annual,on the first day of each regular session,provision,https://uscode.house.gov/view.xhtml?req=granuleid:USC-prelim-title15-section713c-1&num=0&edition=prelim,/us/usc/t15/s713c–1
15 U.S.C. 714k,The Corporation,quarterly,quarterly,provision,https://uscode.house.gov/view.xhtml?req=granuleid:USC-prelim-title15-section714k&num=0&edition=prelim,/us/usc/t15/s714k
15 U.S.C. 714k note,Secretary of Agriculture,annual,,note,https://uscode.house.gov/view.xhtml?req=granuleid:USC-prelim-title15-section714k&num=0&edition=prelim,/us/usc/t15/s714k/note/2
15 U.S.C. 7211(h),the Commission,annual,not later than 30 days after the date of receipt of that report by the Commission,provision,https://uscode.house.gov/view.xhtml?req=granuleid:USC-prelim-title15-section7211&num=0&edition=prelim,/us/usc/t15/s7211/h
15 U.S.C. 7309,Director of the National Institute of Standards and Technology,annual,Not later than February 15 of each year,provision,https://uscode.house.gov/view.xhtml?req=granuleid:USC-prelim-title15-section7309&num=0&edition=prelim,/us/usc/t15/s7309
15 U.S.C. 7310,advisory committee,annual,January 1 of each year,provision,https://uscode.house.gov/view.xhtml?req=granuleid:USC-prelim-title15-section7310&num=0&edition=prelim,/us/usc/t15/s7310
15 U.S.C. 7431(a)(3),"heads of the applicable agencies and departments, working through the National Science and Technology Council and Networking and Information Technology Research and Development Program",annual,"not later than 1 year after December 18, 2014 (for strategic plan); quadrennially (for updates); annual (for roadmap updates)",provision,https://uscode.house.gov/view.xhtml?req=granuleid:USC-prelim-title15-section7431&num=0&edition=prelim,/us/usc/t15/s7431/a/3
15 U.S.C. 7501(d),The Council,annual,at the time of the President’s budget request to Congress,provision,https://uscode.house.gov/view.xhtml?req=granuleid:USC-prelim-title15-section7501&num=0&edition=prelim,/us/usc/t15/s7501/d
15 U.S.C. 7504(d),Director of the Office of Science and Technology Policy,multi-year,Not later than 30 days after the date the President receives the report under paragraph (1),provision,https://uscode.house.gov/view.xhtml?req=granuleid:USC-prelim-title15-section7504&num=0&edition=prelim,/us/usc/t15/s7504/d
15 U.S.C. 764(b)(1),Administrator,other,,provision,https://uscode.house.gov/view.xhtml?req=granuleid:USC-prelim-title15-section764&num=0&edition=prelim,/us/usc/t15/s764/b/1
15 U.S.C. 774(b),Administrator,annual,"every year after May 7, 1974",provision,https://uscode.house.gov/view.xhtml?req=granuleid:USC-prelim-title15-section774&num=0&edition=prelim,/us/usc/t15/s774/b
15 U.S.C. 777,"the Administrator, together with the Secretaries of Labor and Commerce",annual,,provision,https://uscode.house.gov/view.xhtml?req=granuleid:USC-prelim-title15-section777&num=0&edition=prelim,/us/usc/t15/s777
15 U.S.C. 77gg,The Corporation,annual,each year,provision,https://uscode.house.gov/view.xhtml?req=granuleid:USC-prelim-title15-section77gg&num=0&edition=prelim,/us/usc/t15/s77gg
15 U.S.C. 78d(g)(4)(E),Office of the Investor Advocate,other,,provision,https://uscode.house.gov/view.xhtml?req=granuleid:USC-prelim-title15-section78d&num=0&edition=prelim,/us/usc/t15/s78d/g/4/E
15 U.S.C. 78d(g)(6),the Investor Advocate,annual,June 30 (for objectives report); December 31 (for activities report),provision,https://uscode.house.gov/view.xhtml?req=granuleid:USC-prelim-title15-section78d&num=0&edition=prelim,/us/usc/t15/s78d/g/6
15 U.S.C. 78d(i)(4)(F),Advocate for Small Business Capital Formation,other,,provision,https://uscode.house.gov/view.xhtml?req=granuleid:USC-prelim-title15-section78d&num=0&edition=prelim,/us/usc/t15/s78d/i/4/F
15 U.S.C. 78d(i)(6),Advocate for Small Business Capital Formation,annual,Not later than December 31 of each year after 2015,provision,https://uscode.house.gov/view.xhtml?req=granuleid:USC-prelim-title15-section78d&num=0&edition=prelim,/us/usc/t15/s78d/i/6
15 U.S.C. 78d(i)(6)(D),Office of the Advocate for Small Business Capital Formation,annual,,provision,https://uscode.house.gov/view.xhtml?req=granuleid:USC-prelim-title15-section78d&num=0&edition=prelim,/us/usc/t15/s78d/i/6/D
15 U.S.C. 78dd-1 note,Secretary of Commerce,annual,July 1 of 1999,note,https://uscode.house.gov/view.xhtml?req=granuleid:USC-prelim-title15-section78dd-1&num=0&edition=prelim,/us/usc/t15/s78dd–1/note/1
15 U.S.C. 78d-6(a),the Commission,annual,Not later than 90 days after the end of each fiscal year,provision,https://uscode.house.gov/view.xhtml?req=granuleid:USC-prelim-title15-section78d-6&num=0&edition=prelim,/us/usc/t15/s78d–6/a
15 U.S.C. 78d-6(b),the Commission,annual,end of the most recent fiscal year,provision,https://uscode.house.gov/view.xhtml?req=granuleid:USC-prelim-title15-section78d-6&num=0&edition=prelim,/us/usc/t15/s78d–6/b
15 U.S.C. 78d-7,Comptroller General of the United States,multi-year,Once every 3 years,provision,https://uscode.house.gov/view.xhtml?req=granuleid:USC-prelim-title15-section78d-7&num=0&edition=prelim,/us/usc/t15/s78d–7
15 U.S.C. 78d-7(b),the Commission,multi-year,,provision,https://uscode.house.gov/view.xhtml?req=granuleid:USC-prelim-title15-section78d-7&num=0&edition=prelim,/us/usc/t15/s78d–7/b
15 U.S.C. 78ggg,SIPC,annual,As soon as practicable after the close of each fiscal year,provision,https://uscode.house.gov/view.xhtml?req=granuleid:USC-prelim-title15-section78ggg&num=0&edition=prelim,/us/usc/t15/s78ggg
15 U.S.C. 78ggg(c),The Commission,annual,As soon as practicable after the close of each fiscal year,provision,https://uscode.house.gov/view.xhtml?req=granuleid:USC-prelim-title15-section78ggg&num=0&edition=prelim,/us/usc/t15/s78ggg/c
15 U.S.C. 78ggg(c)(2),SEC,annual,As soon as practicable after the close of each fiscal year,provision,https://uscode.house.gov/view.xhtml?req=granuleid:USC-prelim-title15-section78ggg&num=0&edition=prelim,/us/usc/t15/s78ggg/c/2
15 U.S.C. 78m(b)(3),each head of a Federal department or agency of the United States,annual,October 1 of each year,provision,https://uscode.house.gov/view.xhtml?req=granuleid:USC-prelim-title15-section78m&num=0&edition=prelim,/us/usc/t15/s78m/b/3
15 U.S.C. 78m(r)(4),the Commission,event-driven,promptly upon receiving a notice,provision,https://uscode.house.gov/view.xhtml?req=granuleid:USC-prelim-title15-section78m&num=0&edition=prelim,/us/usc/t15/s78m/r/4
15 U.S.C. 78o-7 note,Securities and Exchange Commission,annual,annually,note,https://uscode.house.gov/view.xhtml?req=granuleid:USC-prelim-title15-section78o-7&num=0&edition=prelim,/us/usc/t15/s78o–7/note/6
15 U.S.C. 78q-2,the Commission,annual,"in each of the first 5 annual reports (under section 78w(b)(1) of this title) submitted more than 12 months after October 15, 1990",provision,https://uscode.house.gov/view.xhtml?req=granuleid:USC-prelim-title15-section78q-2&num=0&edition=prelim,/us/usc/t15/s78q–2
15 U.S.C. 78u-6(a),the Commission,annual,"Not later than October 30 of each fiscal year beginning after July 21, 2010",provision,https://uscode.house.gov/view.xhtml?req=granuleid:USC-prelim-title15-section78u-6&num=0&edition=prelim,/us/usc/t15/s78u–6/a
15 U.S.C. 78u-7,Securities and Exchange Commission,annual,,provision,https://uscode.house.gov/view.xhtml?req=granuleid:USC-prelim-title15-section78u-7&num=0&edition=prelim,/us/usc/t15/s78u–7
15 U.S.C. 78w(b)(1),"The Commission, the Board of Governors of the Federal Reserve System, and the other agencies enumerated in section 78c(a)(34) of this title",annual,annually,provision,https://uscode.house.gov/view.xhtml?req=granuleid:USC-prelim-title15-section78w&num=0&edition=prelim,/us/usc/t15/s78w/b/1
15 U.S.C. 78w(b)(2),the appropriate regulatory agency for a self-regulatory organization,annual,each fiscal year,provision,https://uscode.house.gov/view.xhtml?req=granuleid:USC-prelim-title15-section78w&num=0&edition=prelim,/us/usc/t15/s78w/b/2
15 U.S.C. 78w(b)(3),the appropriate regulatory agency for any class of municipal securities dealers,annual,each fiscal year,provision,https://uscode.house.gov/view.xhtml?req=granuleid:USC-prelim-title15-section78w&num=0&edition=prelim,/us/usc/t15/s78w/b/3
15 U.S.C. 78w(b)(4),The Commission,annual,each fiscal year,provision,https://uscode.house.gov/view.xhtml?req=granuleid:USC-prelim-title15-section78w&num=0&edition=prelim,/us/usc/t15/s78w/b/4
15 U.S.C. 796(c),Federal Energy Administrator,quarterly,each calendar quarter which begins 6 months after the date on which the accounting practices developed pursuant to such section 503 are made effective,provision,https://uscode.house.gov/view.xhtml?req=granuleid:USC-prelim-title15-section796&num=0&edition=prelim,/us/usc/t15/s796/c
15 U.S.C. 80a-14(b),The Commission,event-driven,at such times as it deems that any substantial further increase in size of investment companies creates any problem involving the protection of investors or the public interest,provision,https://uscode.house.gov/view.xhtml?req=granuleid:USC-prelim-title15-section80a-14&num=0&edition=prelim,/us/usc/t15/s80a–14/b
15 U.S.C. 80c-1,Securities and Exchange Commission,annual,,provision,https://uscode.house.gov/view.xhtml?req=granuleid:USC-prelim-title15-section80c-1&num=0&edition=prelim,/us/usc/t15/s80c–1
15 U.S.C. 80c-1(d),the entity conducting the forum,annual,,provision,https://uscode.house.gov/view.xhtml?req=granuleid:USC-prelim-title15-section80c-1&num=0&edition=prelim,/us/usc/t15/s80c–1/d
15 U.S.C. 8513,"The Under Secretary, acting through the Assistant Administrator for Oceanic and Atmospheric Research and in coordination with the Director of the National Weather Service",annual,Following completion of the plan,provision,https://uscode.house.gov/view.xhtml?req=granuleid:USC-prelim-title15-section8513&num=0&edition=prelim,/us/usc/t15/s8513
15 U.S.C. 8520(a),Secretary of Commerce,annual,,provision,https://uscode.house.gov/view.xhtml?req=granuleid:USC-prelim-title15-section8520&num=0&edition=prelim,/us/usc/t15/s8520/a
15 U.S.C. 8541,Under Secretary of NOAA,annual,Within 30 days of receipt of such report,provision,https://uscode.house.gov/view.xhtml?req=granuleid:USC-prelim-title15-section8541&num=0&edition=prelim,/us/usc/t15/s8541
15 U.S.C. 8543,the Under Secretary,annual,not less frequently than once each year,provision,https://uscode.house.gov/view.xhtml?req=granuleid:USC-prelim-title15-section8543&num=0&edition=prelim,/us/usc/t15/s8543
15 U.S.C. 8814,National Quantum Initiative Advisory Committee,biennial,"Not later than 180 days after December 21, 2018, and at least biennially thereafter",provision,https://uscode.house.gov/view.xhtml?req=granuleid:USC-prelim-title15-section8814&num=0&edition=prelim,/us/usc/t15/s8814
15 U.S.C. 9002(d),the Administrator,annual,"Not later than 6 months after March 27, 2020, and annually thereafter",provision,https://uscode.house.gov/view.xhtml?req=granuleid:USC-prelim-title15-section9002&num=0&edition=prelim,/us/usc/t15/s9002/d
15 U.S.C. 9007(d),Minority Business Development Agency,annual,"Not later than 6 months after March 27, 2020, and annually thereafter",provision,https://uscode.house.gov/view.xhtml?req=granuleid:USC-prelim-title15-section9007&num=0&edition=prelim,/us/usc/t15/s9007/d
15 U.S.C. 9053(f),Special Inspector General,quarterly,"Not later than 60 days after the date on which the Special Inspector General is confirmed, and once every calendar quarter thereafter",provision,https://uscode.house.gov/view.xhtml?req=granuleid:USC-prelim-title15-section9053&num=0&edition=prelim,/us/usc/t15/s9053/f
15 U.S.C. 9060(b)(2),Board of Governors of the Federal Reserve System,event-driven,not later than 7 days after the Board authorizes a new facility or other financial assistance; once every 30 days with respect to outstanding loans,provision,https://uscode.house.gov/view.xhtml?req=granuleid:USC-prelim-title15-section9060&num=0&edition=prelim,/us/usc/t15/s9060/b/2
15 U.S.C. 9060(c),The Secretary and the Chairman of the Board of Governors of the Federal Reserve System,semiannual,,provision,https://uscode.house.gov/view.xhtml?req=granuleid:USC-prelim-title15-section9060&num=0&edition=prelim,/us/usc/t15/s9060/c
15 U.S.C. 9060(f),the Comptroller General of the United States,annual,"Not later than 9 months after March 27, 2020, and annually thereafter through the year succeeding the last year for which loans, loan guarantees, or other investments made under section 9042 of this title are outstanding",provision,https://uscode.house.gov/view.xhtml?req=granuleid:USC-prelim-title15-section9060&num=0&edition=prelim,/us/usc/t15/s9060/f
15 U.S.C. 9412,The Director of the Office of Science and Technology Policy,annual,as part of the President’s annual budget request to Congress,provision,https://uscode.house.gov/view.xhtml?req=granuleid:USC-prelim-title15-section9412&num=0&edition=prelim,/us/usc/t15/s9412
15 U.S.C. 9413(e),Interagency Committee,annual,not later than 90 days after submission of the President’s annual budget request for such fiscal year,provision,https://uscode.house.gov/view.xhtml?req=granuleid:USC-prelim-title15-section9413&num=0&edition=prelim,/us/usc/t15/s9413/e
15 U.S.C. 9803(a),Assistant Secretary of Commerce for Travel and Tourism,event-driven,,provision,https://uscode.house.gov/view.xhtml?req=granuleid:USC-prelim-title15-section9803&num=0&edition=prelim,/us/usc/t15/s9803/a
16 U.S.C. 1015a(f),the Secretary,multi-year,"not later than 5 years after March 30, 2009, and every 5 years thereafter",provision,https://uscode.house.gov/view.xhtml?req=granuleid:USC-prelim-title16-section1015a&num=0&edition=prelim,/us/usc/t16/s1015a/f
16 U.S.C. 1015a(f)(1),the Secretary,biennial,"Not later than 5 years after March 30, 2009, and every 5 years thereafter",provision,https://uscode.house.gov/view.xhtml?req=granuleid:USC-prelim-title16-section1015a&num=0&edition=prelim,/us/usc/t16/s1015a/f/1
16 U.S.C. 1057,Director of the National Fisheries Center and Aquarium,annual,,provision,https://uscode.house.gov/view.xhtml?req=granuleid:USC-prelim-title16-section1057&num=0&edition=prelim,/us/usc/t16/s1057
16 U.S.C. 122a,Secretary of the Interior,biennial,Within two years of the effective date of this provision,provision,https://uscode.house.gov/view.xhtml?req=granuleid:USC-prelim-title16-section122a&num=0&edition=prelim,/us/usc/t16/s122a
16 U.S.C. 1248(e),Secretary of the Interior,annual,during the preceding fiscal year,provision,https://uscode.house.gov/view.xhtml?req=granuleid:USC-prelim-title16-section1248&num=0&edition=prelim,/us/usc/t16/s1248/e
16 U.S.C. 1340,Secretaries of the Interior and Agriculture,biennial,"After the expiration of thirty calendar months following December 15, 1971, and every twenty-four calendar months thereafter",provision,https://uscode.house.gov/view.xhtml?req=granuleid:USC-prelim-title16-section1340&num=0&edition=prelim,/us/usc/t16/s1340
16 U.S.C. 1373(f),the Secretary,annual,Within six months after the effective date of this chapter and every twelve months thereafter,provision,https://uscode.house.gov/view.xhtml?req=granuleid:USC-prelim-title16-section1373&num=0&edition=prelim,/us/usc/t16/s1373/f
16 U.S.C. 1380(d),"Secretary of Commerce, the Secretary of the Interior, and the Commission",annual,,provision,https://uscode.house.gov/view.xhtml?req=granuleid:USC-prelim-title16-section1380&num=0&edition=prelim,/us/usc/t16/s1380/d
16 U.S.C. 1382,the Secretary,annual,annual,provision,https://uscode.house.gov/view.xhtml?req=granuleid:USC-prelim-title16-section1382&num=0&edition=prelim,/us/usc/t16/s1382
16 U.S.C. 1421f-3(b)(2)(C),not specified,other,,provision,https://uscode.house.gov/view.xhtml?req=granuleid:USC-prelim-title16-section1421f-3&num=0&edition=prelim,/us/usc/t16/s1421f–3/b/2/C
16 U.S.C. 1421f-3(d)(3)(A),the entity responsible for the report under paragraph (1),other,,provision,https://uscode.house.gov/view.xhtml?req=granuleid:USC-prelim-title16-section1421f-3&num=0&edition=prelim,/us/usc/t16/s1421f–3/d/3/A
16 U.S.C. 1421f-3(d)(3)(F),not specified,other,,provision,https://uscode.house.gov/view.xhtml?req=granuleid:USC-prelim-title16-section1421f-3&num=0&edition=prelim,/us/usc/t16/s1421f–3/d/3/F
16 U.S.C. 1447e,Administrator of the National Oceanic and Atmospheric Administration and the Administrator of the Environmental Protection Agency,biennial,not later than 2 years after the approval of its comprehensive plan under section 1447d of this title and at 2-year intervals thereafter,provision,https://uscode.house.gov/view.xhtml?req=granuleid:USC-prelim-title16-section1447e&num=0&edition=prelim,/us/usc/t16/s1447e
16 U.S.C. 1462(a),the Secretary,biennial,not later than April 1 of the year following the close of the biennial period to which it pertains,provision,https://uscode.house.gov/view.xhtml?req=granuleid:USC-prelim-title16-section1462&num=0&edition=prelim,/us/usc/t16/s1462/a
16 U.S.C. 1462(c)(2),The Secretary,other,promptly,provision,https://uscode.house.gov/view.xhtml?req=granuleid:USC-prelim-title16-section1462&num=0&edition=prelim,/us/usc/t16/s1462/c/2
16 U.S.C. 1533(f),the Secretary,biennial,,provision,https://uscode.house.gov/view.xhtml?req=granuleid:USC-prelim-title16-section1533&num=0&edition=prelim,/us/usc/t16/s1533/f
16 U.S.C. 1601(e)(1),the Secretary,annual,at the time of submission of the President’s budget,provision,https://uscode.house.gov/view.xhtml?req=granuleid:USC-prelim-title16-section1601&num=0&edition=prelim,/us/usc/t16/s1601/e/1
16 U.S.C. 1601(e)(2),the Secretary,annual,"annually during each of the 10 years beginning after November 15, 2021; and annually after the 10-year period",provision,https://uscode.house.gov/view.xhtml?req=granuleid:USC-prelim-title16-section1601&num=0&edition=prelim,/us/usc/t16/s1601/e/2
16 U.S.C. 1601(f),the Secretary,annual,,provision,https://uscode.house.gov/view.xhtml?req=granuleid:USC-prelim-title16-section1601&num=0&edition=prelim,/us/usc/t16/s1601/f
16 U.S.C. 1601 note,Secretary of Agriculture,annual,"not later than 1 year after the date of enactment of this Act, and annually thereafter",note,https://uscode.house.gov/view.xhtml?req=granuleid:USC-prelim-title16-section1601&num=0&edition=prelim,/us/usc/t16/s1601/note/1
16 U.S.C. 1604(c),the Secretary,annual,,provision,https://uscode.house.gov/view.xhtml?req=granuleid:USC-prelim-title16-section1604&num=0&edition=prelim,/us/usc/t16/s1604/c
16 U.S.C. 1606(c),the Secretary,annual,at the time of submission of the annual fiscal budget,provision,https://uscode.house.gov/view.xhtml?req=granuleid:USC-prelim-title16-section1606&num=0&edition=prelim,/us/usc/t16/s1606/c
16 U.S.C. 1606(f),President,annual,,provision,https://uscode.house.gov/view.xhtml?req=granuleid:USC-prelim-title16-section1606&num=0&edition=prelim,/us/usc/t16/s1606/f
16 U.S.C. 1606a(c),Secretary of the Treasury,annual,each year,provision,https://uscode.house.gov/view.xhtml?req=granuleid:USC-prelim-title16-section1606a&num=0&edition=prelim,/us/usc/t16/s1606a/c
16 U.S.C. 1684,the Secretary,annual,,provision,https://uscode.house.gov/view.xhtml?req=granuleid:USC-prelim-title16-section1684&num=0&edition=prelim,/us/usc/t16/s1684
16 U.S.C. 1828,Secretary of the department in which the Coast Guard is operating,biennial,"Not later than 180 days after July 11, 2006",provision,https://uscode.house.gov/view.xhtml?req=granuleid:USC-prelim-title16-section1828&num=0&edition=prelim,/us/usc/t16/s1828
16 U.S.C. 1855 note,Western Pacific Fishery Management Council,annual,,note,https://uscode.house.gov/view.xhtml?req=granuleid:USC-prelim-title16-section1855&num=0&edition=prelim,/us/usc/t16/s1855/note/5
16 U.S.C. 1865,the Secretary,annual,,provision,https://uscode.house.gov/view.xhtml?req=granuleid:USC-prelim-title16-section1865&num=0&edition=prelim,/us/usc/t16/s1865
16 U.S.C. 1885a,Secretary of Commerce,annual,not later than 120 days after the end of each fiscal year,provision,https://uscode.house.gov/view.xhtml?req=granuleid:USC-prelim-title16-section1885a&num=0&edition=prelim,/us/usc/t16/s1885a
16 U.S.C. 192b-9 note,the Secretary,biennial,2 calendar years after the date of enactment of this Act,note,https://uscode.house.gov/view.xhtml?req=granuleid:USC-prelim-title16-section192b-9&num=0&edition=prelim,/us/usc/t16/s192b–9/note/0
16 U.S.C. 2003,Secretary of Agriculture,annual,,provision,https://uscode.house.gov/view.xhtml?req=granuleid:USC-prelim-title16-section2003&num=0&edition=prelim,/us/usc/t16/s2003
16 U.S.C. 2626,Secretary,annual,"Not later than eighteen months after November 9, 1978, and annually thereafter for ten years",provision,https://uscode.house.gov/view.xhtml?req=granuleid:USC-prelim-title16-section2626&num=0&edition=prelim,/us/usc/t16/s2626
16 U.S.C. 284d,the Foundation,annual,annually,provision,https://uscode.house.gov/view.xhtml?req=granuleid:USC-prelim-title16-section284d&num=0&edition=prelim,/us/usc/t16/s284d
16 U.S.C. 3141,the Secretary,annual,"no later than eight years after December 2, 1980",provision,https://uscode.house.gov/view.xhtml?req=granuleid:USC-prelim-title16-section3141&num=0&edition=prelim,/us/usc/t16/s3141
16 U.S.C. 3181(g),Cochairmen of the Alaska Land Use Council,annual,No later than February 1 of each calendar year following the calendar year in which the Council is established,provision,https://uscode.house.gov/view.xhtml?req=granuleid:USC-prelim-title16-section3181&num=0&edition=prelim,/us/usc/t16/s3181/g
16 U.S.C. 3378,Secretary of the Interior,annual,annual budget proposal cycle,provision,https://uscode.house.gov/view.xhtml?req=granuleid:USC-prelim-title16-section3378&num=0&edition=prelim,/us/usc/t16/s3378
16 U.S.C. 3706,The Foundation,annual,as soon as practicable after the end of each fiscal year,provision,https://uscode.house.gov/view.xhtml?req=granuleid:USC-prelim-title16-section3706&num=0&edition=prelim,/us/usc/t16/s3706
16 U.S.C. 3812(e),the Secretary,annual,annual,provision,https://uscode.house.gov/view.xhtml?req=granuleid:USC-prelim-title16-section3812&num=0&edition=prelim,/us/usc/t16/s3812/e
16 U.S.C. 3821(c)(3)(D),the Secretary,annual,annual,provision,https://uscode.house.gov/view.xhtml?req=granuleid:USC-prelim-title16-section3821&num=0&edition=prelim,/us/usc/t16/s3821/c/3/D
16 U.S.C. 3831c(b)(5),the Secretary,annual,,provision,https://uscode.house.gov/view.xhtml?req=granuleid:USC-prelim-title16-section3831c&num=0&edition=prelim,/us/usc/t16/s3831c/b/5
16 U.S.C. 3834(d)(4),Secretary of Agriculture,event-driven,Not less than 14 days prior to the announcement of new or revised soil rental rates,provision,https://uscode.house.gov/view.xhtml?req=granuleid:USC-prelim-title16-section3834&num=0&edition=prelim,/us/usc/t16/s3834/d/4
16 U.S.C. 3839aa-24(l),the Secretary,annual,Each fiscal year,provision,https://uscode.house.gov/view.xhtml?req=granuleid:USC-prelim-title16-section3839aa-24&num=0&edition=prelim,/us/usc/t16/s3839aa–24/l
16 U.S.C. 3839aa-8(c)(7),the Secretary,annual,,provision,https://uscode.house.gov/view.xhtml?req=granuleid:USC-prelim-title16-section3839aa-8&num=0&edition=prelim,/us/usc/t16/s3839aa–8/c/7
16 U.S.C. 3839aa-8(d),the Secretary,biennial,"Not later than September 30, 2019",provision,https://uscode.house.gov/view.xhtml?req=granuleid:USC-prelim-title16-section3839aa-8&num=0&edition=prelim,/us/usc/t16/s3839aa–8/d
16 U.S.C. 3871e,the Secretary,biennial,"Not later than December 31, 2019, and every two years thereafter",provision,https://uscode.house.gov/view.xhtml?req=granuleid:USC-prelim-title16-section3871e&num=0&edition=prelim,/us/usc/t16/s3871e
16 U.S.C. 3932(b)(3),not specified,other,,provision,https://uscode.house.gov/view.xhtml?req=granuleid:USC-prelim-title16-section3932&num=0&edition=prelim,/us/usc/t16/s3932/b/3
16 U.S.C. 4106,the Secretary,biennial,"not later than 90 days after the end of the fiscal year 1988, and each second fiscal year occurring after that fiscal year",provision,https://uscode.house.gov/view.xhtml?req=granuleid:USC-prelim-title16-section4106&num=0&edition=prelim,/us/usc/t16/s4106
16 U.S.C. 410aaa-77(b),the Secretary,annual,"Within six months after October 31, 1994",provision,https://uscode.house.gov/view.xhtml?req=granuleid:USC-prelim-title16-section410aaa-77&num=0&edition=prelim,/us/usc/t16/s410aaa–77/b
16 U.S.C. 410cc-32(a)(4),Secretary,event-driven,upon approval of a park preservation plan,provision,https://uscode.house.gov/view.xhtml?req=granuleid:USC-prelim-title16-section410cc-32&num=0&edition=prelim,/us/usc/t16/s410cc–32/a/4
16 U.S.C. 410ff-2,The Secretary,biennial,"within two complete fiscal years from March 5, 1980",provision,https://uscode.house.gov/view.xhtml?req=granuleid:USC-prelim-title16-section410ff-2&num=0&edition=prelim,/us/usc/t16/s410ff–2
16 U.S.C. 410hhh-2,the Secretary,annual,Until the date on which the national park is established,provision,https://uscode.house.gov/view.xhtml?req=granuleid:USC-prelim-title16-section410hhh-2&num=0&edition=prelim,/us/usc/t16/s410hhh–2
16 U.S.C. 4201 note,the Secretary of the Interior,annual,,note,https://uscode.house.gov/view.xhtml?req=granuleid:USC-prelim-title16-section4201&num=0&edition=prelim,/us/usc/t16/s4201/note/0
16 U.S.C. 425j,Secretary of the Interior,annual,,provision,https://uscode.house.gov/view.xhtml?req=granuleid:USC-prelim-title16-section425j&num=0&edition=prelim,/us/usc/t16/s425j
16 U.S.C. 4409,The Secretary,biennial,,provision,https://uscode.house.gov/view.xhtml?req=granuleid:USC-prelim-title16-section4409&num=0&edition=prelim,/us/usc/t16/s4409
16 U.S.C. 4409(2),The Secretary,annual,,provision,https://uscode.house.gov/view.xhtml?req=granuleid:USC-prelim-title16-section4409&num=0&edition=prelim,/us/usc/t16/s4409/2
16 U.S.C. 450rr-4,the Secretary and the Administrator,other,semiannually; upon adoption of an international agreement,provision,https://uscode.house.gov/view.xhtml?req=granuleid:USC-prelim-title16-section450rr-4&num=0&edition=prelim,/us/usc/t16/s450rr–4
16 U.S.C. 450rr-4(c),The Secretary and the Administrator,semiannual,,provision,https://uscode.house.gov/view.xhtml?req=granuleid:USC-prelim-title16-section450rr-4&num=0&edition=prelim,/us/usc/t16/s450rr–4/c
16 U.S.C. 459f-5,the Secretary,biennial,,provision,https://uscode.house.gov/view.xhtml?req=granuleid:USC-prelim-title16-section459f-5&num=0&edition=prelim,/us/usc/t16/s459f–5
16 U.S.C. 460aa-13(b)(1)(F),the person making recommendations,event-driven,,provision,https://uscode.house.gov/view.xhtml?req=granuleid:USC-prelim-title16-section460aa-13&num=0&edition=prelim,/us/usc/t16/s460aa–13/b/1/F
16 U.S.C. 460ss note,Secretary of Commerce,biennial,"Not later than 2 years after the date of enactment of the Fishery Resource Disasters Improvement Act, and biennially thereafter",note,https://uscode.house.gov/view.xhtml?req=granuleid:USC-prelim-title16-section460ss&num=0&edition=prelim,/us/usc/t16/s460ss/note/0
16 U.S.C. 470ll,Secretary of the Interior,annual,annual,provision,https://uscode.house.gov/view.xhtml?req=granuleid:USC-prelim-title16-section470ll&num=0&edition=prelim,/us/usc/t16/s470ll
16 U.S.C. 4712(f)(4),the Secretary,annual,"Not later than July 1, 2019",provision,https://uscode.house.gov/view.xhtml?req=granuleid:USC-prelim-title16-section4712&num=0&edition=prelim,/us/usc/t16/s4712/f/4
16 U.S.C. 471j(i),Secretary of the Interior or the board of trustees,annual,,provision,https://uscode.house.gov/view.xhtml?req=granuleid:USC-prelim-title16-section471j&num=0&edition=prelim,/us/usc/t16/s471j/i
16 U.S.C. 4730(6)(B)(i),not specified,other,,provision,https://uscode.house.gov/view.xhtml?req=granuleid:USC-prelim-title16-section4730&num=0&edition=prelim,/us/usc/t16/s4730/6/B/i
16 U.S.C. 5107 note,The Secretary,biennial,,note,https://uscode.house.gov/view.xhtml?req=granuleid:USC-prelim-title16-section5107&num=0&edition=prelim,/us/usc/t16/s5107/note/0
16 U.S.C. 5155,the Secretaries,biennial,"no later than September 30, 1998 (for socio-economic study); biennial (for progress reports)",provision,https://uscode.house.gov/view.xhtml?req=granuleid:USC-prelim-title16-section5155&num=0&edition=prelim,/us/usc/t16/s5155
16 U.S.C. 544l(e)(4),Director of the Office of Management and Budget,annual,"each fiscal year beginning after September 30, 1987",provision,https://uscode.house.gov/view.xhtml?req=granuleid:USC-prelim-title16-section544l&num=0&edition=prelim,/us/usc/t16/s544l/e/4
16 U.S.C. 545b(i),State of Oregon,annual,,provision,https://uscode.house.gov/view.xhtml?req=granuleid:USC-prelim-title16-section545b&num=0&edition=prelim,/us/usc/t16/s545b/i
16 U.S.C. 618(c),Secretary of Agriculture and Secretary of the Interior,annual,,provision,https://uscode.house.gov/view.xhtml?req=granuleid:USC-prelim-title16-section618&num=0&edition=prelim,/us/usc/t16/s618/c
16 U.S.C. 620c(k),the President,event-driven,90 days after the President notifies the Congress of such finding,provision,https://uscode.house.gov/view.xhtml?req=granuleid:USC-prelim-title16-section620c&num=0&edition=prelim,/us/usc/t16/s620c/k
16 U.S.C. 6452,Task Force,annual,,provision,https://uscode.house.gov/view.xhtml?req=granuleid:USC-prelim-title16-section6452&num=0&edition=prelim,/us/usc/t16/s6452
16 U.S.C. 6591b,the Secretary,annual,"Not later than 1 year after February 7, 2014, and each year thereafter",provision,https://uscode.house.gov/view.xhtml?req=granuleid:USC-prelim-title16-section6591b&num=0&edition=prelim,/us/usc/t16/s6591b
16 U.S.C. 6591c(j),the Chief and the Director,annual,"not later than 1 year after February 7, 2014",provision,https://uscode.house.gov/view.xhtml?req=granuleid:USC-prelim-title16-section6591c&num=0&edition=prelim,/us/usc/t16/s6591c/j
16 U.S.C. 6591d(g),the Secretary,annual,"Not later than 1 year after March 23, 2018, and each year thereafter",provision,https://uscode.house.gov/view.xhtml?req=granuleid:USC-prelim-title16-section6591d&num=0&edition=prelim,/us/usc/t16/s6591d/g
16 U.S.C. 6592(h),Secretary of the Interior and the Secretary of Agriculture,annual,,provision,https://uscode.house.gov/view.xhtml?req=granuleid:USC-prelim-title16-section6592&num=0&edition=prelim,/us/usc/t16/s6592/h
16 U.S.C. 6592a(c),Secretary of the Interior and the Secretary of Agriculture,annual,not later than 90 days before the end of each fiscal year,provision,https://uscode.house.gov/view.xhtml?req=granuleid:USC-prelim-title16-section6592a&num=0&edition=prelim,/us/usc/t16/s6592a/c
16 U.S.C. 667d,Administrator of General Services,annual,during the preceding fiscal year,provision,https://uscode.house.gov/view.xhtml?req=granuleid:USC-prelim-title16-section667d&num=0&edition=prelim,/us/usc/t16/s667d
16 U.S.C. 669h(d),the Inspector General of the Department of the Interior,biennial,promptly,provision,https://uscode.house.gov/view.xhtml?req=granuleid:USC-prelim-title16-section669h&num=0&edition=prelim,/us/usc/t16/s669h/d
16 U.S.C. 669k(b),the Secretary of the Interior,annual,At the time at which the President submits a budget request for the Department of the Interior for fiscal year 2002 and each fiscal year thereafter,provision,https://uscode.house.gov/view.xhtml?req=granuleid:USC-prelim-title16-section669k&num=0&edition=prelim,/us/usc/t16/s669k/b
16 U.S.C. 669k(c),Secretary of the Interior,annual,Not later than 60 days after the end of each fiscal year,provision,https://uscode.house.gov/view.xhtml?req=granuleid:USC-prelim-title16-section669k&num=0&edition=prelim,/us/usc/t16/s669k/c
16 U.S.C. 669k(d),Secretary of the Interior,annual,Not later than December 31 of a fiscal year,provision,https://uscode.house.gov/view.xhtml?req=granuleid:USC-prelim-title16-section669k&num=0&edition=prelim,/us/usc/t16/s669k/d
16 U.S.C. 6706,the Secretary,multi-year,"Not later than 5 years after October 5, 2004, and every 5 years thereafter",provision,https://uscode.house.gov/view.xhtml?req=granuleid:USC-prelim-title16-section6706&num=0&edition=prelim,/us/usc/t16/s6706
16 U.S.C. 6706(a)(1),the Secretary,biennial,"Not later than 5 years after October 5, 2004, and every 5 years thereafter",provision,https://uscode.house.gov/view.xhtml?req=granuleid:USC-prelim-title16-section6706&num=0&edition=prelim,/us/usc/t16/s6706/a/1
16 U.S.C. 670a(f),Secretary of Defense; Secretary of the Interior,annual,Not later than March 1 of each year,provision,https://uscode.house.gov/view.xhtml?req=granuleid:USC-prelim-title16-section670a&num=0&edition=prelim,/us/usc/t16/s670a/f
16 U.S.C. 670a(f)(2),Secretary of the Interior,annual,March 1,provision,https://uscode.house.gov/view.xhtml?req=granuleid:USC-prelim-title16-section670a&num=0&edition=prelim,/us/usc/t16/s670a/f/2
16 U.S.C. 670c-1,Secretary of Defense,biennial,,provision,https://uscode.house.gov/view.xhtml?req=granuleid:USC-prelim-title16-section670c-1&num=0&edition=prelim,/us/usc/t16/s670c–1
16 U.S.C. 6856,the Secretaries,annual,"Not later than 1 year after April 29, 2022, and annually thereafter through March 30, 2031",provision,https://uscode.house.gov/view.xhtml?req=granuleid:USC-prelim-title16-section6856&num=0&edition=prelim,/us/usc/t16/s6856
16 U.S.C. 6875,the Secretaries,annual,"not later than 1 year after December 26, 2025",provision,https://uscode.house.gov/view.xhtml?req=granuleid:USC-prelim-title16-section6875&num=0&edition=prelim,/us/usc/t16/s6875
16 U.S.C. 715b,the commission created by section 715a of this title,annual,not later than the first Monday in December,provision,https://uscode.house.gov/view.xhtml?req=granuleid:USC-prelim-title16-section715b&num=0&edition=prelim,/us/usc/t16/s715b
16 U.S.C. 719,the Secretary of the Interior,annual,,provision,https://uscode.house.gov/view.xhtml?req=granuleid:USC-prelim-title16-section719&num=0&edition=prelim,/us/usc/t16/s719
16 U.S.C. 7303(h),the Secretary,multi-year,not later than 5 years after the first fiscal year in which funding is made available to carry out ecological restoration projects under the program,provision,https://uscode.house.gov/view.xhtml?req=granuleid:USC-prelim-title16-section7303&num=0&edition=prelim,/us/usc/t16/s7303/h
16 U.S.C. 742d,the Secretary,periodic,,provision,https://uscode.house.gov/view.xhtml?req=granuleid:USC-prelim-title16-section742d&num=0&edition=prelim,/us/usc/t16/s742d
16 U.S.C. 742f(f),Secretary of the Interior,multi-year,"not later than 1 year after January 4, 2011, and every 5 years thereafter",provision,https://uscode.house.gov/view.xhtml?req=granuleid:USC-prelim-title16-section742f&num=0&edition=prelim,/us/usc/t16/s742f/f
16 U.S.C. 742f(f)(2),Secretary of the Interior,other,"not later than 1 year after January 4, 2011, and every 5 years thereafter",provision,https://uscode.house.gov/view.xhtml?req=granuleid:USC-prelim-title16-section742f&num=0&edition=prelim,/us/usc/t16/s742f/f/2
16 U.S.C. 7506,the Foundation,annual,not later than 60 days after the end of each fiscal year,provision,https://uscode.house.gov/view.xhtml?req=granuleid:USC-prelim-title16-section7506&num=0&edition=prelim,/us/usc/t16/s7506
16 U.S.C. 777e-1(c),Director of the United States Fish and Wildlife Service,annual,,provision,https://uscode.house.gov/view.xhtml?req=granuleid:USC-prelim-title16-section777e-1&num=0&edition=prelim,/us/usc/t16/s777e–1/c
16 U.S.C. 777h(d),Inspector General of the Department of the Interior,biennial,promptly,provision,https://uscode.house.gov/view.xhtml?req=granuleid:USC-prelim-title16-section777h&num=0&edition=prelim,/us/usc/t16/s777h/d
16 U.S.C. 7913(d),the Secretaries concerned,annual,,provision,https://uscode.house.gov/view.xhtml?req=granuleid:USC-prelim-title16-section7913&num=0&edition=prelim,/us/usc/t16/s7913/d
16 U.S.C. 797(d),The Commission,annual,on or before the 3d day of January of each year,provision,https://uscode.house.gov/view.xhtml?req=granuleid:USC-prelim-title16-section797&num=0&edition=prelim,/us/usc/t16/s797/d
16 U.S.C. 797b,Federal Energy Regulatory Commission,other,,provision,https://uscode.house.gov/view.xhtml?req=granuleid:USC-prelim-title16-section797b&num=0&edition=prelim,/us/usc/t16/s797b
16 U.S.C. 79m,the Secretary,annual,"January 1, 1979, and annually thereafter for ten years; No later than January 1, 1980",provision,https://uscode.house.gov/view.xhtml?req=granuleid:USC-prelim-title16-section79m&num=0&edition=prelim,/us/usc/t16/s79m
16 U.S.C. 8204(e),the Board,annual,"Not later than February 1 of the first fiscal year beginning after October 30, 2020, and, subject to paragraph (3), each February 1 thereafter",provision,https://uscode.house.gov/view.xhtml?req=granuleid:USC-prelim-title16-section8204&num=0&edition=prelim,/us/usc/t16/s8204/e
16 U.S.C. 8209,the Board,biennial,"Not later than 5 years after October 30, 2020, and every 5 years thereafter",provision,https://uscode.house.gov/view.xhtml?req=granuleid:USC-prelim-title16-section8209&num=0&edition=prelim,/us/usc/t16/s8209
16 U.S.C. 8209(a),the Board,multi-year,"Not later than 5 years after October 30, 2020",provision,https://uscode.house.gov/view.xhtml?req=granuleid:USC-prelim-title16-section8209&num=0&edition=prelim,/us/usc/t16/s8209/a
16 U.S.C. 824a-1(b),The Commission,annual,"Not later than 18 months after November 9, 1978",provision,https://uscode.house.gov/view.xhtml?req=granuleid:USC-prelim-title16-section824a-1&num=0&edition=prelim,/us/usc/t16/s824a–1/b
16 U.S.C. 8304,"the Secretary, acting through the Director of the Service",annual,"Not later than 1 year after December 11, 2024",provision,https://uscode.house.gov/view.xhtml?req=granuleid:USC-prelim-title16-section8304&num=0&edition=prelim,/us/usc/t16/s8304
16 U.S.C. 831a(g)(1)(E),the Board,other,,provision,https://uscode.house.gov/view.xhtml?req=granuleid:USC-prelim-title16-section831a&num=0&edition=prelim,/us/usc/t16/s831a/g/1/E
16 U.S.C. 831h(a),The Board,annual,March of each year,provision,https://uscode.house.gov/view.xhtml?req=granuleid:USC-prelim-title16-section831h&num=0&edition=prelim,/us/usc/t16/s831h/a
16 U.S.C. 831h(c),Comptroller General of the United States,annual,not less frequently than once each governmental fiscal year,provision,https://uscode.house.gov/view.xhtml?req=granuleid:USC-prelim-title16-section831h&num=0&edition=prelim,/us/usc/t16/s831h/c
16 U.S.C. 831m-1,Tennessee Valley Authority,annual,Before the selection and addition of a major new energy resource,provision,https://uscode.house.gov/view.xhtml?req=granuleid:USC-prelim-title16-section831m-1&num=0&edition=prelim,/us/usc/t16/s831m–1
16 U.S.C. 835j,Secretary of the Interior,annual,,provision,https://uscode.house.gov/view.xhtml?req=granuleid:USC-prelim-title16-section835j&num=0&edition=prelim,/us/usc/t16/s835j
16 U.S.C. 839d(h)(6)(B),Administrator,annual,annual or amended budget submittal,provision,https://uscode.house.gov/view.xhtml?req=granuleid:USC-prelim-title16-section839d&num=0&edition=prelim,/us/usc/t16/s839d/h/6/B
16 U.S.C. 8413,Director of the Office of Management and Budget,annual,not later than 30 days after the end of each fiscal year,provision,https://uscode.house.gov/view.xhtml?req=granuleid:USC-prelim-title16-section8413&num=0&edition=prelim,/us/usc/t16/s8413
16 U.S.C. 8423(e),the Secretaries,annual,"Not later than 2 years after January 4, 2025, and annually thereafter through fiscal year 2033",provision,https://uscode.house.gov/view.xhtml?req=granuleid:USC-prelim-title16-section8423&num=0&edition=prelim,/us/usc/t16/s8423/e
16 U.S.C. 8544(b),the Secretaries,annual,annual,provision,https://uscode.house.gov/view.xhtml?req=granuleid:USC-prelim-title16-section8544&num=0&edition=prelim,/us/usc/t16/s8544/b
18 U.S.C. 1029 note,Attorney General,annual,"during first three years following Oct. 12, 1984",note,https://uscode.house.gov/view.xhtml?req=granuleid:USC-prelim-title18-section1029&num=0&edition=prelim,/us/usc/t18/s1029/note/0
18 U.S.C. 1352(b),"the Attorney General, in consultation with the Secretary of State",annual,"Not later than 1 year after the date of enactment of this section, and annually thereafter",provision,https://uscode.house.gov/view.xhtml?req=granuleid:USC-prelim-title18-section1352&num=0&edition=prelim,/us/usc/t18/s1352/b
18 U.S.C. 1466A note,the Attorney General,biennial,"not later than 9 months after the date of enactment of this Act, and every 2 years thereafter",note,https://uscode.house.gov/view.xhtml?req=granuleid:USC-prelim-title18-section1466A&num=0&edition=prelim,/us/usc/t18/s1466A/note/1
18 U.S.C. 2118 note,Attorney General,annual,"for first three years after May 31, 1984",note,https://uscode.house.gov/view.xhtml?req=granuleid:USC-prelim-title18-section2118&num=0&edition=prelim,/us/usc/t18/s2118/note/0
18 U.S.C. 2320(h),the Attorney General,annual,beginning with the first year after the date of enactment of this subsection,provision,https://uscode.house.gov/view.xhtml?req=granuleid:USC-prelim-title18-section2320&num=0&edition=prelim,/us/usc/t18/s2320/h
18 U.S.C. 2320(h)(2)(A)(i),not specified,other,,provision,https://uscode.house.gov/view.xhtml?req=granuleid:USC-prelim-title18-section2320&num=0&edition=prelim,/us/usc/t18/s2320/h/2/A/i
18 U.S.C. 2320(h)(2)(A)(iii),,other,,provision,https://uscode.house.gov/view.xhtml?req=granuleid:USC-prelim-title18-section2320&num=0&edition=prelim,/us/usc/t18/s2320/h/2/A/iii
18 U.S.C. 2333 note,the Secretary of State,annual,not later than 240 days after the date of enactment of this Act,note,https://uscode.house.gov/view.xhtml?req=granuleid:USC-prelim-title18-section2333&num=0&edition=prelim,/us/usc/t18/s2333/note/0
18 U.S.C. 2334(e)(3)(C),Secretary of State,annual,,provision,https://uscode.house.gov/view.xhtml?req=granuleid:USC-prelim-title18-section2334&num=0&edition=prelim,/us/usc/t18/s2334/e/3/C
18 U.S.C. 2523(e),the Attorney General,event-driven,Upon renewing a determination under subsection (b),provision,https://uscode.house.gov/view.xhtml?req=granuleid:USC-prelim-title18-section2523&num=0&edition=prelim,/us/usc/t18/s2523/e
18 U.S.C. 2709(f),Director of the Federal Bureau of Investigation,semiannual,,provision,https://uscode.house.gov/view.xhtml?req=granuleid:USC-prelim-title18-section2709&num=0&edition=prelim,/us/usc/t18/s2709/f
18 U.S.C. 3631,the Attorney General,other,in accordance with section 3634,provision,https://uscode.house.gov/view.xhtml?req=granuleid:USC-prelim-title18-section3631&num=0&edition=prelim,/us/usc/t18/s3631
18 U.S.C. 3634(2),the Attorney General,annual,2 years after the date of enactment of this subchapter,provision,https://uscode.house.gov/view.xhtml?req=granuleid:USC-prelim-title18-section3634&num=0&edition=prelim,/us/usc/t18/s3634/2
18 U.S.C. 4047,the Attorney General,annual,by March 1 of each year,provision,https://uscode.house.gov/view.xhtml?req=granuleid:USC-prelim-title18-section4047&num=0&edition=prelim,/us/usc/t18/s4047
18 U.S.C. 4100 note,the Attorney General,annual,"Not later than 90 days after the date of the enactment of this Act, and annually thereafter",note,https://uscode.house.gov/view.xhtml?req=granuleid:USC-prelim-title18-section4100&num=0&edition=prelim,/us/usc/t18/s4100/note/1
18 U.S.C. 4127,the board of directors of Federal Prison Industries,annual,during each fiscal year,provision,https://uscode.house.gov/view.xhtml?req=granuleid:USC-prelim-title18-section4127&num=0&edition=prelim,/us/usc/t18/s4127
18 U.S.C. 4322(c),Director of the Bureau of Prisons and the Director of the United States Marshals Service,annual,"Not later than 1 year after the date of enactment of this section, and annually thereafter",provision,https://uscode.house.gov/view.xhtml?req=granuleid:USC-prelim-title18-section4322&num=0&edition=prelim,/us/usc/t18/s4322/c
18 U.S.C. 983(a)(1)(E),Federal seizing agencies conducting nonjudicial forfeitures,periodic,,provision,https://uscode.house.gov/view.xhtml?req=granuleid:USC-prelim-title18-section983&num=0&edition=prelim,/us/usc/t18/s983/a/1/E
"Pub. L. 96-456, § 13 (18 U.S.C. App.)",the Attorney General,other,semiannually; annually for the first three years; as necessary thereafter,provision,,/us/usc/t18a/pl/96/456/s13
"Pub. L. 96-456, § 13(a) (18 U.S.C. App.)",the Attorney General,semiannual,,provision,,/us/usc/t18a/pl/96/456/s13/a
"Pub. L. 96-456, § 13(b) (18 U.S.C. App.)",unspecified,semiannual,as provided in section 507 of the National Security Act of 1947,provision,,/us/usc/t18a/pl/96/456/s13/b
"Pub. L. 96-456, § 13(c) (18 U.S.C. App.)",the Attorney General,annual,For the first three years this Act is in effect,provision,,/us/usc/t18a/pl/96/456/s13/c
19 U.S.C. 1411(d)(5),The President,annual,before the end of each fiscal year,provision,https://uscode.house.gov/view.xhtml?req=granuleid:USC-prelim-title19-section1411&num=0&edition=prelim,/us/usc/t19/s1411/d/5
19 U.S.C. 1413(b)(3)(B),the Secretary,biennial,no later than the 90th day after the close of each 2d fiscal year,provision,https://uscode.house.gov/view.xhtml?req=granuleid:USC-prelim-title19-section1413&num=0&edition=prelim,/us/usc/t19/s1413/b/3/B
19 U.S.C. 1415(a)(3)(K)(vi),the Commissioner,annual,,provision,https://uscode.house.gov/view.xhtml?req=granuleid:USC-prelim-title19-section1415&num=0&edition=prelim,/us/usc/t19/s1415/a/3/K/vi
19 U.S.C. 1436a,Commissioner of U.S. Customs and Border Protection,annual,during the previous year,provision,https://uscode.house.gov/view.xhtml?req=granuleid:USC-prelim-title19-section1436a&num=0&edition=prelim,/us/usc/t19/s1436a
19 U.S.C. 1607,Commissioner of U.S. Customs and Border Protection,annual,by no later than February 1 of each fiscal year,provision,https://uscode.house.gov/view.xhtml?req=granuleid:USC-prelim-title19-section1607&num=0&edition=prelim,/us/usc/t19/s1607
19 U.S.C. 1683g,"the President, the Secretary of Commerce, and the Comptroller General of the United States",other,"Not later than 180 days after the effective date of this subtitle, and every 180 days thereafter; Not later than 180 days after June 18, 2008, and every 180 days thereafter; Not later than 18 months after June 18, 2008; Not later than 12 months after June 18, 2008",provision,https://uscode.house.gov/view.xhtml?req=granuleid:USC-prelim-title19-section1683g&num=0&edition=prelim,/us/usc/t19/s1683g
19 U.S.C. 1683g(a),the President,semiannual,"Not later than 180 days after the effective date of this subtitle, and every 180 days thereafter",provision,https://uscode.house.gov/view.xhtml?req=granuleid:USC-prelim-title19-section1683g&num=0&edition=prelim,/us/usc/t19/s1683g/a
19 U.S.C. 1683g(a)(1),the President,other,"Not later than 180 days after the effective date of this subtitle, and every 180 days thereafter",provision,https://uscode.house.gov/view.xhtml?req=granuleid:USC-prelim-title19-section1683g&num=0&edition=prelim,/us/usc/t19/s1683g/a/1
19 U.S.C. 1683g(b),Secretary of Commerce,other,"Not later than 180 days after June 18, 2008, and every 180 days thereafter",provision,https://uscode.house.gov/view.xhtml?req=granuleid:USC-prelim-title19-section1683g&num=0&edition=prelim,/us/usc/t19/s1683g/b
19 U.S.C. 2072,International Trade Committee,annual,Not later than 30 days after the end of each fiscal year,provision,https://uscode.house.gov/view.xhtml?req=granuleid:USC-prelim-title19-section2072&num=0&edition=prelim,/us/usc/t19/s2072
19 U.S.C. 2083,Commissioner of Customs,annual,Not later than 30 days before the beginning of each fiscal year after fiscal year 1991,provision,https://uscode.house.gov/view.xhtml?req=granuleid:USC-prelim-title19-section2083&num=0&edition=prelim,/us/usc/t19/s2083
19 U.S.C. 2084(c),Office of Trade,annual,"not later than June 1, 2016, and March 1 of each calendar year thereafter",provision,https://uscode.house.gov/view.xhtml?req=granuleid:USC-prelim-title19-section2084&num=0&edition=prelim,/us/usc/t19/s2084/c
19 U.S.C. 2255(b),Secretary of Commerce,quarterly,"Not later than 270 days after February 24, 2016",provision,https://uscode.house.gov/view.xhtml?req=granuleid:USC-prelim-title19-section2255&num=0&edition=prelim,/us/usc/t19/s2255/b
19 U.S.C. 2371(e),the Secretary,annual,"December 15, 2009, and annually thereafter",provision,https://uscode.house.gov/view.xhtml?req=granuleid:USC-prelim-title19-section2371&num=0&edition=prelim,/us/usc/t19/s2371/e
19 U.S.C. 2393,the Secretary of Commerce and the Secretary of Labor,periodic,,provision,https://uscode.house.gov/view.xhtml?req=granuleid:USC-prelim-title19-section2393&num=0&edition=prelim,/us/usc/t19/s2393
19 U.S.C. 2484,the President,annual,at least once each calendar year,provision,https://uscode.house.gov/view.xhtml?req=granuleid:USC-prelim-title19-section2484&num=0&edition=prelim,/us/usc/t19/s2484
19 U.S.C. 2497a(c),Secretary of the Treasury,annual,each year,provision,https://uscode.house.gov/view.xhtml?req=granuleid:USC-prelim-title19-section2497a&num=0&edition=prelim,/us/usc/t19/s2497a/c
19 U.S.C. 2705,Secretary of Labor,annual,,provision,https://uscode.house.gov/view.xhtml?req=granuleid:USC-prelim-title19-section2705&num=0&edition=prelim,/us/usc/t19/s2705
19 U.S.C. 2707(h),The Commissioner of Customs,annual,"no later than July 1, 1994",provision,https://uscode.house.gov/view.xhtml?req=granuleid:USC-prelim-title19-section2707&num=0&edition=prelim,/us/usc/t19/s2707/h
19 U.S.C. 2901 note,the President,annual,,note,https://uscode.house.gov/view.xhtml?req=granuleid:USC-prelim-title19-section2901&num=0&edition=prelim,/us/usc/t19/s2901/note/3
19 U.S.C. 3103(c),The Trade Representative,semiannual,semiannual,provision,https://uscode.house.gov/view.xhtml?req=granuleid:USC-prelim-title19-section3103&num=0&edition=prelim,/us/usc/t19/s3103/c
19 U.S.C. 3532,the Trade Representative,annual,"Not later than 30 days after the end of any calendar year in which the Ministerial Conference or the General Council adopts by vote any decision to take any action described in paragraph (1), (2), (4), or (6) of subsection (b)",provision,https://uscode.house.gov/view.xhtml?req=granuleid:USC-prelim-title19-section3532&num=0&edition=prelim,/us/usc/t19/s3532
19 U.S.C. 3535(a),the entity submitting reports under section 3534,multi-year,"after the end of the 5-year period beginning on the date on which the WTO Agreement enters into force with respect to the United States, and after the end of every 5-year period thereafter",provision,https://uscode.house.gov/view.xhtml?req=granuleid:USC-prelim-title19-section3535&num=0&edition=prelim,/us/usc/t19/s3535/a
19 U.S.C. 3554,the President,annual,"not later than 12 months after December 8, 1994",provision,https://uscode.house.gov/view.xhtml?req=granuleid:USC-prelim-title19-section3554&num=0&edition=prelim,/us/usc/t19/s3554
19 U.S.C. 3571(f),the Trade Representative and the administering authority,annual,Not later than February 1 of each year,provision,https://uscode.house.gov/view.xhtml?req=granuleid:USC-prelim-title19-section3571&num=0&edition=prelim,/us/usc/t19/s3571/f
19 U.S.C. 3722(b),Commissioner of U.S. Customs and Border Protection,annual,not later than March 31 of each year,provision,https://uscode.house.gov/view.xhtml?req=granuleid:USC-prelim-title19-section3722&num=0&edition=prelim,/us/usc/t19/s3722/b
19 U.S.C. 3733,Board of Directors of the Overseas Private Investment Corporation,annual,"Within 6 months after May 18, 2000",provision,https://uscode.house.gov/view.xhtml?req=granuleid:USC-prelim-title19-section3733&num=0&edition=prelim,/us/usc/t19/s3733
19 U.S.C. 3904,the President,annual,on each annual review,provision,https://uscode.house.gov/view.xhtml?req=granuleid:USC-prelim-title19-section3904&num=0&edition=prelim,/us/usc/t19/s3904
19 U.S.C. 4111,the President,biennial,"not later than the end of the 2-year period beginning on the date the Agreement enters into force, and not later than the end of each 2-year period thereafter during the succeeding 14-year period",provision,https://uscode.house.gov/view.xhtml?req=granuleid:USC-prelim-title19-section4111&num=0&edition=prelim,/us/usc/t19/s4111
19 U.S.C. 4111(a)(3),not specified in provided text,periodic,,provision,https://uscode.house.gov/view.xhtml?req=granuleid:USC-prelim-title19-section4111&num=0&edition=prelim,/us/usc/t19/s4111/a/3
19 U.S.C. 4111(a)(3)(B),not specified,other,,provision,https://uscode.house.gov/view.xhtml?req=granuleid:USC-prelim-title19-section4111&num=0&edition=prelim,/us/usc/t19/s4111/a/3/B
19 U.S.C. 4112(d),United States International Trade Commission,annual,,provision,https://uscode.house.gov/view.xhtml?req=granuleid:USC-prelim-title19-section4112&num=0&edition=prelim,/us/usc/t19/s4112/d
19 U.S.C. 4201(c),the President,annual,,provision,https://uscode.house.gov/view.xhtml?req=granuleid:USC-prelim-title19-section4201&num=0&edition=prelim,/us/usc/t19/s4201/c
19 U.S.C. 4311(c),the Commissioner,annual,"not later than 180 days after February 24, 2016, and not later than December 31 of each calendar year thereafter",provision,https://uscode.house.gov/view.xhtml?req=granuleid:USC-prelim-title19-section4311&num=0&edition=prelim,/us/usc/t19/s4311/c
19 U.S.C. 4313(f),the Commissioner and the Director,annual,"not later than September 30, 2016",provision,https://uscode.house.gov/view.xhtml?req=granuleid:USC-prelim-title19-section4313&num=0&edition=prelim,/us/usc/t19/s4313/f
19 U.S.C. 4314(a),the Commissioner and the Director of U.S. Immigration and Customs Enforcement,biennial,"Not later than one year after February 24, 2016, and every 2 years thereafter",provision,https://uscode.house.gov/view.xhtml?req=granuleid:USC-prelim-title19-section4314&num=0&edition=prelim,/us/usc/t19/s4314/a
19 U.S.C. 4316(e),Commercial Customs Operations Advisory Committee,annual,"December 31, 2016, and annually thereafter",provision,https://uscode.house.gov/view.xhtml?req=granuleid:USC-prelim-title19-section4316&num=0&edition=prelim,/us/usc/t19/s4316/e
19 U.S.C. 4318(b),Assistant Commissioner of the Office of Field Operations of U.S. Customs and Border Protection,annual,not later than December 31 of each calendar year,provision,https://uscode.house.gov/view.xhtml?req=granuleid:USC-prelim-title19-section4318&num=0&edition=prelim,/us/usc/t19/s4318/b
19 U.S.C. 4319,Inspector General of the Department of the Treasury,biennial,"June 30, 2016, and March 31 of each second year thereafter",provision,https://uscode.house.gov/view.xhtml?req=granuleid:USC-prelim-title19-section4319&num=0&edition=prelim,/us/usc/t19/s4319
19 U.S.C. 4349,the Commissioner and the Director of U.S. Immigration and Customs Enforcement,annual,"Not later than September 30, 2016",provision,https://uscode.house.gov/view.xhtml?req=granuleid:USC-prelim-title19-section4349&num=0&edition=prelim,/us/usc/t19/s4349
19 U.S.C. 4374,the Secretary,annual,"Not later than December 31 of each calendar year beginning after February 24, 2016",provision,https://uscode.house.gov/view.xhtml?req=granuleid:USC-prelim-title19-section4374&num=0&edition=prelim,/us/usc/t19/s4374
19 U.S.C. 4392(a),the Commissioner,annual,"Not later than January 15 of each calendar year that begins on or after the date that is 270 days after February 24, 2016",provision,https://uscode.house.gov/view.xhtml?req=granuleid:USC-prelim-title19-section4392&num=0&edition=prelim,/us/usc/t19/s4392/a
19 U.S.C. 4404,United States Trade Representative,annual,Not later than one year after the appointment of the first Chief Innovation and Intellectual Property Negotiator and annually thereafter,provision,https://uscode.house.gov/view.xhtml?req=granuleid:USC-prelim-title19-section4404&num=0&edition=prelim,/us/usc/t19/s4404
19 U.S.C. 4433(e),The Commissioner,quarterly,not later than 60 days after making such a determination,provision,https://uscode.house.gov/view.xhtml?req=granuleid:USC-prelim-title19-section4433&num=0&edition=prelim,/us/usc/t19/s4433/e
19 U.S.C. 4453,the Commissioner,annual,"Not later than 180 days after February 24, 2016, and annually thereafter",provision,https://uscode.house.gov/view.xhtml?req=granuleid:USC-prelim-title19-section4453&num=0&edition=prelim,/us/usc/t19/s4453
19 U.S.C. 4532(g)(2),International Trade Commission,biennial,"Not later than 1 year after the submission of the first report required by paragraph (1)(B), and every 2 years thereafter until the date that is 12 years after the date on which the USMCA enters into force",provision,https://uscode.house.gov/view.xhtml?req=granuleid:USC-prelim-title19-section4532&num=0&edition=prelim,/us/usc/t19/s4532/g/2
19 U.S.C. 4582(c)(3),the Trade Representative,annual,No later than January 3 of each calendar year,provision,https://uscode.house.gov/view.xhtml?req=granuleid:USC-prelim-title19-section4582&num=0&edition=prelim,/us/usc/t19/s4582/c/3
19 U.S.C. 4582(c)(4)(A),the Trade Representative,annual,No later than March 31 of each calendar year,provision,https://uscode.house.gov/view.xhtml?req=granuleid:USC-prelim-title19-section4582&num=0&edition=prelim,/us/usc/t19/s4582/c/4/A
19 U.S.C. 4674,the Board,annual,"6-year period beginning on January 29, 2020, and for an additional 4 years if the term of the Board is extended",provision,https://uscode.house.gov/view.xhtml?req=granuleid:USC-prelim-title19-section4674&num=0&edition=prelim,/us/usc/t19/s4674
19 U.S.C. 4683,Forced Labor Enforcement Task Force,biennial,preceding 180-day period,provision,https://uscode.house.gov/view.xhtml?req=granuleid:USC-prelim-title19-section4683&num=0&edition=prelim,/us/usc/t19/s4683
19 U.S.C. 4713(d),the Trade Representative,quarterly,,provision,https://uscode.house.gov/view.xhtml?req=granuleid:USC-prelim-title19-section4713&num=0&edition=prelim,/us/usc/t19/s4713/d
2 U.S.C. 1161(f),The Director,annual,annually,provision,https://uscode.house.gov/view.xhtml?req=granuleid:USC-prelim-title2-section1161&num=0&edition=prelim,/us/usc/t2/s1161/f
2 U.S.C. 1387,Executive Director of the Office of Compliance,semiannual,Not later than 60 days after the last day of each semiannual period of a fiscal year,provision,https://uscode.house.gov/view.xhtml?req=granuleid:USC-prelim-title2-section1387&num=0&edition=prelim,/us/usc/t2/s1387
2 U.S.C. 1387(b),Office of Compliance,semiannual,semiannual,provision,https://uscode.house.gov/view.xhtml?req=granuleid:USC-prelim-title2-section1387&num=0&edition=prelim,/us/usc/t2/s1387/b
2 U.S.C. 1388,the Office,biennial,"Not later than 1 year after December 21, 2018, and every 2 years thereafter",provision,https://uscode.house.gov/view.xhtml?req=granuleid:USC-prelim-title2-section1388&num=0&edition=prelim,/us/usc/t2/s1388
2 U.S.C. 1402(c),The Office,semiannual,semi-annual,provision,https://uscode.house.gov/view.xhtml?req=granuleid:USC-prelim-title2-section1402&num=0&edition=prelim,/us/usc/t2/s1402/c
2 U.S.C. 1538,Director of the Office of Management and Budget,annual,"No later than 1 year after March 22, 1995, and annually thereafter",provision,https://uscode.house.gov/view.xhtml?req=granuleid:USC-prelim-title2-section1538&num=0&edition=prelim,/us/usc/t2/s1538
2 U.S.C. 1554,Advisory Commission on Intergovernmental Relations,annual,"No later than 4 months after March 22, 1995, and no later than March 15 of each year thereafter",provision,https://uscode.house.gov/view.xhtml?req=granuleid:USC-prelim-title2-section1554&num=0&edition=prelim,/us/usc/t2/s1554
2 U.S.C. 1604(a),each registrant,quarterly,No later than 20 days after the end of the quarterly period,provision,https://uscode.house.gov/view.xhtml?req=granuleid:USC-prelim-title2-section1604&num=0&edition=prelim,/us/usc/t2/s1604/a
2 U.S.C. 1604(d),registered lobbyists and their employees,semiannual,Not later than 30 days after the end of the semiannual period beginning on the first day of January and July of each year,provision,https://uscode.house.gov/view.xhtml?req=granuleid:USC-prelim-title2-section1604&num=0&edition=prelim,/us/usc/t2/s1604/d
2 U.S.C. 1604(d)(1)(E),registered lobbyists and certain employees,semiannual,Not later than 30 days after the end of the semiannual period beginning on the first day of January and July of each year,provision,https://uscode.house.gov/view.xhtml?req=granuleid:USC-prelim-title2-section1604&num=0&edition=prelim,/us/usc/t2/s1604/d/1/E
2 U.S.C. 1604(d)(1)(E)(i),registered lobbyists and their employees,semiannual,Not later than 30 days after the end of the semiannual period beginning on the first day of January and July of each year,provision,https://uscode.house.gov/view.xhtml?req=granuleid:USC-prelim-title2-section1604&num=0&edition=prelim,/us/usc/t2/s1604/d/1/E/i
2 U.S.C. 1605,the Attorney General,semiannual,after the end of each semiannual period beginning on January 1 and July 1,provision,https://uscode.house.gov/view.xhtml?req=granuleid:USC-prelim-title2-section1605&num=0&edition=prelim,/us/usc/t2/s1605
2 U.S.C. 180(d),The Library,periodic,,provision,https://uscode.house.gov/view.xhtml?req=granuleid:USC-prelim-title2-section180&num=0&edition=prelim,/us/usc/t2/s180/d
2 U.S.C. 1808(d)(3)(C),Inspector General of the Architect of the Capitol,semiannual,Before the first grant of authority and semiannually thereafter,provision,https://uscode.house.gov/view.xhtml?req=granuleid:USC-prelim-title2-section1808&num=0&edition=prelim,/us/usc/t2/s1808/d/3/C
2 U.S.C. 1808(d)(3)(C)(ii),Inspector General of the Architect of the Capitol,event-driven,upon suspension of authority,provision,https://uscode.house.gov/view.xhtml?req=granuleid:USC-prelim-title2-section1808&num=0&edition=prelim,/us/usc/t2/s1808/d/3/C/ii
2 U.S.C. 181,offices and agencies of the legislative branch,annual,annually,provision,https://uscode.house.gov/view.xhtml?req=granuleid:USC-prelim-title2-section181&num=0&edition=prelim,/us/usc/t2/s181
2 U.S.C. 1822(b)(3),Architect of the Capitol,event-driven,prior to leasing,provision,https://uscode.house.gov/view.xhtml?req=granuleid:USC-prelim-title2-section1822&num=0&edition=prelim,/us/usc/t2/s1822/b/3
2 U.S.C. 182e,Librarian of Congress,annual,"Not later than 180 days after the end of each fiscal year; Not later than 6 months after May 5, 2017; Prior to any transfer into the Fund",provision,https://uscode.house.gov/view.xhtml?req=granuleid:USC-prelim-title2-section182e&num=0&edition=prelim,/us/usc/t2/s182e
2 U.S.C. 1831(d),the Architect of the Capitol,annual,"not later than 12 months after July 22, 1994",provision,https://uscode.house.gov/view.xhtml?req=granuleid:USC-prelim-title2-section1831&num=0&edition=prelim,/us/usc/t2/s1831/d
2 U.S.C. 185(d)(3)(C),Inspector General of the Library of Congress,semiannual,Before the first grant of authority and semiannually thereafter,provision,https://uscode.house.gov/view.xhtml?req=granuleid:USC-prelim-title2-section185&num=0&edition=prelim,/us/usc/t2/s185/d/3/C
2 U.S.C. 185(d)(3)(C)(ii),Inspector General of the Library of Congress,event-driven,upon suspension of authority,provision,https://uscode.house.gov/view.xhtml?req=granuleid:USC-prelim-title2-section185&num=0&edition=prelim,/us/usc/t2/s185/d/3/C/ii
2 U.S.C. 1868(1),Architect of the Capitol,semiannual,not later than sixty days following the close of the semiannual period,provision,https://uscode.house.gov/view.xhtml?req=granuleid:USC-prelim-title2-section1868&num=0&edition=prelim,/us/usc/t2/s1868/1
2 U.S.C. 1868 note,Architect of the Capitol,semiannual,,note,https://uscode.house.gov/view.xhtml?req=granuleid:USC-prelim-title2-section1868&num=0&edition=prelim,/us/usc/t2/s1868/note/0
2 U.S.C. 1909(c),Chief of the Capitol Police,event-driven,within 30 days of receipt of a report,provision,https://uscode.house.gov/view.xhtml?req=granuleid:USC-prelim-title2-section1909&num=0&edition=prelim,/us/usc/t2/s1909/c
2 U.S.C. 1909(c)(2),Chief of the Capitol Police,semiannual,within 30 days of receipt of a report,provision,https://uscode.house.gov/view.xhtml?req=granuleid:USC-prelim-title2-section1909&num=0&edition=prelim,/us/usc/t2/s1909/c/2
2 U.S.C. 190d,standing committees of the Senate and the House of Representatives,biennial,not later than March 31 (Senate) and not later than January 2 (House),provision,https://uscode.house.gov/view.xhtml?req=granuleid:USC-prelim-title2-section190d&num=0&edition=prelim,/us/usc/t2/s190d
2 U.S.C. 1970(b),Chairman of the Capitol Police Board,annual,after receipt of all reports under paragraph (2),provision,https://uscode.house.gov/view.xhtml?req=granuleid:USC-prelim-title2-section1970&num=0&edition=prelim,/us/usc/t2/s1970/b
2 U.S.C. 1981,Chief of the Capitol Police,event-driven,prior to making advance payments,provision,https://uscode.house.gov/view.xhtml?req=granuleid:USC-prelim-title2-section1981&num=0&edition=prelim,/us/usc/t2/s1981
2 U.S.C. 2023,Architect of the Capitol,annual,,provision,https://uscode.house.gov/view.xhtml?req=granuleid:USC-prelim-title2-section2023&num=0&edition=prelim,/us/usc/t2/s2023
2 U.S.C. 2170,Architect of the Capitol,annual,"Not later than 30 days after the end of each fiscal year; every 3 years after August 10, 2012",provision,https://uscode.house.gov/view.xhtml?req=granuleid:USC-prelim-title2-section2170&num=0&edition=prelim,/us/usc/t2/s2170
2 U.S.C. 2170(e)(2),Architect of the Capitol,biennial,"Not later than 3 years after August 10, 2012, and every 3 years thereafter",provision,https://uscode.house.gov/view.xhtml?req=granuleid:USC-prelim-title2-section2170&num=0&edition=prelim,/us/usc/t2/s2170/e/2
2 U.S.C. 2171(e),the Architect of the Capitol,annual,"Not later than 30 days after the end of each fiscal year; Not later than 3 years after August 16, 2012, and every 3 years thereafter",provision,https://uscode.house.gov/view.xhtml?req=granuleid:USC-prelim-title2-section2171&num=0&edition=prelim,/us/usc/t2/s2171/e
2 U.S.C. 2171(e)(2),Architect of the Capitol,other,"Not later than 3 years after August 16, 2012, and every 3 years thereafter",provision,https://uscode.house.gov/view.xhtml?req=granuleid:USC-prelim-title2-section2171&num=0&edition=prelim,/us/usc/t2/s2171/e/2
2 U.S.C. 2171(e)(2)(A),the Architect of the Capitol,biennial,"not later than 3 years after August 16, 2012, and every 3 years thereafter",provision,https://uscode.house.gov/view.xhtml?req=granuleid:USC-prelim-title2-section2171&num=0&edition=prelim,/us/usc/t2/s2171/e/2/A
2 U.S.C. 2171a,Architect of the Capitol,annual,Not later than 30 days after the end of each fiscal year; and every 3 years thereafter,provision,https://uscode.house.gov/view.xhtml?req=granuleid:USC-prelim-title2-section2171a&num=0&edition=prelim,/us/usc/t2/s2171a
2 U.S.C. 2171a(c),Architect of the Capitol,event-driven,before establishing or adjusting fees,provision,https://uscode.house.gov/view.xhtml?req=granuleid:USC-prelim-title2-section2171a&num=0&edition=prelim,/us/usc/t2/s2171a/c
2 U.S.C. 2171a(e)(2),Architect of the Capitol,other,"not later than 3 years after December 18, 2015, and every 3 years thereafter",provision,https://uscode.house.gov/view.xhtml?req=granuleid:USC-prelim-title2-section2171a&num=0&edition=prelim,/us/usc/t2/s2171a/e/2
2 U.S.C. 2172(b),Director of Accessibility Services,semiannual,not later than 45 days following the close of each semiannual period ending on March 31 or September 30 of each year,provision,https://uscode.house.gov/view.xhtml?req=granuleid:USC-prelim-title2-section2172&num=0&edition=prelim,/us/usc/t2/s2172/b
2 U.S.C. 2213,Chief Executive Officer,semiannual,not later than 45 days following the close of each semiannual period ending on March 31 or September 30 of each year,provision,https://uscode.house.gov/view.xhtml?req=granuleid:USC-prelim-title2-section2213&num=0&edition=prelim,/us/usc/t2/s2213
2 U.S.C. 285b,The Office,event-driven,,provision,https://uscode.house.gov/view.xhtml?req=granuleid:USC-prelim-title2-section285b&num=0&edition=prelim,/us/usc/t2/s285b
2 U.S.C. 2a,the President,event-driven,"On the first day, or within one week thereafter, of the first regular session of the Eighty-second Congress and of each fifth Congress thereafter",provision,https://uscode.house.gov/view.xhtml?req=granuleid:USC-prelim-title2-section2a&num=0&edition=prelim,/us/usc/t2/s2a
2 U.S.C. 4111,Comptroller General of the United States,annual,"Not later than 180 days after December 20, 2019",provision,https://uscode.house.gov/view.xhtml?req=granuleid:USC-prelim-title2-section4111&num=0&edition=prelim,/us/usc/t2/s4111
2 U.S.C. 4111 note,Comptroller General of the United States,annual,,note,https://uscode.house.gov/view.xhtml?req=granuleid:USC-prelim-title2-section4111&num=0&edition=prelim,/us/usc/t2/s4111/note/0
2 U.S.C. 4301(i)(3),Senate and House standing committees,event-driven,,provision,https://uscode.house.gov/view.xhtml?req=granuleid:USC-prelim-title2-section4301&num=0&edition=prelim,/us/usc/t2/s4301/i/3
2 U.S.C. 4579(e),the Secretary,annual,January 1 of each year,provision,https://uscode.house.gov/view.xhtml?req=granuleid:USC-prelim-title2-section4579&num=0&edition=prelim,/us/usc/t2/s4579/e
2 U.S.C. 4713,Committee on Standards of Official Conduct of the House of Representatives,event-driven,not later than the second semiannual report filed under section 5535 of this title in the following Congress,provision,https://uscode.house.gov/view.xhtml?req=granuleid:USC-prelim-title2-section4713&num=0&edition=prelim,/us/usc/t2/s4713
2 U.S.C. 4723(1),Select Committee on Ethics of the Senate,annual,no later than January 31,provision,https://uscode.house.gov/view.xhtml?req=granuleid:USC-prelim-title2-section4723&num=0&edition=prelim,/us/usc/t2/s4723/1
2 U.S.C. 4723(2)(A),Select Committee on Ethics of the Senate,annual,no later than January 31,provision,https://uscode.house.gov/view.xhtml?req=granuleid:USC-prelim-title2-section4723&num=0&edition=prelim,/us/usc/t2/s4723/2/A
2 U.S.C. 4902(g),Architect of the Capitol,annual,,provision,https://uscode.house.gov/view.xhtml?req=granuleid:USC-prelim-title2-section4902&num=0&edition=prelim,/us/usc/t2/s4902/g
2 U.S.C. 503(a),Chief Administrative Officer of the House of Representatives,quarterly,quarterly,provision,https://uscode.house.gov/view.xhtml?req=granuleid:USC-prelim-title2-section503&num=0&edition=prelim,/us/usc/t2/s503/a
2 U.S.C. 504,Sergeant at Arms and Doorkeeper of the Senate,quarterly,"Two weeks after the close of each calendar quarter, or as soon as practicable thereafter",provision,https://uscode.house.gov/view.xhtml?req=granuleid:USC-prelim-title2-section504&num=0&edition=prelim,/us/usc/t2/s504
2 U.S.C. 5535,Chief Administrative Officer of the House of Representatives,semiannual,Not later than 60 days after the last day of each semiannual period,provision,https://uscode.house.gov/view.xhtml?req=granuleid:USC-prelim-title2-section5535&num=0&edition=prelim,/us/usc/t2/s5535
2 U.S.C. 5535(b)(4),House of Representatives,event-driven,,provision,https://uscode.house.gov/view.xhtml?req=granuleid:USC-prelim-title2-section5535&num=0&edition=prelim,/us/usc/t2/s5535/b/4
2 U.S.C. 638,Committee on Appropriations of the House of Representatives,annual,On or before June 10 of each year,provision,https://uscode.house.gov/view.xhtml?req=granuleid:USC-prelim-title2-section638&num=0&edition=prelim,/us/usc/t2/s638
2 U.S.C. 6572,the entity making purchases under the authority of this section,event-driven,upon making contracts and bonds,provision,https://uscode.house.gov/view.xhtml?req=granuleid:USC-prelim-title2-section6572&num=0&edition=prelim,/us/usc/t2/s6572
2 U.S.C. 658b(d)(3),Congressional committees,event-driven,as specified in subsection (a),provision,https://uscode.house.gov/view.xhtml?req=granuleid:USC-prelim-title2-section658b&num=0&edition=prelim,/us/usc/t2/s658b/d/3
2 U.S.C. 658d(a)(2)(B)(iii),the responsible Federal agency,annual,no later than 30 days after the beginning of the fiscal year,provision,https://uscode.house.gov/view.xhtml?req=granuleid:USC-prelim-title2-section658d&num=0&edition=prelim,/us/usc/t2/s658d/a/2/B/iii
2 U.S.C. 831(c)(4),selection panel,annual,,provision,https://uscode.house.gov/view.xhtml?req=granuleid:USC-prelim-title2-section831&num=0&edition=prelim,/us/usc/t2/s831/c/4
20 U.S.C. 1019a(b),the Secretary,annual,annually,provision,https://uscode.house.gov/view.xhtml?req=granuleid:USC-prelim-title20-section1019a&num=0&edition=prelim,/us/usc/t20/s1019a/b
20 U.S.C. 1063d,head of each applicable agency,annual,Not later than February 1 of each year,provision,https://uscode.house.gov/view.xhtml?req=granuleid:USC-prelim-title20-section1063d&num=0&edition=prelim,/us/usc/t20/s1063d
20 U.S.C. 1066f(a),Advisory Board,other,,provision,https://uscode.house.gov/view.xhtml?req=granuleid:USC-prelim-title20-section1066f&num=0&edition=prelim,/us/usc/t20/s1066f/a
20 U.S.C. 1068a(b),the Secretary,biennial,every other year,provision,https://uscode.house.gov/view.xhtml?req=granuleid:USC-prelim-title20-section1068a&num=0&edition=prelim,/us/usc/t20/s1068a/b
20 U.S.C. 1087h(c),Secretary of Education,annual,annual budget justification,provision,https://uscode.house.gov/view.xhtml?req=granuleid:USC-prelim-title20-section1087h&num=0&edition=prelim,/us/usc/t20/s1087h/c
20 U.S.C. 1092b(f),the Secretary,annual,"Not later than September 30 of each fiscal year; Not later than three years after August 14, 2008",provision,https://uscode.house.gov/view.xhtml?req=granuleid:USC-prelim-title20-section1092b&num=0&edition=prelim,/us/usc/t20/s1092b/f
20 U.S.C. 1092d,"the Attorney General and the Secretary of Education, in conjunction with the Federal Trade Commission",annual,"not later than 18 months after November 1, 2000 (for the first report)",provision,https://uscode.house.gov/view.xhtml?req=granuleid:USC-prelim-title20-section1092d&num=0&edition=prelim,/us/usc/t20/s1092d
20 U.S.C. 1093(f),the Secretary,annual,,provision,https://uscode.house.gov/view.xhtml?req=granuleid:USC-prelim-title20-section1093&num=0&edition=prelim,/us/usc/t20/s1093/f
20 U.S.C. 1098(d),Advisory Committee on Student Financial Assistance,annual,,provision,https://uscode.house.gov/view.xhtml?req=granuleid:USC-prelim-title20-section1098&num=0&edition=prelim,/us/usc/t20/s1098/d
20 U.S.C. 1103a,the Secretary,biennial,,provision,https://uscode.house.gov/view.xhtml?req=granuleid:USC-prelim-title20-section1103a&num=0&edition=prelim,/us/usc/t20/s1103a
20 U.S.C. 1226b,Secretary,event-driven,On or before August 15 of each year in which reports are submitted under subsection (a),provision,https://uscode.house.gov/view.xhtml?req=granuleid:USC-prelim-title20-section1226b&num=0&edition=prelim,/us/usc/t20/s1226b
20 U.S.C. 1226b(f),Secretary,annual,On or before August 15 of each year in which reports are submitted under subsection (a),provision,https://uscode.house.gov/view.xhtml?req=granuleid:USC-prelim-title20-section1226b&num=0&edition=prelim,/us/usc/t20/s1226b/f
20 U.S.C. 1226b(f)(3),Secretary,event-driven,On or before August 15 of each year in which reports are submitted under subsection (a),provision,https://uscode.house.gov/view.xhtml?req=granuleid:USC-prelim-title20-section1226b&num=0&edition=prelim,/us/usc/t20/s1226b/f/3
20 U.S.C. 2012,The Foundation,annual,,provision,https://uscode.house.gov/view.xhtml?req=granuleid:USC-prelim-title20-section2012&num=0&edition=prelim,/us/usc/t20/s2012
20 U.S.C. 2106,Director,annual,,provision,https://uscode.house.gov/view.xhtml?req=granuleid:USC-prelim-title20-section2106&num=0&edition=prelim,/us/usc/t20/s2106
20 U.S.C. 3413,Assistant Secretary for Civil Rights,annual,,provision,https://uscode.house.gov/view.xhtml?req=granuleid:USC-prelim-title20-section3413&num=0&edition=prelim,/us/usc/t20/s3413
20 U.S.C. 3423a,Secretary of Education,annual,,provision,https://uscode.house.gov/view.xhtml?req=granuleid:USC-prelim-title20-section3423a&num=0&edition=prelim,/us/usc/t20/s3423a
20 U.S.C. 3486,the Secretary,annual,as soon as practicable after the close of each fiscal year,provision,https://uscode.house.gov/view.xhtml?req=granuleid:USC-prelim-title20-section3486&num=0&edition=prelim,/us/usc/t20/s3486
20 U.S.C. 3605(d),Secretary,annual,before February 1 of such year,provision,https://uscode.house.gov/view.xhtml?req=granuleid:USC-prelim-title20-section3605&num=0&edition=prelim,/us/usc/t20/s3605/d
20 U.S.C. 4332(b),Secretary,annual,not later than June 1 following the fiscal year for which the report is submitted,provision,https://uscode.house.gov/view.xhtml?req=granuleid:USC-prelim-title20-section4332&num=0&edition=prelim,/us/usc/t20/s4332/b
20 U.S.C. 4353(b),Gallaudet University or the institution of higher education with which the Secretary has an agreement,annual,"within 15 days of acceptance of the audit, but not later than January 10 of each year",provision,https://uscode.house.gov/view.xhtml?req=granuleid:USC-prelim-title20-section4353&num=0&edition=prelim,/us/usc/t20/s4353/b
20 U.S.C. 4353(b)(3),the University or the institution authorized to establish and operate the NTID,annual,"within 15 days of acceptance of the audit by the University or the institution authorized to establish and operate the NTID under section 4332(a) of this title, but not later than January 10 of each year",provision,https://uscode.house.gov/view.xhtml?req=granuleid:USC-prelim-title20-section4353&num=0&edition=prelim,/us/usc/t20/s4353/b/3
20 U.S.C. 4354,The Board of Trustees of Gallaudet University and the Board of Trustees or other governing body of the institution of higher education with which the Secretary has an agreement under section 4332 of this title,annual,not later than 100 days after the end of each fiscal year,provision,https://uscode.house.gov/view.xhtml?req=granuleid:USC-prelim-title20-section4354&num=0&edition=prelim,/us/usc/t20/s4354
20 U.S.C. 4355(b),the Secretary,annual,,provision,https://uscode.house.gov/view.xhtml?req=granuleid:USC-prelim-title20-section4355&num=0&edition=prelim,/us/usc/t20/s4355/b
20 U.S.C. 4359b,Gallaudet University and the National Technical Institute for the Deaf,annual,not later than January 10 of each year,provision,https://uscode.house.gov/view.xhtml?req=granuleid:USC-prelim-title20-section4359b&num=0&edition=prelim,/us/usc/t20/s4359b
20 U.S.C. 4359b(b),The University and NTID,annual,not later than January 10 of each year,provision,https://uscode.house.gov/view.xhtml?req=granuleid:USC-prelim-title20-section4359b&num=0&edition=prelim,/us/usc/t20/s4359b/b
20 U.S.C. 4422,President of the Institute,annual,not later than April 1 of each calendar year,provision,https://uscode.house.gov/view.xhtml?req=granuleid:USC-prelim-title20-section4422&num=0&edition=prelim,/us/usc/t20/s4422
20 U.S.C. 4422(b),the Board,annual,not later than April 1 of each calendar year,provision,https://uscode.house.gov/view.xhtml?req=granuleid:USC-prelim-title20-section4422&num=0&edition=prelim,/us/usc/t20/s4422/b
20 U.S.C. 5508(d),Advisory Council,biennial,"within 24 months of November 16, 1990",provision,https://uscode.house.gov/view.xhtml?req=granuleid:USC-prelim-title20-section5508&num=0&edition=prelim,/us/usc/t20/s5508/d
20 U.S.C. 5508(d)(1),Environmental Education Advisory Council,biennial,"within 24 months of November 16, 1990",provision,https://uscode.house.gov/view.xhtml?req=granuleid:USC-prelim-title20-section5508&num=0&edition=prelim,/us/usc/t20/s5508/d/1
20 U.S.C. 57,the board,event-driven,at each session thereof,provision,https://uscode.house.gov/view.xhtml?req=granuleid:USC-prelim-title20-section57&num=0&edition=prelim,/us/usc/t20/s57
20 U.S.C. 65a,Director of the National Museum,annual,,provision,https://uscode.house.gov/view.xhtml?req=granuleid:USC-prelim-title20-section65a&num=0&edition=prelim,/us/usc/t20/s65a
20 U.S.C. 6843,Secretary,biennial,every second year,provision,https://uscode.house.gov/view.xhtml?req=granuleid:USC-prelim-title20-section6843&num=0&edition=prelim,/us/usc/t20/s6843
20 U.S.C. 71 note,the Administrator and the Chairman,other,not later than sixty days after the date of enactment of this Act and every thirty days thereafter,note,https://uscode.house.gov/view.xhtml?req=granuleid:USC-prelim-title20-section71&num=0&edition=prelim,/us/usc/t20/s71/note/1
20 U.S.C. 7221c(h),Secretary,annual,annual,provision,https://uscode.house.gov/view.xhtml?req=granuleid:USC-prelim-title20-section7221c&num=0&edition=prelim,/us/usc/t20/s7221c/h
20 U.S.C. 7293(c),the Secretary,biennial,,provision,https://uscode.house.gov/view.xhtml?req=granuleid:USC-prelim-title20-section7293&num=0&edition=prelim,/us/usc/t20/s7293/c
20 U.S.C. 7471,National Advisory Council on Indian Education,annual,June 30 of each year,provision,https://uscode.house.gov/view.xhtml?req=granuleid:USC-prelim-title20-section7471&num=0&edition=prelim,/us/usc/t20/s7471
20 U.S.C. 76l(c),the Board,annual,,provision,https://uscode.house.gov/view.xhtml?req=granuleid:USC-prelim-title20-section76l&num=0&edition=prelim,/us/usc/t20/s76l/c
20 U.S.C. 76q-1(g),Comptroller General,other,Until completion of the Project,provision,https://uscode.house.gov/view.xhtml?req=granuleid:USC-prelim-title20-section76q-1&num=0&edition=prelim,/us/usc/t20/s76q–1/g
20 U.S.C. 7703c note,the President,annual,"as submitted to Congress pursuant to section 1105 of title 31, United States Code",note,https://uscode.house.gov/view.xhtml?req=granuleid:USC-prelim-title20-section7703c&num=0&edition=prelim,/us/usc/t20/s7703c/note/0
20 U.S.C. 77c,Smithsonian Institution,annual,,provision,https://uscode.house.gov/view.xhtml?req=granuleid:USC-prelim-title20-section77c&num=0&edition=prelim,/us/usc/t20/s77c
20 U.S.C. 7908a note,Secretary of Defense,annual,,note,https://uscode.house.gov/view.xhtml?req=granuleid:USC-prelim-title20-section7908a&num=0&edition=prelim,/us/usc/t20/s7908a/note/0
20 U.S.C. 7981(d),Director of the Institute of Education Sciences,biennial,on a biennial basis,provision,https://uscode.house.gov/view.xhtml?req=granuleid:USC-prelim-title20-section7981&num=0&edition=prelim,/us/usc/t20/s7981/d
20 U.S.C. 79b,Smithsonian Institution,annual,during the preceding year,provision,https://uscode.house.gov/view.xhtml?req=granuleid:USC-prelim-title20-section79b&num=0&edition=prelim,/us/usc/t20/s79b
20 U.S.C. 930,Director,event-driven,at the time of the transmittal of such report,provision,https://uscode.house.gov/view.xhtml?req=granuleid:USC-prelim-title20-section930&num=0&edition=prelim,/us/usc/t20/s930
20 U.S.C. 9516(e),The Board,annual,not later than July 1 of each year,provision,https://uscode.house.gov/view.xhtml?req=granuleid:USC-prelim-title20-section9516&num=0&edition=prelim,/us/usc/t20/s9516/e
20 U.S.C. 9519,the Director,biennial,on a biennial basis,provision,https://uscode.house.gov/view.xhtml?req=granuleid:USC-prelim-title20-section9519&num=0&edition=prelim,/us/usc/t20/s9519
20 U.S.C. 954(q),Chairperson of the National Endowment for the Arts,multi-year,"not later than October 1, 1992, and quadrennially thereafter",provision,https://uscode.house.gov/view.xhtml?req=granuleid:USC-prelim-title20-section954&num=0&edition=prelim,/us/usc/t20/s954/q
20 U.S.C. 9545,the Statistics Commissioner,annual,"June 1, 2003, and each June 1 thereafter",provision,https://uscode.house.gov/view.xhtml?req=granuleid:USC-prelim-title20-section9545&num=0&edition=prelim,/us/usc/t20/s9545
20 U.S.C. 956(k),The Chairperson of the National Endowment for the Humanities,multi-year,"not later than October 1, 1992, and quadrennially thereafter",provision,https://uscode.house.gov/view.xhtml?req=granuleid:USC-prelim-title20-section956&num=0&edition=prelim,/us/usc/t20/s956/k
20 U.S.C. 959(d),Chairperson of the National Endowment for the Arts and the Chairperson of the National Endowment for the Humanities,annual,on or before the 15th day of April of each year,provision,https://uscode.house.gov/view.xhtml?req=granuleid:USC-prelim-title20-section959&num=0&edition=prelim,/us/usc/t20/s959/d
20 U.S.C. 9631(g),Director of the National Center for Research in Advanced Information and Digital Technologies,annual,Not later than December 30 of each year beginning in fiscal year 2009,provision,https://uscode.house.gov/view.xhtml?req=granuleid:USC-prelim-title20-section9631&num=0&edition=prelim,/us/usc/t20/s9631/g
20 U.S.C. 9703(h),the Commission,annual,Not later than 18 months after the date of the first meeting of the Commission,provision,https://uscode.house.gov/view.xhtml?req=granuleid:USC-prelim-title20-section9703&num=0&edition=prelim,/us/usc/t20/s9703/h
20 U.S.C. 9703(i),Chairperson of the Commission,annual,,provision,https://uscode.house.gov/view.xhtml?req=granuleid:USC-prelim-title20-section9703&num=0&edition=prelim,/us/usc/t20/s9703/i
20 U.S.C. 9706(b)(2)(B),Comptroller General,other,,provision,https://uscode.house.gov/view.xhtml?req=granuleid:USC-prelim-title20-section9706&num=0&edition=prelim,/us/usc/t20/s9706/b/2/B
20 U.S.C. 9707,the Secretary of the Treasury,annual,For each fiscal year for which there are appropriations pursuant to the authorization in subsection (e),provision,https://uscode.house.gov/view.xhtml?req=granuleid:USC-prelim-title20-section9707&num=0&edition=prelim,/us/usc/t20/s9707
20 U.S.C. 9833(k),the Secretary,annual,,provision,https://uscode.house.gov/view.xhtml?req=granuleid:USC-prelim-title20-section9833&num=0&edition=prelim,/us/usc/t20/s9833/k
20 U.S.C. 9904,The Director,annual,,provision,https://uscode.house.gov/view.xhtml?req=granuleid:USC-prelim-title20-section9904&num=0&edition=prelim,/us/usc/t20/s9904
21 U.S.C. 1054,the Secretary,annual,"Not later than March 1 of each year following December 29, 1970",provision,https://uscode.house.gov/view.xhtml?req=granuleid:USC-prelim-title21-section1054&num=0&edition=prelim,/us/usc/t21/s1054
21 U.S.C. 1505a,Director of the Office of National Drug Control Policy,annual,December 1st of each year,provision,https://uscode.house.gov/view.xhtml?req=granuleid:USC-prelim-title21-section1505a&num=0&edition=prelim,/us/usc/t21/s1505a
21 U.S.C. 1505a(b),Federal agency,annual,annual,provision,https://uscode.house.gov/view.xhtml?req=granuleid:USC-prelim-title21-section1505a&num=0&edition=prelim,/us/usc/t21/s1505a/b
21 U.S.C. 1505a(b)(4),not specified,annual,fiscal year after the fiscal year in which the report is submitted,provision,https://uscode.house.gov/view.xhtml?req=granuleid:USC-prelim-title21-section1505a&num=0&edition=prelim,/us/usc/t21/s1505a/b/4
21 U.S.C. 1715,Comptroller General of the United States,biennial,"Not later than 4 years after October 24, 2018, and every 4 years thereafter",provision,https://uscode.house.gov/view.xhtml?req=granuleid:USC-prelim-title21-section1715&num=0&edition=prelim,/us/usc/t21/s1715
21 U.S.C. 1903(b),the President,annual,"Not later than June 1, 2000, and not later than June 1 of each year thereafter",provision,https://uscode.house.gov/view.xhtml?req=granuleid:USC-prelim-title21-section1903&num=0&edition=prelim,/us/usc/t21/s1903/b
21 U.S.C. 1903(d),the President,annual,"Not later than July 1, 2000, and not later than July 1 of each year thereafter",provision,https://uscode.house.gov/view.xhtml?req=granuleid:USC-prelim-title21-section1903&num=0&edition=prelim,/us/usc/t21/s1903/d
21 U.S.C. 1903(f),Director of Central Intelligence or the Attorney General,annual,"not later than July 1, 2000, and on an annual basis thereafter",provision,https://uscode.house.gov/view.xhtml?req=granuleid:USC-prelim-title21-section1903&num=0&edition=prelim,/us/usc/t21/s1903/f
21 U.S.C. 1903(f)(2),not specified,annual,"not later than July 1, 2000, and on an annual basis thereafter",provision,https://uscode.house.gov/view.xhtml?req=granuleid:USC-prelim-title21-section1903&num=0&edition=prelim,/us/usc/t21/s1903/f/2
21 U.S.C. 2203,Secretary of Homeland Security,annual,"within 180 days of January 4, 2011, and annually thereafter",provision,https://uscode.house.gov/view.xhtml?req=granuleid:USC-prelim-title21-section2203&num=0&edition=prelim,/us/usc/t21/s2203
21 U.S.C. 2221,the Secretary,biennial,"not later than 180 days after January 4, 2011",provision,https://uscode.house.gov/view.xhtml?req=granuleid:USC-prelim-title21-section2221&num=0&edition=prelim,/us/usc/t21/s2221
21 U.S.C. 2222,the Secretary of Homeland Security,biennial,,provision,https://uscode.house.gov/view.xhtml?req=granuleid:USC-prelim-title21-section2222&num=0&edition=prelim,/us/usc/t21/s2222
21 U.S.C. 2352,the President,annual,"Not later than 180 days after April 24, 2024, and annually thereafter",provision,https://uscode.house.gov/view.xhtml?req=granuleid:USC-prelim-title21-section2352&num=0&edition=prelim,/us/usc/t21/s2352
21 U.S.C. 2353,the President,annual,"Not later than 180 days after April 24, 2024, and annually thereafter",provision,https://uscode.house.gov/view.xhtml?req=granuleid:USC-prelim-title21-section2353&num=0&edition=prelim,/us/usc/t21/s2353
21 U.S.C. 348(h)(5)(C),the Secretary,annual,Not later than April 1 of fiscal year 1998 and February 1 of each subsequent fiscal year,provision,https://uscode.house.gov/view.xhtml?req=granuleid:USC-prelim-title21-section348&num=0&edition=prelim,/us/usc/t21/s348/h/5/C
21 U.S.C. 350l-1,Secretary of Health and Human Services,annual,"Not later than 2 years after January 4, 2011, and annually thereafter",provision,https://uscode.house.gov/view.xhtml?req=granuleid:USC-prelim-title21-section350l-1&num=0&edition=prelim,/us/usc/t21/s350l–1
21 U.S.C. 350l-1(2),not specified,annual,annual,provision,https://uscode.house.gov/view.xhtml?req=granuleid:USC-prelim-title21-section350l-1&num=0&edition=prelim,/us/usc/t21/s350l–1/2
21 U.S.C. 353(iii)(G),the Secretary,annual,"Not later than one year after October 26, 2002 (except with respect to clause (iv), beginning not later than one year after December 13, 2016)",provision,https://uscode.house.gov/view.xhtml?req=granuleid:USC-prelim-title21-section353&num=0&edition=prelim,/us/usc/t21/s353/iii/G
21 U.S.C. 355c-1(a),the Secretary,multi-year,"Not later than four years after July 9, 2012, and every five years thereafter",provision,https://uscode.house.gov/view.xhtml?req=granuleid:USC-prelim-title21-section355c-1&num=0&edition=prelim,/us/usc/t21/s355c–1/a
21 U.S.C. 356c-1,the Secretary,annual,Not later than March 31 of each calendar year,provision,https://uscode.house.gov/view.xhtml?req=granuleid:USC-prelim-title21-section356c-1&num=0&edition=prelim,/us/usc/t21/s356c–1
21 U.S.C. 356l(e),the Secretary,annual,"not later than 3 years after December 29, 2022, and annually thereafter",provision,https://uscode.house.gov/view.xhtml?req=granuleid:USC-prelim-title21-section356l&num=0&edition=prelim,/us/usc/t21/s356l/e
21 U.S.C. 360bbb-5(d),the Secretary,annual,"Not later than 18 months after September 27, 2007, and annually thereafter",provision,https://uscode.house.gov/view.xhtml?req=granuleid:USC-prelim-title21-section360bbb-5&num=0&edition=prelim,/us/usc/t21/s360bbb–5/d
21 U.S.C. 360e-1,the Secretary,annual,"Not later than 18 months after September 27, 2007, and annually thereafter",provision,https://uscode.house.gov/view.xhtml?req=granuleid:USC-prelim-title21-section360e-1&num=0&edition=prelim,/us/usc/t21/s360e–1
21 U.S.C. 360fff-7(a)(1),the Secretary,other,"Not later than 18 months after November 26, 2014, and on the dates that are 2 and 4 years thereafter",provision,https://uscode.house.gov/view.xhtml?req=granuleid:USC-prelim-title21-section360fff-7&num=0&edition=prelim,/us/usc/t21/s360fff–7/a/1
21 U.S.C. 360g-2,the Secretary,biennial,"Not later than September 30, 2023, and biennially thereafter",provision,https://uscode.house.gov/view.xhtml?req=granuleid:USC-prelim-title21-section360g-2&num=0&edition=prelim,/us/usc/t21/s360g–2
21 U.S.C. 360i(i)(9),the Secretary,annual,"Not later than 18 months after August 18, 2017",provision,https://uscode.house.gov/view.xhtml?req=granuleid:USC-prelim-title21-section360i&num=0&edition=prelim,/us/usc/t21/s360i/i/9
21 U.S.C. 379d-1(e),the Secretary,annual,Not later than February 1 of each year,provision,https://uscode.house.gov/view.xhtml?req=granuleid:USC-prelim-title21-section379d-1&num=0&edition=prelim,/us/usc/t21/s379d–1/e
21 U.S.C. 379d-4,the Secretary,annual,not later than 120 days after the end of each fiscal year for which fees are collected under subpart 7 of part C (for generic drugs) and subpart 8 of part C (for biosimilars),provision,https://uscode.house.gov/view.xhtml?req=granuleid:USC-prelim-title21-section379d-4&num=0&edition=prelim,/us/usc/t21/s379d–4
21 U.S.C. 379g note,Secretary of Health and Human Services,annual,"not later than 60 days after the end of each fiscal year during which fees are collected under part 2 of subchapter C of chapter VII of the Federal Food, Drug, and Cosmetic Act",note,https://uscode.house.gov/view.xhtml?req=granuleid:USC-prelim-title21-section379g&num=0&edition=prelim,/us/usc/t21/s379g/note/0
21 U.S.C. 379g note,Secretary of Health and Human Services,annual,not later than 60 days after the end of each fiscal year during which fees are collected,note,https://uscode.house.gov/view.xhtml?req=granuleid:USC-prelim-title21-section379g&num=0&edition=prelim,/us/usc/t21/s379g/note/2
21 U.S.C. 379i note,the Secretary,annual,not later than 60 days after the end of each fiscal year during which fees are collected under this part and not later than 120 days after the end of each fiscal year during which fees are collected under the medical device user-fee program,note,https://uscode.house.gov/view.xhtml?req=granuleid:USC-prelim-title21-section379i&num=0&edition=prelim,/us/usc/t21/s379i/note/2
21 U.S.C. 379j-1(a)(1)(A)(i),the Secretary,annual,"Beginning with fiscal year 2023, for each fiscal year for which fees are collected",provision,https://uscode.house.gov/view.xhtml?req=granuleid:USC-prelim-title21-section379j-1&num=0&edition=prelim,/us/usc/t21/s379j–1/a/1/A/i
21 U.S.C. 379j-1(a)(2),the Secretary,annual,"Beginning with fiscal year 2023, for each fiscal year for which fees are collected under this subpart",provision,https://uscode.house.gov/view.xhtml?req=granuleid:USC-prelim-title21-section379j-1&num=0&edition=prelim,/us/usc/t21/s379j–1/a/2
21 U.S.C. 379j-1(a)(3),representatives from the Centers and representatives from the Food and Drug Administration,annual,not later than 120 days after the end of each fiscal year for which fees are collected,provision,https://uscode.house.gov/view.xhtml?req=granuleid:USC-prelim-title21-section379j-1&num=0&edition=prelim,/us/usc/t21/s379j–1/a/3
21 U.S.C. 379j-1(a)(3)(A),representatives from the Centers with expertise in the review of devices,annual,"Each fiscal year, as applicable and requested",provision,https://uscode.house.gov/view.xhtml?req=granuleid:USC-prelim-title21-section379j-1&num=0&edition=prelim,/us/usc/t21/s379j–1/a/3/A
21 U.S.C. 379j-1(a)(3)(B),Food and Drug Administration,annual,not later than 120 days after the end of each fiscal year for which fees are collected,provision,https://uscode.house.gov/view.xhtml?req=granuleid:USC-prelim-title21-section379j-1&num=0&edition=prelim,/us/usc/t21/s379j–1/a/3/B
21 U.S.C. 379j-1(a)(4),the Secretary,annual,not later than 120 days after the end of each fiscal year during which fees are collected,provision,https://uscode.house.gov/view.xhtml?req=granuleid:USC-prelim-title21-section379j-1&num=0&edition=prelim,/us/usc/t21/s379j–1/a/4
21 U.S.C. 379j-1(b)(4),the Secretary,other,regular updates,provision,https://uscode.house.gov/view.xhtml?req=granuleid:USC-prelim-title21-section379j-1&num=0&edition=prelim,/us/usc/t21/s379j–1/b/4
21 U.S.C. 379j-31(f),the Secretary,annual,Not later than 120 days after each fiscal year for which fees are assessed under this section,provision,https://uscode.house.gov/view.xhtml?req=granuleid:USC-prelim-title21-section379j-31&num=0&edition=prelim,/us/usc/t21/s379j–31/f
21 U.S.C. 379j-43(a)(1),the Secretary,annual,Not later than 120 days after the end of each fiscal year for which fees are collected under this subpart,provision,https://uscode.house.gov/view.xhtml?req=granuleid:USC-prelim-title21-section379j-43&num=0&edition=prelim,/us/usc/t21/s379j–43/a/1
21 U.S.C. 379j-43(b),the Secretary,annual,Not later than 120 days after the end of each fiscal year for which fees are collected under this subpart,provision,https://uscode.house.gov/view.xhtml?req=granuleid:USC-prelim-title21-section379j-43&num=0&edition=prelim,/us/usc/t21/s379j–43/b
21 U.S.C. 379j-43(c),the Secretary,annual,For each fiscal year for which fees are collected under this subpart,provision,https://uscode.house.gov/view.xhtml?req=granuleid:USC-prelim-title21-section379j-43&num=0&edition=prelim,/us/usc/t21/s379j–43/c
21 U.S.C. 379j-43(d),representatives from the Centers with expertise in the review of human drugs and representatives from the Food and Drug Administration,annual,not later than 120 days after the end of each fiscal year for which fees are collected,provision,https://uscode.house.gov/view.xhtml?req=granuleid:USC-prelim-title21-section379j-43&num=0&edition=prelim,/us/usc/t21/s379j–43/d
21 U.S.C. 379j-43(d)(2),Food and Drug Administration,annual,not later than 120 days after the end of each fiscal year for which fees are collected under this subpart,provision,https://uscode.house.gov/view.xhtml?req=granuleid:USC-prelim-title21-section379j-43&num=0&edition=prelim,/us/usc/t21/s379j–43/d/2
21 U.S.C. 379j-43(f)(4),The Secretary,other,regular updates,provision,https://uscode.house.gov/view.xhtml?req=granuleid:USC-prelim-title21-section379j-43&num=0&edition=prelim,/us/usc/t21/s379j–43/f/4
21 U.S.C. 379j-53(a)(1),the Secretary,annual,Not later than 120 days after the end of each fiscal year for which fees are collected under this subpart,provision,https://uscode.house.gov/view.xhtml?req=granuleid:USC-prelim-title21-section379j-53&num=0&edition=prelim,/us/usc/t21/s379j–53/a/1
21 U.S.C. 379j-53(b),the Secretary,annual,Not later than 120 days after the end of each fiscal year for which fees are collected under this subpart,provision,https://uscode.house.gov/view.xhtml?req=granuleid:USC-prelim-title21-section379j-53&num=0&edition=prelim,/us/usc/t21/s379j–53/b
21 U.S.C. 379j-53(c),the Secretary,annual,For each fiscal year for which fees are collected under this subpart,provision,https://uscode.house.gov/view.xhtml?req=granuleid:USC-prelim-title21-section379j-53&num=0&edition=prelim,/us/usc/t21/s379j–53/c
21 U.S.C. 379j-53(d),representatives from the Centers and representatives from the Food and Drug Administration,annual,not later than 120 days after the end of each fiscal year for which fees are collected,provision,https://uscode.house.gov/view.xhtml?req=granuleid:USC-prelim-title21-section379j-53&num=0&edition=prelim,/us/usc/t21/s379j–53/d
21 U.S.C. 379j-53(d)(2),Food and Drug Administration,annual,not later than 120 days after the end of each fiscal year for which fees are collected under this subpart,provision,https://uscode.house.gov/view.xhtml?req=granuleid:USC-prelim-title21-section379j-53&num=0&edition=prelim,/us/usc/t21/s379j–53/d/2
21 U.S.C. 379j-53(f)(4),The Secretary,other,regular updates,provision,https://uscode.house.gov/view.xhtml?req=granuleid:USC-prelim-title21-section379j-53&num=0&edition=prelim,/us/usc/t21/s379j–53/f/4
21 U.S.C. 379j-62(h),the Secretary,annual,Not later than 120 calendar days after each fiscal year in which fees are assessed and collected under this section,provision,https://uscode.house.gov/view.xhtml?req=granuleid:USC-prelim-title21-section379j-62&num=0&edition=prelim,/us/usc/t21/s379j–62/h
21 U.S.C. 384e,the Secretary,multi-year,"not later than 4 years after December 29, 2022",provision,https://uscode.house.gov/view.xhtml?req=granuleid:USC-prelim-title21-section384e&num=0&edition=prelim,/us/usc/t21/s384e
21 U.S.C. 384e(c)(2),the Secretary,biennial,"not later than 4 years after December 29, 2022",provision,https://uscode.house.gov/view.xhtml?req=granuleid:USC-prelim-title21-section384e&num=0&edition=prelim,/us/usc/t21/s384e/c/2
21 U.S.C. 387u(a),Secretary of Health and Human Services,biennial,"Not later than 3 years after June 22, 2009, and not less than every 2 years thereafter",provision,https://uscode.house.gov/view.xhtml?req=granuleid:USC-prelim-title21-section387u&num=0&edition=prelim,/us/usc/t21/s387u/a
21 U.S.C. 387v(a),Secretary of Health and Human Services,annual,not later than 180 days after the end of the fiscal year,provision,https://uscode.house.gov/view.xhtml?req=granuleid:USC-prelim-title21-section387v&num=0&edition=prelim,/us/usc/t21/s387v/a
21 U.S.C. 387v note,The Commissioner of Food and Drugs,semiannual,not later than 180 days after the date of enactment of this Act,note,https://uscode.house.gov/view.xhtml?req=granuleid:USC-prelim-title21-section387v&num=0&edition=prelim,/us/usc/t21/s387v/note/0
21 U.S.C. 454(c)(4),The Secretary,annual,at least annually,provision,https://uscode.house.gov/view.xhtml?req=granuleid:USC-prelim-title21-section454&num=0&edition=prelim,/us/usc/t21/s454/c/4
21 U.S.C. 473(e),the Secretary,annual,"Beginning not later than 1 year after the date on which the first grant is awarded; and not later than 1 year after December 27, 2020",provision,https://uscode.house.gov/view.xhtml?req=granuleid:USC-prelim-title21-section473&num=0&edition=prelim,/us/usc/t21/s473/e
21 U.S.C. 661(c)(4),The Secretary,annual,"December 15, 1967, and periodically thereafter, but at least annually",provision,https://uscode.house.gov/view.xhtml?req=granuleid:USC-prelim-title21-section661&num=0&edition=prelim,/us/usc/t21/s661/c/4
21 U.S.C. 826a,Attorney General,annual,"Not later than 6 months after July 9, 2012",provision,https://uscode.house.gov/view.xhtml?req=granuleid:USC-prelim-title21-section826a&num=0&edition=prelim,/us/usc/t21/s826a
21 U.S.C. 871a,the Attorney General,semiannual,,provision,https://uscode.house.gov/view.xhtml?req=granuleid:USC-prelim-title21-section871a&num=0&edition=prelim,/us/usc/t21/s871a
21 U.S.C. 886a(1),Attorney General,event-driven,fifteen days in advance,provision,https://uscode.house.gov/view.xhtml?req=granuleid:USC-prelim-title21-section886a&num=0&edition=prelim,/us/usc/t21/s886a/1
22 U.S.C. 10008(d)(2),Secretary of the Treasury,semiannual,"Not later than 3 months after January 1, 2021",provision,https://uscode.house.gov/view.xhtml?req=granuleid:USC-prelim-title22-section10008&num=0&edition=prelim,/us/usc/t22/s10008/d/2
22 U.S.C. 10008(d)(3),Secretary of the Treasury,other,"Not later than 3 months after January 1, 2021, and not less frequently than once every 6 months thereafter during the transitional period",provision,https://uscode.house.gov/view.xhtml?req=granuleid:USC-prelim-title22-section10008&num=0&edition=prelim,/us/usc/t22/s10008/d/3
22 U.S.C. 10011(a),the President,annual,"Not later than 180 days after January 1, 2021, and annually thereafter for 2 years",provision,https://uscode.house.gov/view.xhtml?req=granuleid:USC-prelim-title22-section10011&num=0&edition=prelim,/us/usc/t22/s10011/a
22 U.S.C. 10011(b),the President,other,"Not later than 180 days after January 1, 2021, and 1 year thereafter",provision,https://uscode.house.gov/view.xhtml?req=granuleid:USC-prelim-title22-section10011&num=0&edition=prelim,/us/usc/t22/s10011/b
22 U.S.C. 10103,the President,annual,"not later than 120 days after December 23, 2016 (initial); December 10 or first day thereafter both Houses are in session (subsequent)",provision,https://uscode.house.gov/view.xhtml?req=granuleid:USC-prelim-title22-section10103&num=0&edition=prelim,/us/usc/t22/s10103
22 U.S.C. 10103(a)(6),the President,other,,provision,https://uscode.house.gov/view.xhtml?req=granuleid:USC-prelim-title22-section10103&num=0&edition=prelim,/us/usc/t22/s10103/a/6
22 U.S.C. 10222(i),Secretary of State,annual,"Not later than 90 days after December 23, 2022",provision,https://uscode.house.gov/view.xhtml?req=granuleid:USC-prelim-title22-section10222&num=0&edition=prelim,/us/usc/t22/s10222/i
22 U.S.C. 10301 note,Secretary of State; Comptroller General of the United States,annual,"Not later than 180 days after the date of the enactment of this Act, and annually thereafter for five years; Not later than 18 months after the date of the enactment of this Act, and biennially thereafter",note,https://uscode.house.gov/view.xhtml?req=granuleid:USC-prelim-title22-section10301&num=0&edition=prelim,/us/usc/t22/s10301/note/1
22 U.S.C. 10303(c),the Secretary,annual,"Not later than 1 year after December 23, 2022, and annually thereafter for the following 5 years",provision,https://uscode.house.gov/view.xhtml?req=granuleid:USC-prelim-title22-section10303&num=0&edition=prelim,/us/usc/t22/s10303/c
22 U.S.C. 10303(e),the Secretary,annual,"Not later than 1 year after December 23, 2022, and annually thereafter for the following 5 years",provision,https://uscode.house.gov/view.xhtml?req=granuleid:USC-prelim-title22-section10303&num=0&edition=prelim,/us/usc/t22/s10303/e
22 U.S.C. 10305,the Secretary,annual,"Not later than 180 days after December 23, 2022, and annually thereafter for the following 5 years",provision,https://uscode.house.gov/view.xhtml?req=granuleid:USC-prelim-title22-section10305&num=0&edition=prelim,/us/usc/t22/s10305
22 U.S.C. 10308 note,the Secretary of State,annual,"Not later than one year after the date of the enactment of this Act, and annually thereafter for 5 years",note,https://uscode.house.gov/view.xhtml?req=granuleid:USC-prelim-title22-section10308&num=0&edition=prelim,/us/usc/t22/s10308/note/0
22 U.S.C. 10309,the Secretary,annual,"Not later than 180 days after December 18, 2025, and annually thereafter for the following three years",provision,https://uscode.house.gov/view.xhtml?req=granuleid:USC-prelim-title22-section10309&num=0&edition=prelim,/us/usc/t22/s10309
22 U.S.C. 10411(e),the Senior Advisor,annual,"Not later than one year after December 22, 2023, and annually thereafter",provision,https://uscode.house.gov/view.xhtml?req=granuleid:USC-prelim-title22-section10411&num=0&edition=prelim,/us/usc/t22/s10411/e
22 U.S.C. 10412,"Secretary of Defense, in coordination with the Administrator for Nuclear Security and the Secretary of State; and the designated senior civilian official",semiannual,"Not later than 90 days after December 22, 2023 (for the plan); Not later than 60 days after plan submission and semiannually thereafter (for briefings)",provision,https://uscode.house.gov/view.xhtml?req=granuleid:USC-prelim-title22-section10412&num=0&edition=prelim,/us/usc/t22/s10412
22 U.S.C. 10412(c),senior civilian official designated under subsection (a),semiannual,"not later than 60 days after the date on which the plan required by subsection (b) is submitted, and semiannually thereafter not later than April 1 and October 1 each year through 2029",provision,https://uscode.house.gov/view.xhtml?req=granuleid:USC-prelim-title22-section10412&num=0&edition=prelim,/us/usc/t22/s10412/c
22 U.S.C. 10413(b),"Secretary of State, in coordination with the Secretary of Defense and other appropriate heads of agencies",biennial,"Not later than one year after December 22, 2023",provision,https://uscode.house.gov/view.xhtml?req=granuleid:USC-prelim-title22-section10413&num=0&edition=prelim,/us/usc/t22/s10413/b
22 U.S.C. 10422,the President,biennial,"Not later than 90 days after December 22, 2023",provision,https://uscode.house.gov/view.xhtml?req=granuleid:USC-prelim-title22-section10422&num=0&edition=prelim,/us/usc/t22/s10422
22 U.S.C. 10502,Secretary of State,annual,"not later than 2 years after December 22, 2023, and annually thereafter for seven years",provision,https://uscode.house.gov/view.xhtml?req=granuleid:USC-prelim-title22-section10502&num=0&edition=prelim,/us/usc/t22/s10502
22 U.S.C. 10504(b),Secretary of State,annual,Not later than 180 days after providing the list required by section 10502(b) of this title,provision,https://uscode.house.gov/view.xhtml?req=granuleid:USC-prelim-title22-section10504&num=0&edition=prelim,/us/usc/t22/s10504/b
22 U.S.C. 10602(c),the Executive Director,annual,not later than 5 days after the Plan of Action is approved by the Board,provision,https://uscode.house.gov/view.xhtml?req=granuleid:USC-prelim-title22-section10602&num=0&edition=prelim,/us/usc/t22/s10602/c
22 U.S.C. 10605,the accountability mechanism,annual,,provision,https://uscode.house.gov/view.xhtml?req=granuleid:USC-prelim-title22-section10605&num=0&edition=prelim,/us/usc/t22/s10605
22 U.S.C. 10606(b),the Executive Director,annual,Not later than 5 days after the date on which the Board determines which countries are eligible to receive assistance under this chapter for a fiscal year,provision,https://uscode.house.gov/view.xhtml?req=granuleid:USC-prelim-title22-section10606&num=0&edition=prelim,/us/usc/t22/s10606/b
22 U.S.C. 10608,Executive Director of the Foundation,annual,"Not later than 360 days after December 23, 2024",provision,https://uscode.house.gov/view.xhtml?req=granuleid:USC-prelim-title22-section10608&num=0&edition=prelim,/us/usc/t22/s10608
22 U.S.C. 10710(a),"Secretary of State, in coordination with the Secretary of Defense, the Director of National Intelligence, and the heads of other Federal departments or agencies",biennial,"Not later than 180 days after December 18, 2025",provision,https://uscode.house.gov/view.xhtml?req=granuleid:USC-prelim-title22-section10710&num=0&edition=prelim,/us/usc/t22/s10710/a
22 U.S.C. 1733,Interagency Hostage Recovery Coordinator,quarterly,,provision,https://uscode.house.gov/view.xhtml?req=granuleid:USC-prelim-title22-section1733&num=0&edition=prelim,/us/usc/t22/s1733
22 U.S.C. 1733(b),the Coordinator,quarterly,,provision,https://uscode.house.gov/view.xhtml?req=granuleid:USC-prelim-title22-section1733&num=0&edition=prelim,/us/usc/t22/s1733/b
22 U.S.C. 1733(b)(1),Interagency Hostage Recovery Coordinator,quarterly,,provision,https://uscode.house.gov/view.xhtml?req=granuleid:USC-prelim-title22-section1733&num=0&edition=prelim,/us/usc/t22/s1733/b/1
22 U.S.C. 1733(b)(1)(A),the Coordinator,quarterly,,provision,https://uscode.house.gov/view.xhtml?req=granuleid:USC-prelim-title22-section1733&num=0&edition=prelim,/us/usc/t22/s1733/b/1/A
22 U.S.C. 1733(b)(2),Interagency Hostage Recovery Coordinator,quarterly,quarterly,provision,https://uscode.house.gov/view.xhtml?req=granuleid:USC-prelim-title22-section1733&num=0&edition=prelim,/us/usc/t22/s1733/b/2
22 U.S.C. 1741(c),the Secretary of State,annual,,provision,https://uscode.house.gov/view.xhtml?req=granuleid:USC-prelim-title22-section1741&num=0&edition=prelim,/us/usc/t22/s1741/c
22 U.S.C. 1741(d)(6),the Secretary,annual,not later than 90 days after the end of each fiscal year,provision,https://uscode.house.gov/view.xhtml?req=granuleid:USC-prelim-title22-section1741&num=0&edition=prelim,/us/usc/t22/s1741/d/6
22 U.S.C. 1741d-1(c)(3),Assistant Secretary of State for Consular Affairs and the Special Presidential Envoy for Hostage Affairs,annual,"Not later than one year after December 18, 2025",provision,https://uscode.house.gov/view.xhtml?req=granuleid:USC-prelim-title22-section1741d-1&num=0&edition=prelim,/us/usc/t22/s1741d–1/c/3
22 U.S.C. 1741d-1(c)(3)(B),appropriate congressional committees,event-driven,,provision,https://uscode.house.gov/view.xhtml?req=granuleid:USC-prelim-title22-section1741d-1&num=0&edition=prelim,/us/usc/t22/s1741d–1/c/3/B
22 U.S.C. 1943,the Secretary of State,other,,provision,https://uscode.house.gov/view.xhtml?req=granuleid:USC-prelim-title22-section1943&num=0&edition=prelim,/us/usc/t22/s1943
22 U.S.C. 2022,The President,annual,not less than once each year,provision,https://uscode.house.gov/view.xhtml?req=granuleid:USC-prelim-title22-section2022&num=0&edition=prelim,/us/usc/t22/s2022
22 U.S.C. 2027,Secretary of State,annual,"Not later than one year after September 30, 2002, and on an annual basis thereafter for five years",provision,https://uscode.house.gov/view.xhtml?req=granuleid:USC-prelim-title22-section2027&num=0&edition=prelim,/us/usc/t22/s2027
22 U.S.C. 2124,Tourism Policy Council,annual,on or before December 31 of each year,provision,https://uscode.house.gov/view.xhtml?req=granuleid:USC-prelim-title22-section2124&num=0&edition=prelim,/us/usc/t22/s2124
22 U.S.C. 2124c(l),Rural Tourism Development Foundation,annual,as soon as practicable after the end of each fiscal year,provision,https://uscode.house.gov/view.xhtml?req=granuleid:USC-prelim-title22-section2124c&num=0&edition=prelim,/us/usc/t22/s2124c/l
22 U.S.C. 2151b-2(f)(1),the President,annual,"Not later than February 15, 2014, and annually thereafter",provision,https://uscode.house.gov/view.xhtml?req=granuleid:USC-prelim-title22-section2151b-2&num=0&edition=prelim,/us/usc/t22/s2151b–2/f/1
22 U.S.C. 2151b-2 note,,annual,,note,https://uscode.house.gov/view.xhtml?req=granuleid:USC-prelim-title22-section2151b-2&num=0&edition=prelim,/us/usc/t22/s2151b–2/note/0
22 U.S.C. 2152g,the President,annual,not later than one year after the date on which the President transmits to the appropriate congressional committees the strategy required by section 4(a),provision,https://uscode.house.gov/view.xhtml?req=granuleid:USC-prelim-title22-section2152g&num=0&edition=prelim,/us/usc/t22/s2152g
22 U.S.C. 2152h(h),the President,annual,"Not later than October 1, 2015",provision,https://uscode.house.gov/view.xhtml?req=granuleid:USC-prelim-title22-section2152h&num=0&edition=prelim,/us/usc/t22/s2152h/h
22 U.S.C. 2152j-1,the President,other,"Not later than one year after October 6, 2017, and again four years thereafter",provision,https://uscode.house.gov/view.xhtml?req=granuleid:USC-prelim-title22-section2152j-1&num=0&edition=prelim,/us/usc/t22/s2152j–1
22 U.S.C. 2152k(d),The Special Advisor for Children in Adversity,annual,,provision,https://uscode.house.gov/view.xhtml?req=granuleid:USC-prelim-title22-section2152k&num=0&edition=prelim,/us/usc/t22/s2152k/d
22 U.S.C. 2186(b)(4),the President,annual,Not later than September 1 of each year,provision,https://uscode.house.gov/view.xhtml?req=granuleid:USC-prelim-title22-section2186&num=0&edition=prelim,/us/usc/t22/s2186/b/4
22 U.S.C. 2186(d),the President,annual,no later than September 30 of each fiscal year during the pendency of the program,provision,https://uscode.house.gov/view.xhtml?req=granuleid:USC-prelim-title22-section2186&num=0&edition=prelim,/us/usc/t22/s2186/d
22 U.S.C. 2214,"Administrator of the Agency, acting through the Director of the office",annual,"June 30, 2006, and each June 30 thereafter",provision,https://uscode.house.gov/view.xhtml?req=granuleid:USC-prelim-title22-section2214&num=0&edition=prelim,/us/usc/t22/s2214
22 U.S.C. 2220e,the President,annual,not later than September 1 of each year,provision,https://uscode.house.gov/view.xhtml?req=granuleid:USC-prelim-title22-section2220e&num=0&edition=prelim,/us/usc/t22/s2220e
22 U.S.C. 2261(a)(2),The President,event-driven,each time he exercises the authority contained in this subsection,provision,https://uscode.house.gov/view.xhtml?req=granuleid:USC-prelim-title22-section2261&num=0&edition=prelim,/us/usc/t22/s2261/a/2
22 U.S.C. 2277(f),Secretary of State,annual,Not later than 1 year after the submission of the strategy and annually thereafter for 4 years,provision,https://uscode.house.gov/view.xhtml?req=granuleid:USC-prelim-title22-section2277&num=0&edition=prelim,/us/usc/t22/s2277/f
22 U.S.C. 2277a(b),the President,annual,"Not later than 180 days after December 27, 2020",provision,https://uscode.house.gov/view.xhtml?req=granuleid:USC-prelim-title22-section2277a&num=0&edition=prelim,/us/usc/t22/s2277a/b
22 U.S.C. 2291j-1(1),the President,annual,Not later than September 15 of the previous fiscal year,provision,https://uscode.house.gov/view.xhtml?req=granuleid:USC-prelim-title22-section2291j-1&num=0&edition=prelim,/us/usc/t22/s2291j–1/1
22 U.S.C. 2291o(f),"the Secretary, in coordination with the Attorney General and the Secretary of Defense",annual,Not later than one year after the submission of the implementation plan pursuant to subsection (d),provision,https://uscode.house.gov/view.xhtml?req=granuleid:USC-prelim-title22-section2291o&num=0&edition=prelim,/us/usc/t22/s2291o/f
22 U.S.C. 2292a,the President,annual,Not later than March 1 of each fiscal year,provision,https://uscode.house.gov/view.xhtml?req=granuleid:USC-prelim-title22-section2292a&num=0&edition=prelim,/us/usc/t22/s2292a
22 U.S.C. 2292a-1,The President,quarterly,,provision,https://uscode.house.gov/view.xhtml?req=granuleid:USC-prelim-title22-section2292a-1&num=0&edition=prelim,/us/usc/t22/s2292a–1
22 U.S.C. 2293 note,Administrator of the Agency for International Development,annual,as part of the annual Congressional Presentation materials,note,https://uscode.house.gov/view.xhtml?req=granuleid:USC-prelim-title22-section2293&num=0&edition=prelim,/us/usc/t22/s2293/note/2
22 U.S.C. 2305,Secretary of State,annual,"Not later than 180 days after October 6, 2000, and annually thereafter at the time of submission of the congressional presentation materials of the foreign operations appropriations budget request",provision,https://uscode.house.gov/view.xhtml?req=granuleid:USC-prelim-title22-section2305&num=0&edition=prelim,/us/usc/t22/s2305
22 U.S.C. 2311 note,not specified,annual,March 1,note,https://uscode.house.gov/view.xhtml?req=granuleid:USC-prelim-title22-section2311&num=0&edition=prelim,/us/usc/t22/s2311/note/0
22 U.S.C. 2344 note,the President,annual,,note,https://uscode.house.gov/view.xhtml?req=granuleid:USC-prelim-title22-section2344&num=0&edition=prelim,/us/usc/t22/s2344/note/3
22 U.S.C. 2347c,the President,annual,,provision,https://uscode.house.gov/view.xhtml?req=granuleid:USC-prelim-title22-section2347c&num=0&edition=prelim,/us/usc/t22/s2347c
22 U.S.C. 2347h,Secretary of State,annual,March 1 of each year,provision,https://uscode.house.gov/view.xhtml?req=granuleid:USC-prelim-title22-section2347h&num=0&edition=prelim,/us/usc/t22/s2347h
22 U.S.C. 2348 note,Secretary of State,annual,"Not later than 90 days after the enactment of this Act, and annually thereafter for 5 years",note,https://uscode.house.gov/view.xhtml?req=granuleid:USC-prelim-title22-section2348&num=0&edition=prelim,/us/usc/t22/s2348/note/0
22 U.S.C. 2348 note,the President,semiannual,no less frequently than once every six months,note,https://uscode.house.gov/view.xhtml?req=granuleid:USC-prelim-title22-section2348&num=0&edition=prelim,/us/usc/t22/s2348/note/1
22 U.S.C. 2349bb note,the Secretary,annual,"Not later than March 31, 2003",note,https://uscode.house.gov/view.xhtml?req=granuleid:USC-prelim-title22-section2349bb&num=0&edition=prelim,/us/usc/t22/s2349bb/note/0
22 U.S.C. 2352 note,Administrator of the Agency for International Development,semiannual,,note,https://uscode.house.gov/view.xhtml?req=granuleid:USC-prelim-title22-section2352&num=0&edition=prelim,/us/usc/t22/s2352/note/2
22 U.S.C. 2370a(f),Secretary of State,annual,"Not later than 90 days after April 30, 1994, and at the beginning of each fiscal year thereafter",provision,https://uscode.house.gov/view.xhtml?req=granuleid:USC-prelim-title22-section2370a&num=0&edition=prelim,/us/usc/t22/s2370a/f
22 U.S.C. 2370a(g),the President,annual,,provision,https://uscode.house.gov/view.xhtml?req=granuleid:USC-prelim-title22-section2370a&num=0&edition=prelim,/us/usc/t22/s2370a/g
22 U.S.C. 2370c-2,the President,annual,not later than June 15 of the following year,provision,https://uscode.house.gov/view.xhtml?req=granuleid:USC-prelim-title22-section2370c-2&num=0&edition=prelim,/us/usc/t22/s2370c–2
22 U.S.C. 2370c-2(d),Secretary of State,annual,annual,provision,https://uscode.house.gov/view.xhtml?req=granuleid:USC-prelim-title22-section2370c-2&num=0&edition=prelim,/us/usc/t22/s2370c–2/d
22 U.S.C. 2378b(c),the President,biennial,"not later than 90 days after the date on which the President transmits to Congress an initial certification under subsection (b), and every six months thereafter",provision,https://uscode.house.gov/view.xhtml?req=granuleid:USC-prelim-title22-section2378b&num=0&edition=prelim,/us/usc/t22/s2378b/c
22 U.S.C. 2378b(c)(2),the President,event-driven,"Not later than 90 days after the date on which the President transmits to Congress an initial certification under subsection (b), and every six months thereafter if unable to recertify",provision,https://uscode.house.gov/view.xhtml?req=granuleid:USC-prelim-title22-section2378b&num=0&edition=prelim,/us/usc/t22/s2378b/c/2
22 U.S.C. 2378d,Secretary of State,event-driven,,provision,https://uscode.house.gov/view.xhtml?req=granuleid:USC-prelim-title22-section2378d&num=0&edition=prelim,/us/usc/t22/s2378d
22 U.S.C. 2378d(c),the Secretary of State,periodic,,provision,https://uscode.house.gov/view.xhtml?req=granuleid:USC-prelim-title22-section2378d&num=0&edition=prelim,/us/usc/t22/s2378d/c
22 U.S.C. 2381 note,Agency for International Development,annual,for each fiscal year,note,https://uscode.house.gov/view.xhtml?req=granuleid:USC-prelim-title22-section2381&num=0&edition=prelim,/us/usc/t22/s2381/note/1
22 U.S.C. 2395a note,Secretary of State,annual,not later than February 1 of each year,note,https://uscode.house.gov/view.xhtml?req=granuleid:USC-prelim-title22-section2395a&num=0&edition=prelim,/us/usc/t22/s2395a/note/1
22 U.S.C. 2396a,The Administrator of the Agency for International Development,annual,,provision,https://uscode.house.gov/view.xhtml?req=granuleid:USC-prelim-title22-section2396a&num=0&edition=prelim,/us/usc/t22/s2396a
22 U.S.C. 2414a,Secretary of State,annual,Not later than March 31 of each year,provision,https://uscode.house.gov/view.xhtml?req=granuleid:USC-prelim-title22-section2414a&num=0&edition=prelim,/us/usc/t22/s2414a
22 U.S.C. 2414a(b),Permanent Representative of the United States to the United Nations,annual,during the preceding calendar year,provision,https://uscode.house.gov/view.xhtml?req=granuleid:USC-prelim-title22-section2414a&num=0&edition=prelim,/us/usc/t22/s2414a/b
22 U.S.C. 2421(d),the President,annual,not later than December 31 of each year,provision,https://uscode.house.gov/view.xhtml?req=granuleid:USC-prelim-title22-section2421&num=0&edition=prelim,/us/usc/t22/s2421/d
22 U.S.C. 2421(e),Trade and Development Agency,annual,not later than 6½ months after the end of the last fiscal year covered by the audit,provision,https://uscode.house.gov/view.xhtml?req=granuleid:USC-prelim-title22-section2421&num=0&edition=prelim,/us/usc/t22/s2421/e
22 U.S.C. 2421f(d),"Secretary of Defense, Secretary of State, or Administrator of the United States Agency for International Development",semiannual,Not later than 30 days after the end of any fiscal-year half-year in which an assessment is conducted,provision,https://uscode.house.gov/view.xhtml?req=granuleid:USC-prelim-title22-section2421f&num=0&edition=prelim,/us/usc/t22/s2421f/d
22 U.S.C. 2429a-1,the President,annual,"for each fiscal year thereafter, as part of the presentation materials for foreign assistance programs proposed for that fiscal year",provision,https://uscode.house.gov/view.xhtml?req=granuleid:USC-prelim-title22-section2429a-1&num=0&edition=prelim,/us/usc/t22/s2429a–1
22 U.S.C. 2430i,administering bodies,annual,,provision,https://uscode.house.gov/view.xhtml?req=granuleid:USC-prelim-title22-section2430i&num=0&edition=prelim,/us/usc/t22/s2430i
22 U.S.C. 2457,The Board,annual,,provision,https://uscode.house.gov/view.xhtml?req=granuleid:USC-prelim-title22-section2457&num=0&edition=prelim,/us/usc/t22/s2457
22 U.S.C. 2465(h),Secretary of State,annual,"Not later than 1 year after the date of the completion of the Fellowship Program by the initial cohort of fellows selected under subsection (d), and annually thereafter",provision,https://uscode.house.gov/view.xhtml?req=granuleid:USC-prelim-title22-section2465&num=0&edition=prelim,/us/usc/t22/s2465/h
22 U.S.C. 2504a,Director of the Peace Corps,annual,annual,provision,https://uscode.house.gov/view.xhtml?req=granuleid:USC-prelim-title22-section2504a&num=0&edition=prelim,/us/usc/t22/s2504a
22 U.S.C. 2507d(d),Sexual Assault Advisory Council,annual,"annually for 5 years after November 21, 2011, and at the discretion of the Council thereafter",provision,https://uscode.house.gov/view.xhtml?req=granuleid:USC-prelim-title22-section2507d&num=0&edition=prelim,/us/usc/t22/s2507d/d
22 U.S.C. 2515,Director of the Peace Corps,annual,Each year,provision,https://uscode.house.gov/view.xhtml?req=granuleid:USC-prelim-title22-section2515&num=0&edition=prelim,/us/usc/t22/s2515
22 U.S.C. 254a note,Secretary of State; Secretary of State and Director of the FBI,quarterly,"Not later than 90 days after the date of the enactment of this Act, and quarterly thereafter",note,https://uscode.house.gov/view.xhtml?req=granuleid:USC-prelim-title22-section254a&num=0&edition=prelim,/us/usc/t22/s254a/note/0
22 U.S.C. 254c-1,"the Secretary of State, the Director of the Federal Bureau of Investigation, and the Director of National Intelligence",annual,"not later than 90 days after December 18, 2025",provision,https://uscode.house.gov/view.xhtml?req=granuleid:USC-prelim-title22-section254c-1&num=0&edition=prelim,/us/usc/t22/s254c–1
22 U.S.C. 2577a,the Agency,annual,,provision,https://uscode.house.gov/view.xhtml?req=granuleid:USC-prelim-title22-section2577a&num=0&edition=prelim,/us/usc/t22/s2577a
22 U.S.C. 2595d,Secretary of State,annual,"Not later than 90 days after December 27, 2021, and not later than September 1 of each subsequent year",provision,https://uscode.house.gov/view.xhtml?req=granuleid:USC-prelim-title22-section2595d&num=0&edition=prelim,/us/usc/t22/s2595d
22 U.S.C. 2601(d),the President,other,,provision,https://uscode.house.gov/view.xhtml?req=granuleid:USC-prelim-title22-section2601&num=0&edition=prelim,/us/usc/t22/s2601/d
22 U.S.C. 262m-8,Secretary of the Treasury,annual,"Not later than 1 year after June 24, 2009, and annually thereafter",provision,https://uscode.house.gov/view.xhtml?req=granuleid:USC-prelim-title22-section262m-8&num=0&edition=prelim,/us/usc/t22/s262m–8
22 U.S.C. 262p-15(c),the President of the United States,event-driven,upon certifying the waiver,provision,https://uscode.house.gov/view.xhtml?req=granuleid:USC-prelim-title22-section262p-15&num=0&edition=prelim,/us/usc/t22/s262p–15/c
22 U.S.C. 262p-17(b),"the Secretary of the Treasury, in coordination with the Secretary of State",annual,"Not later than 120 days after December 23, 2022",provision,https://uscode.house.gov/view.xhtml?req=granuleid:USC-prelim-title22-section262p-17&num=0&edition=prelim,/us/usc/t22/s262p–17/b
22 U.S.C. 262p-4p,Secretary of the Treasury,annual,by the end of each fiscal year,provision,https://uscode.house.gov/view.xhtml?req=granuleid:USC-prelim-title22-section262p-4p&num=0&edition=prelim,/us/usc/t22/s262p–4p
22 U.S.C. 262r-6,the Secretary,annual,"Beginning 180 days after the date of enactment of this Act, or October 31, 2000, whichever is later, and on October 31 of each year thereafter; and not later than 90 days after the date of enactment of this Act",provision,https://uscode.house.gov/view.xhtml?req=granuleid:USC-prelim-title22-section262r-6&num=0&edition=prelim,/us/usc/t22/s262r–6
22 U.S.C. 263b(c)(1),the Attorney General and the Secretary of State,biennial,"Not later than 180 days after December 27, 2021",provision,https://uscode.house.gov/view.xhtml?req=granuleid:USC-prelim-title22-section263b&num=0&edition=prelim,/us/usc/t22/s263b/c/1
22 U.S.C. 2656g,Secretary of the Treasury,annual,"90 days after October 28, 1991",provision,https://uscode.house.gov/view.xhtml?req=granuleid:USC-prelim-title22-section2656g&num=0&edition=prelim,/us/usc/t22/s2656g
22 U.S.C. 2656h(b),Secretary of State,annual,Beginning 180 days after the submission of the report in subsection (a),provision,https://uscode.house.gov/view.xhtml?req=granuleid:USC-prelim-title22-section2656h&num=0&edition=prelim,/us/usc/t22/s2656h/b
22 U.S.C. 2656j(g),Secretary of State,annual,"Not later than 90 days after January 1, 2021, and not less often than annually thereafter",provision,https://uscode.house.gov/view.xhtml?req=granuleid:USC-prelim-title22-section2656j&num=0&edition=prelim,/us/usc/t22/s2656j/g
22 U.S.C. 2658a(c)(1),the Secretary,other,"not later than 180 days after December 27, 2021, and every 180 days thereafter for 8 years",provision,https://uscode.house.gov/view.xhtml?req=granuleid:USC-prelim-title22-section2658a&num=0&edition=prelim,/us/usc/t22/s2658a/c/1
22 U.S.C. 2665 note,Secretary of State,annual,"Not later than 15 days after the use of authority under this section; Not later than December 1, 2024, and annually thereafter for two years",note,https://uscode.house.gov/view.xhtml?req=granuleid:USC-prelim-title22-section2665&num=0&edition=prelim,/us/usc/t22/s2665/note/0
22 U.S.C. 2671(c),Inspector General of the Department of State,annual,annual,provision,https://uscode.house.gov/view.xhtml?req=granuleid:USC-prelim-title22-section2671&num=0&edition=prelim,/us/usc/t22/s2671/c
22 U.S.C. 2679e,the Secretary,annual,"Not later than 30 days after the initial development of the list under this subsection, any update thereto, and annually thereafter for 5 years after such initial 30 day period",provision,https://uscode.house.gov/view.xhtml?req=granuleid:USC-prelim-title22-section2679e&num=0&edition=prelim,/us/usc/t22/s2679e
22 U.S.C. 2680 note,departments and agencies,other,for each of the three years following the year for which new budget or other authority was being requested,note,https://uscode.house.gov/view.xhtml?req=granuleid:USC-prelim-title22-section2680&num=0&edition=prelim,/us/usc/t22/s2680/note/2
22 U.S.C. 2680 note,Secretary of State,quarterly,within 30 days after the end of each quarter of the fiscal year,note,https://uscode.house.gov/view.xhtml?req=granuleid:USC-prelim-title22-section2680&num=0&edition=prelim,/us/usc/t22/s2680/note/3
22 U.S.C. 2680-4,The Secretary,quarterly,,provision,https://uscode.house.gov/view.xhtml?req=granuleid:USC-prelim-title22-section2680-4&num=0&edition=prelim,/us/usc/t22/s2680–4
22 U.S.C. 2684b(b)(2),the Chief Information Officer of the Department of State,annual,"No later than one year after December 22, 2023",provision,https://uscode.house.gov/view.xhtml?req=granuleid:USC-prelim-title22-section2684b&num=0&edition=prelim,/us/usc/t22/s2684b/b/2
22 U.S.C. 2684b(c),the Chief Information Officer,event-driven,Not later than 60 days after completing each survey required under paragraph (2),provision,https://uscode.house.gov/view.xhtml?req=granuleid:USC-prelim-title22-section2684b&num=0&edition=prelim,/us/usc/t22/s2684b/c
22 U.S.C. 2694,the Secretary of State,annual,annually,provision,https://uscode.house.gov/view.xhtml?req=granuleid:USC-prelim-title22-section2694&num=0&edition=prelim,/us/usc/t22/s2694
22 U.S.C. 2723,the Secretary,semiannual,on a timely basis; semiannual basis,provision,https://uscode.house.gov/view.xhtml?req=granuleid:USC-prelim-title22-section2723&num=0&edition=prelim,/us/usc/t22/s2723
22 U.S.C. 2734e,Secretary of State,annual,"not later than 90 days after December 27, 2021, and annually thereafter",provision,https://uscode.house.gov/view.xhtml?req=granuleid:USC-prelim-title22-section2734e&num=0&edition=prelim,/us/usc/t22/s2734e
22 U.S.C. 2735a(g),the Special Envoy,annual,"Not later than 180 days after December 22, 2023, and annually thereafter",provision,https://uscode.house.gov/view.xhtml?req=granuleid:USC-prelim-title22-section2735a&num=0&edition=prelim,/us/usc/t22/s2735a/g
22 U.S.C. 2736a note,the Secretary,annual,"not later than one year after the date of the enactment of this division, and every year for three years thereafter",note,https://uscode.house.gov/view.xhtml?req=granuleid:USC-prelim-title22-section2736a&num=0&edition=prelim,/us/usc/t22/s2736a/note/0
22 U.S.C. 2738,the Secretary,annual,"Not later than one year after December 22, 2023, and annually thereafter for three years",provision,https://uscode.house.gov/view.xhtml?req=granuleid:USC-prelim-title22-section2738&num=0&edition=prelim,/us/usc/t22/s2738
22 U.S.C. 2751 note,the Secretary of Defense,biennial,Not later than May 1 each odd-numbered year,note,https://uscode.house.gov/view.xhtml?req=granuleid:USC-prelim-title22-section2751&num=0&edition=prelim,/us/usc/t22/s2751/note/9
22 U.S.C. 276c-4,Secretary of State,annual,"Not later than 180 days after December 16, 2016",provision,https://uscode.house.gov/view.xhtml?req=granuleid:USC-prelim-title22-section276c-4&num=0&edition=prelim,/us/usc/t22/s276c–4
22 U.S.C. 2770a,the President,annual,Not later than February 1 of each year,provision,https://uscode.house.gov/view.xhtml?req=granuleid:USC-prelim-title22-section2770a&num=0&edition=prelim,/us/usc/t22/s2770a
22 U.S.C. 278a,Gorgas Memorial Institute,annual,April 1 of each year,provision,https://uscode.house.gov/view.xhtml?req=granuleid:USC-prelim-title22-section278a&num=0&edition=prelim,/us/usc/t22/s278a
22 U.S.C. 2799c,the President,annual,Not less than 15 days before transferring defense articles; Not later than February 1 each year,provision,https://uscode.house.gov/view.xhtml?req=granuleid:USC-prelim-title22-section2799c&num=0&edition=prelim,/us/usc/t22/s2799c
22 U.S.C. 282k,Securities and Exchange Commission,annual,,provision,https://uscode.house.gov/view.xhtml?req=granuleid:USC-prelim-title22-section282k&num=0&edition=prelim,/us/usc/t22/s282k
22 U.S.C. 283h,Securities and Exchange Commission,annual,,provision,https://uscode.house.gov/view.xhtml?req=granuleid:USC-prelim-title22-section283h&num=0&edition=prelim,/us/usc/t22/s283h
22 U.S.C. 284ff note,Securities and Exchange Commission,annual,,note,https://uscode.house.gov/view.xhtml?req=granuleid:USC-prelim-title22-section284ff&num=0&edition=prelim,/us/usc/t22/s284ff/note/0
22 U.S.C. 285h,Securities and Exchange Commission,annual,,provision,https://uscode.house.gov/view.xhtml?req=granuleid:USC-prelim-title22-section285h&num=0&edition=prelim,/us/usc/t22/s285h
22 U.S.C. 286k-2,Securities and Exchange Commission,annual,,provision,https://uscode.house.gov/view.xhtml?req=granuleid:USC-prelim-title22-section286k-2&num=0&edition=prelim,/us/usc/t22/s286k–2
22 U.S.C. 286tt,Secretary of the Treasury,annual,"Within 30 days after the Board of Executive Directors of the Fund approves a proposal described in subsection (a), and annually thereafter by June 30",provision,https://uscode.house.gov/view.xhtml?req=granuleid:USC-prelim-title22-section286tt&num=0&edition=prelim,/us/usc/t22/s286tt
22 U.S.C. 287q,The National Commission and Secretary of State,annual,,provision,https://uscode.house.gov/view.xhtml?req=granuleid:USC-prelim-title22-section287q&num=0&edition=prelim,/us/usc/t22/s287q
22 U.S.C. 287r note,the Secretary of State,annual,February 1,note,https://uscode.house.gov/view.xhtml?req=granuleid:USC-prelim-title22-section287r&num=0&edition=prelim,/us/usc/t22/s287r/note/1
22 U.S.C. 290i-9,The Securities and Exchange Commission,annual,,provision,https://uscode.house.gov/view.xhtml?req=granuleid:USC-prelim-title22-section290i-9&num=0&edition=prelim,/us/usc/t22/s290i–9
22 U.S.C. 290l-7,Securities and Exchange Commission,annual,,provision,https://uscode.house.gov/view.xhtml?req=granuleid:USC-prelim-title22-section290l-7&num=0&edition=prelim,/us/usc/t22/s290l–7
22 U.S.C. 290m(h),Securities and Exchange Commission,annual,,provision,https://uscode.house.gov/view.xhtml?req=granuleid:USC-prelim-title22-section290m&num=0&edition=prelim,/us/usc/t22/s290m/h
22 U.S.C. 290m-2(d),the President,annual,annual,provision,https://uscode.house.gov/view.xhtml?req=granuleid:USC-prelim-title22-section290m-2&num=0&edition=prelim,/us/usc/t22/s290m–2/d
22 U.S.C. 290q,Secretary of State,quarterly,"Not later than 180 days after October 2, 2013",provision,https://uscode.house.gov/view.xhtml?req=granuleid:USC-prelim-title22-section290q&num=0&edition=prelim,/us/usc/t22/s290q
22 U.S.C. 3006,The Commission,annual,For each fiscal year for which an appropriation is made,provision,https://uscode.house.gov/view.xhtml?req=granuleid:USC-prelim-title22-section3006&num=0&edition=prelim,/us/usc/t22/s3006
22 U.S.C. 301,Secretary of State,other,,provision,https://uscode.house.gov/view.xhtml?req=granuleid:USC-prelim-title22-section301&num=0&edition=prelim,/us/usc/t22/s301
22 U.S.C. 304(a),the Secretary,other,"Not later than 180 days after December 27, 2021, and every 180 days thereafter until the date that is 4 years after such date",provision,https://uscode.house.gov/view.xhtml?req=granuleid:USC-prelim-title22-section304&num=0&edition=prelim,/us/usc/t22/s304/a
22 U.S.C. 304(b),Department of State,biennial,"not later than 45 days after the date of the enactment of an Act making appropriations for the Department of State, foreign operations, and related programs",provision,https://uscode.house.gov/view.xhtml?req=granuleid:USC-prelim-title22-section304&num=0&edition=prelim,/us/usc/t22/s304/b
22 U.S.C. 304(b)(1),Department of State,semiannual,,provision,https://uscode.house.gov/view.xhtml?req=granuleid:USC-prelim-title22-section304&num=0&edition=prelim,/us/usc/t22/s304/b/1
22 U.S.C. 3103(c),the President,annual,not later than the first day of July of each year,provision,https://uscode.house.gov/view.xhtml?req=granuleid:USC-prelim-title22-section3103&num=0&edition=prelim,/us/usc/t22/s3103/c
22 U.S.C. 3142(a),Secretary of Commerce,annual,"not later than 6 months after November 7, 1990, and not later than the end of each 1-year period thereafter",provision,https://uscode.house.gov/view.xhtml?req=granuleid:USC-prelim-title22-section3142&num=0&edition=prelim,/us/usc/t22/s3142/a
22 U.S.C. 3244,the President,annual,annually,provision,https://uscode.house.gov/view.xhtml?req=granuleid:USC-prelim-title22-section3244&num=0&edition=prelim,/us/usc/t22/s3244
22 U.S.C. 3261,The President,annual,,provision,https://uscode.house.gov/view.xhtml?req=granuleid:USC-prelim-title22-section3261&num=0&edition=prelim,/us/usc/t22/s3261
22 U.S.C. 3281(a)(1),the President,annual,January of 1979 and annually in January of each year thereafter,provision,https://uscode.house.gov/view.xhtml?req=granuleid:USC-prelim-title22-section3281&num=0&edition=prelim,/us/usc/t22/s3281/a/1
22 U.S.C. 3281(b),the President,annual,In the first report required by this section,provision,https://uscode.house.gov/view.xhtml?req=granuleid:USC-prelim-title22-section3281&num=0&edition=prelim,/us/usc/t22/s3281/b
22 U.S.C. 3281 note,President,annual,,note,https://uscode.house.gov/view.xhtml?req=granuleid:USC-prelim-title22-section3281&num=0&edition=prelim,/us/usc/t22/s3281/note/0
22 U.S.C. 3281 note,President,annual,,note,https://uscode.house.gov/view.xhtml?req=granuleid:USC-prelim-title22-section3281&num=0&edition=prelim,/us/usc/t22/s3281/note/1
22 U.S.C. 3351(e),"the Secretary of State, in coordination with the Secretary of Defense",annual,"Not later than March 1, 2023, and annually thereafter; and not later than 1 year after December 22, 2023, and not less than annually",provision,https://uscode.house.gov/view.xhtml?req=granuleid:USC-prelim-title22-section3351&num=0&edition=prelim,/us/usc/t22/s3351/e
22 U.S.C. 3356,Secretary of State,annual,"Not later than 1 year after December 23, 2022, and annually thereafter",provision,https://uscode.house.gov/view.xhtml?req=granuleid:USC-prelim-title22-section3356&num=0&edition=prelim,/us/usc/t22/s3356
22 U.S.C. 3363(b),China Censorship Monitor and Action Group (Task Force),annual,"not later than 120 days after December 23, 2022 (for strategy); not later than 90 days after December 23, 2022 (for briefings)",provision,https://uscode.house.gov/view.xhtml?req=granuleid:USC-prelim-title22-section3363&num=0&edition=prelim,/us/usc/t22/s3363/b
22 U.S.C. 3363(b)(6),The Task Force,annual,annually,provision,https://uscode.house.gov/view.xhtml?req=granuleid:USC-prelim-title22-section3363&num=0&edition=prelim,/us/usc/t22/s3363/b/6
22 U.S.C. 3363 note,China Censorship Monitor and Action Group (Task Force),annual,"Within 120 days of the date of this memorandum, and within 180 days of the date of this memorandum, and within 1 year of submitting the first annual report and every year thereafter",note,https://uscode.house.gov/view.xhtml?req=granuleid:USC-prelim-title22-section3363&num=0&edition=prelim,/us/usc/t22/s3363/note/0
22 U.S.C. 3373,"Secretary of State, in coordination with the Secretary of Commerce",annual,"Not later than 90 days after December 23, 2022, and not later than April 1 of each year thereafter for the following 6 years",provision,https://uscode.house.gov/view.xhtml?req=granuleid:USC-prelim-title22-section3373&num=0&edition=prelim,/us/usc/t22/s3373
22 U.S.C. 3373(c),Secretary of State and the Secretary of Commerce,annual,"Not later than 90 days after December 23, 2022, and not later than April 1 of each year thereafter for the following 6 years",provision,https://uscode.house.gov/view.xhtml?req=granuleid:USC-prelim-title22-section3373&num=0&edition=prelim,/us/usc/t22/s3373/c
22 U.S.C. 3373(c)(1),"the Secretary of State, in coordination with the Secretary of Commerce",annual,"Not later than 90 days after December 23, 2022, and not later than April 1 of each year thereafter for the following 6 years",provision,https://uscode.house.gov/view.xhtml?req=granuleid:USC-prelim-title22-section3373&num=0&edition=prelim,/us/usc/t22/s3373/c/1
22 U.S.C. 3385,Department of State,annual,"Not later than 90 days after the selection of the first class of fellows under this subchapter, and annually thereafter for 7 years",provision,https://uscode.house.gov/view.xhtml?req=granuleid:USC-prelim-title22-section3385&num=0&edition=prelim,/us/usc/t22/s3385
22 U.S.C. 3425,the President,annual,"Not later than April 30, 1982 (initial); Not later than January 15 of each year (annual)",provision,https://uscode.house.gov/view.xhtml?req=granuleid:USC-prelim-title22-section3425&num=0&edition=prelim,/us/usc/t22/s3425
22 U.S.C. 3871 note,Panama Canal Commission,annual,,note,https://uscode.house.gov/view.xhtml?req=granuleid:USC-prelim-title22-section3871&num=0&edition=prelim,/us/usc/t22/s3871/note/0
22 U.S.C. 3921 note,Director General of the Foreign Service,annual,annually,note,https://uscode.house.gov/view.xhtml?req=granuleid:USC-prelim-title22-section3921&num=0&edition=prelim,/us/usc/t22/s3921/note/1
22 U.S.C. 3922a note,the Secretary of State,annual,annually,note,https://uscode.house.gov/view.xhtml?req=granuleid:USC-prelim-title22-section3922a&num=0&edition=prelim,/us/usc/t22/s3922a/note/2
22 U.S.C. 3927b,the Secretary,quarterly,not later than 30 days following the end of each calendar quarter,provision,https://uscode.house.gov/view.xhtml?req=granuleid:USC-prelim-title22-section3927b&num=0&edition=prelim,/us/usc/t22/s3927b
22 U.S.C. 3929b,Office of the Inspector General of the Department of State and the United States Agency for Global Media,quarterly,"Not later than 180 days after December 27, 2021",provision,https://uscode.house.gov/view.xhtml?req=granuleid:USC-prelim-title22-section3929b&num=0&edition=prelim,/us/usc/t22/s3929b
22 U.S.C. 3982 note,the Secretary,annual,not later than 90 days after the date of enactment of this division,note,https://uscode.house.gov/view.xhtml?req=granuleid:USC-prelim-title22-section3982&num=0&edition=prelim,/us/usc/t22/s3982/note/1
22 U.S.C. 4062,the Secretary of State,event-driven,Requests for appropriations to the Fund,provision,https://uscode.house.gov/view.xhtml?req=granuleid:USC-prelim-title22-section4062&num=0&edition=prelim,/us/usc/t22/s4062
22 U.S.C. 4141b,Secretary of State,annual,together with the annual submission required under section 3905(d)(2) of this title,provision,https://uscode.house.gov/view.xhtml?req=granuleid:USC-prelim-title22-section4141b&num=0&edition=prelim,/us/usc/t22/s4141b
22 U.S.C. 4219,"officers and persons connected with embassies, legations, and consulates",annual,,provision,https://uscode.house.gov/view.xhtml?req=granuleid:USC-prelim-title22-section4219&num=0&edition=prelim,/us/usc/t22/s4219
22 U.S.C. 4354(d),Advisory Committee,annual,,provision,https://uscode.house.gov/view.xhtml?req=granuleid:USC-prelim-title22-section4354&num=0&edition=prelim,/us/usc/t22/s4354/d
22 U.S.C. 4354(e),Secretary of State,annual,Not later than March 1 of each year,provision,https://uscode.house.gov/view.xhtml?req=granuleid:USC-prelim-title22-section4354&num=0&edition=prelim,/us/usc/t22/s4354/e
22 U.S.C. 4604(c),The Institute,event-driven,,provision,https://uscode.house.gov/view.xhtml?req=granuleid:USC-prelim-title22-section4604&num=0&edition=prelim,/us/usc/t22/s4604/c
22 U.S.C. 4607(h),The Institute,annual,no later than six months following the close of the fiscal year for which the audit is made,provision,https://uscode.house.gov/view.xhtml?req=granuleid:USC-prelim-title22-section4607&num=0&edition=prelim,/us/usc/t22/s4607/h
22 U.S.C. 4611,Chairman of the Board,biennial,"Beginning two years after October 19, 1984, and at intervals of two years thereafter",provision,https://uscode.house.gov/view.xhtml?req=granuleid:USC-prelim-title22-section4611&num=0&edition=prelim,/us/usc/t22/s4611
22 U.S.C. 4804,the Secretary,monthly,monthly; 30 days before opening/reopening; 48 hours before opening/reopening in emergency,provision,https://uscode.house.gov/view.xhtml?req=granuleid:USC-prelim-title22-section4804&num=0&edition=prelim,/us/usc/t22/s4804
22 U.S.C. 4861 note,Inspector General of the Department of State,annual,"not later than February 1 of 2003, 2004, and 2005",note,https://uscode.house.gov/view.xhtml?req=granuleid:USC-prelim-title22-section4861&num=0&edition=prelim,/us/usc/t22/s4861/note/0
22 U.S.C. 5304,Secretary of the Treasury,event-driven,upon determination that negotiations would have a serious detrimental impact,provision,https://uscode.house.gov/view.xhtml?req=granuleid:USC-prelim-title22-section5304&num=0&edition=prelim,/us/usc/t22/s5304
22 U.S.C. 5305,the Secretary,annual,on or before October 15 of each year,provision,https://uscode.house.gov/view.xhtml?req=granuleid:USC-prelim-title22-section5305&num=0&edition=prelim,/us/usc/t22/s5305
22 U.S.C. 5725(a),Secretary of State,annual,on at least an annual basis,provision,https://uscode.house.gov/view.xhtml?req=granuleid:USC-prelim-title22-section5725&num=0&edition=prelim,/us/usc/t22/s5725/a
22 U.S.C. 5811 note,The President,annual,"no later than January 1, 1993, and an update... no later than July 1, 1993",note,https://uscode.house.gov/view.xhtml?req=granuleid:USC-prelim-title22-section5811&num=0&edition=prelim,/us/usc/t22/s5811/note/2
22 U.S.C. 5841(i),The Board,annual,not later than January 31 each year,provision,https://uscode.house.gov/view.xhtml?req=granuleid:USC-prelim-title22-section5841&num=0&edition=prelim,/us/usc/t22/s5841/i
22 U.S.C. 5922,the President,quarterly,not later than 30 days after the end of the last fiscal year quarter of fiscal year 1992 and not later than 30 days after the end of each fiscal year quarter of fiscal year 1993,provision,https://uscode.house.gov/view.xhtml?req=granuleid:USC-prelim-title22-section5922&num=0&edition=prelim,/us/usc/t22/s5922
22 U.S.C. 5951 note,the President,annual,"Not later than January 31, 2003, and each year thereafter",note,https://uscode.house.gov/view.xhtml?req=granuleid:USC-prelim-title22-section5951&num=0&edition=prelim,/us/usc/t22/s5951/note/8
22 U.S.C. 6063,the President,annual,not later than 90 days after making the determination (preliminary form not later than 15 days); not later than 60 days after the end of each fiscal year; at least 15 days in advance for reprogramming,provision,https://uscode.house.gov/view.xhtml?req=granuleid:USC-prelim-title22-section6063&num=0&edition=prelim,/us/usc/t22/s6063
22 U.S.C. 6216,United States Agency for Global Media,annual,,provision,https://uscode.house.gov/view.xhtml?req=granuleid:USC-prelim-title22-section6216&num=0&edition=prelim,/us/usc/t22/s6216
22 U.S.C. 6217(d),Chief Executive Officer of the USAGM,annual,,provision,https://uscode.house.gov/view.xhtml?req=granuleid:USC-prelim-title22-section6217&num=0&edition=prelim,/us/usc/t22/s6217/d
22 U.S.C. 6411(d),the Secretary of State,annual,on the date on which the President’s annual budget request is submitted to Congress,provision,https://uscode.house.gov/view.xhtml?req=granuleid:USC-prelim-title22-section6411&num=0&edition=prelim,/us/usc/t22/s6411/d
22 U.S.C. 6432a,each Member of the Commission,annual,Not later than March 1 of each year,provision,https://uscode.house.gov/view.xhtml?req=granuleid:USC-prelim-title22-section6432a&num=0&edition=prelim,/us/usc/t22/s6432a
22 U.S.C. 6433,the Commission,annual,May 1 of each year,provision,https://uscode.house.gov/view.xhtml?req=granuleid:USC-prelim-title22-section6433&num=0&edition=prelim,/us/usc/t22/s6433
22 U.S.C. 6433a(d),the Chair and Vice Chair of the Commission,biennial,"Not later than 180 days after December 20, 2019",provision,https://uscode.house.gov/view.xhtml?req=granuleid:USC-prelim-title22-section6433a&num=0&edition=prelim,/us/usc/t22/s6433a/d
22 U.S.C. 6435(c),the Commission,annual,,provision,https://uscode.house.gov/view.xhtml?req=granuleid:USC-prelim-title22-section6435&num=0&edition=prelim,/us/usc/t22/s6435/c
22 U.S.C. 6435a(e),the Commission,annual,each year no later than January 1,provision,https://uscode.house.gov/view.xhtml?req=granuleid:USC-prelim-title22-section6435a&num=0&edition=prelim,/us/usc/t22/s6435a/e
22 U.S.C. 6441(b),the President,event-driven,"if he determines and certifies that a single, additional period of time, not to exceed 90 days, is necessary",provision,https://uscode.house.gov/view.xhtml?req=granuleid:USC-prelim-title22-section6441&num=0&edition=prelim,/us/usc/t22/s6441/b
22 U.S.C. 6473a(b)(1)(A),Secretary of State,other,,provision,https://uscode.house.gov/view.xhtml?req=granuleid:USC-prelim-title22-section6473a&num=0&edition=prelim,/us/usc/t22/s6473a/b/1/A
22 U.S.C. 6831,Secretary of the Treasury; Comptroller General of the United States,annual,"Not later than 1 year after August 19, 2000, and annually thereafter (for Treasury); Not later than 2 years after August 19, 2000 (for GAO)",provision,https://uscode.house.gov/view.xhtml?req=granuleid:USC-prelim-title22-section6831&num=0&edition=prelim,/us/usc/t22/s6831
22 U.S.C. 6831(a)(2),Treasury Secretary,annual,,provision,https://uscode.house.gov/view.xhtml?req=granuleid:USC-prelim-title22-section6831&num=0&edition=prelim,/us/usc/t22/s6831/a/2
22 U.S.C. 6842(b),Secretary of the Treasury,event-driven,,provision,https://uscode.house.gov/view.xhtml?req=granuleid:USC-prelim-title22-section6842&num=0&edition=prelim,/us/usc/t22/s6842/b
22 U.S.C. 6901 note,the President,event-driven,upon such determination,note,https://uscode.house.gov/view.xhtml?req=granuleid:USC-prelim-title22-section6901&num=0&edition=prelim,/us/usc/t22/s6901/note/6
22 U.S.C. 6943(b),Department of Commerce and Department of State,annual,,provision,https://uscode.house.gov/view.xhtml?req=granuleid:USC-prelim-title22-section6943&num=0&edition=prelim,/us/usc/t22/s6943/b
22 U.S.C. 7103(d)(7)(A),the Attorney General,annual,"May 1, 2004",provision,https://uscode.house.gov/view.xhtml?req=granuleid:USC-prelim-title22-section7103&num=0&edition=prelim,/us/usc/t22/s7103/d/7/A
22 U.S.C. 7103b,the Council,annual,"Not later than 1 year after May 29, 2015, and each year thereafter until the date described in subsection (h)",provision,https://uscode.house.gov/view.xhtml?req=granuleid:USC-prelim-title22-section7103b&num=0&edition=prelim,/us/usc/t22/s7103b
22 U.S.C. 7105(a),Secretary of State and the Administrator of the United States Agency for International Development,annual,,provision,https://uscode.house.gov/view.xhtml?req=granuleid:USC-prelim-title22-section7105&num=0&edition=prelim,/us/usc/t22/s7105/a
22 U.S.C. 7105(g),Secretary of Homeland Security,annual,On or before October 31 of each year,provision,https://uscode.house.gov/view.xhtml?req=granuleid:USC-prelim-title22-section7105&num=0&edition=prelim,/us/usc/t22/s7105/g
22 U.S.C. 7107(b)(1),Secretary of State,annual,Not later than June 30 of each year,provision,https://uscode.house.gov/view.xhtml?req=granuleid:USC-prelim-title22-section7107&num=0&edition=prelim,/us/usc/t22/s7107/b/1
22 U.S.C. 7107(b)(2)(A),Secretary of State,annual,Not later than the date on which the determinations described in subsections (c) and (d) are submitted to the appropriate congressional committees,provision,https://uscode.house.gov/view.xhtml?req=granuleid:USC-prelim-title22-section7107&num=0&edition=prelim,/us/usc/t22/s7107/b/2/A
22 U.S.C. 7107(b)(2)(B),Secretary of State,annual,Not later than February 1st of each year,provision,https://uscode.house.gov/view.xhtml?req=granuleid:USC-prelim-title22-section7107&num=0&edition=prelim,/us/usc/t22/s7107/b/2/B
22 U.S.C. 7107(b)(3)(D),the Secretary of State,annual,,provision,https://uscode.house.gov/view.xhtml?req=granuleid:USC-prelim-title22-section7107&num=0&edition=prelim,/us/usc/t22/s7107/b/3/D
22 U.S.C. 7107(b)(3)(E),the Secretary of State,annual,,provision,https://uscode.house.gov/view.xhtml?req=granuleid:USC-prelim-title22-section7107&num=0&edition=prelim,/us/usc/t22/s7107/b/3/E
22 U.S.C. 7107(b)(3)(F),the Secretary of State,annual,,provision,https://uscode.house.gov/view.xhtml?req=granuleid:USC-prelim-title22-section7107&num=0&edition=prelim,/us/usc/t22/s7107/b/3/F
22 U.S.C. 7107(b)(4)(A)(i),Secretary of State,annual,Not later than 180 days after the release of the annual Trafficking in Persons Report,provision,https://uscode.house.gov/view.xhtml?req=granuleid:USC-prelim-title22-section7107&num=0&edition=prelim,/us/usc/t22/s7107/b/4/A/i
22 U.S.C. 7107(b)(4)(B)(i),not specified,event-driven,,provision,https://uscode.house.gov/view.xhtml?req=granuleid:USC-prelim-title22-section7107&num=0&edition=prelim,/us/usc/t22/s7107/b/4/B/i
22 U.S.C. 7108(b)(3),the President,event-driven,,provision,https://uscode.house.gov/view.xhtml?req=granuleid:USC-prelim-title22-section7108&num=0&edition=prelim,/us/usc/t22/s7108/b/3
22 U.S.C. 7113(a)(3),the Deputy Attorney General,annual,,provision,https://uscode.house.gov/view.xhtml?req=granuleid:USC-prelim-title22-section7113&num=0&edition=prelim,/us/usc/t22/s7113/a/3
22 U.S.C. 7113(a)(4),the Attorney General,annual,"Beginning in the first fiscal year beginning after March 7, 2013",provision,https://uscode.house.gov/view.xhtml?req=granuleid:USC-prelim-title22-section7113&num=0&edition=prelim,/us/usc/t22/s7113/a/4
22 U.S.C. 7422(b),The President,event-driven,at least 15 days in advance of exercising such authority,provision,https://uscode.house.gov/view.xhtml?req=granuleid:USC-prelim-title22-section7422&num=0&edition=prelim,/us/usc/t22/s7422/b
22 U.S.C. 7513(d),Secretary of State,annual,"not later than March 15, 2005",provision,https://uscode.house.gov/view.xhtml?req=granuleid:USC-prelim-title22-section7513&num=0&edition=prelim,/us/usc/t22/s7513/d
22 U.S.C. 7513(d)(1)(A),Secretary of State,other,,provision,https://uscode.house.gov/view.xhtml?req=granuleid:USC-prelim-title22-section7513&num=0&edition=prelim,/us/usc/t22/s7513/d/1/A
22 U.S.C. 7513 note,Secretary of State,annual,"Beginning 6 months after the date of enactment of this Act [Dec. 12, 2001], and at least annually for the 2 years thereafter",note,https://uscode.house.gov/view.xhtml?req=granuleid:USC-prelim-title22-section7513&num=0&edition=prelim,/us/usc/t22/s7513/note/4
22 U.S.C. 7514,coordinator designated under subsection (a),annual,,provision,https://uscode.house.gov/view.xhtml?req=granuleid:USC-prelim-title22-section7514&num=0&edition=prelim,/us/usc/t22/s7514
22 U.S.C. 7612a,the Coordinator,annual,At the close of each fiscal year,provision,https://uscode.house.gov/view.xhtml?req=granuleid:USC-prelim-title22-section7612a&num=0&edition=prelim,/us/usc/t22/s7612a
22 U.S.C. 7622(c),the President,annual,"Not later than 1 year after May 27, 2003, and annually thereafter",provision,https://uscode.house.gov/view.xhtml?req=granuleid:USC-prelim-title22-section7622&num=0&edition=prelim,/us/usc/t22/s7622/c
22 U.S.C. 7622(f),Comptroller General,biennial,preceding 2-year period,provision,https://uscode.house.gov/view.xhtml?req=granuleid:USC-prelim-title22-section7622&num=0&edition=prelim,/us/usc/t22/s7622/f
22 U.S.C. 7634(h),the President,annual,"Not later than 1 year after July 30, 2008, and annually thereafter",provision,https://uscode.house.gov/view.xhtml?req=granuleid:USC-prelim-title22-section7634&num=0&edition=prelim,/us/usc/t22/s7634/h
22 U.S.C. 7653,the President,annual,"Not later than 1 year after May 27, 2003, and annually thereafter for a period of 10 years",provision,https://uscode.house.gov/view.xhtml?req=granuleid:USC-prelim-title22-section7653&num=0&edition=prelim,/us/usc/t22/s7653
22 U.S.C. 7673(a)(4),the President,annual,"Not later than 1 year after July 30, 2008, and annually thereafter",provision,https://uscode.house.gov/view.xhtml?req=granuleid:USC-prelim-title22-section7673&num=0&edition=prelim,/us/usc/t22/s7673/a/4
22 U.S.C. 7814(a)(7),Secretary of State,annual,"180 days after July 20, 2018, and September 30, 2022, and annually thereafter for each of the next 5 years",provision,https://uscode.house.gov/view.xhtml?req=granuleid:USC-prelim-title22-section7814&num=0&edition=prelim,/us/usc/t22/s7814/a/7
22 U.S.C. 7818,"the Secretary of State, acting through the Special Envoy on North Korean Human Rights Issues",annual,the year preceding the submission of the report required under section 7817(d),provision,https://uscode.house.gov/view.xhtml?req=granuleid:USC-prelim-title22-section7818&num=0&edition=prelim,/us/usc/t22/s7818
22 U.S.C. 7818 note,"the Secretary of State, acting through the Special Envoy on North Korean Human Rights Issues or other appropriate designee",annual,"not later than 120 days after the date of the enactment of this Act, and annually thereafter for three years",note,https://uscode.house.gov/view.xhtml?req=granuleid:USC-prelim-title22-section7818&num=0&edition=prelim,/us/usc/t22/s7818/note/0
22 U.S.C. 7834,Secretary of State (or designee),periodic,,provision,https://uscode.house.gov/view.xhtml?req=granuleid:USC-prelim-title22-section7834&num=0&edition=prelim,/us/usc/t22/s7834
22 U.S.C. 7834(a),Secretary of State (or designated representative),periodic,,provision,https://uscode.house.gov/view.xhtml?req=granuleid:USC-prelim-title22-section7834&num=0&edition=prelim,/us/usc/t22/s7834/a
22 U.S.C. 8542,Director of National Intelligence,annual,"Not later than 180 days after July 1, 2010",provision,https://uscode.house.gov/view.xhtml?req=granuleid:USC-prelim-title22-section8542&num=0&edition=prelim,/us/usc/t22/s8542
22 U.S.C. 8563(a),Secretary of State,annual,"Not later than 180 days after December 29, 2022",provision,https://uscode.house.gov/view.xhtml?req=granuleid:USC-prelim-title22-section8563&num=0&edition=prelim,/us/usc/t22/s8563/a
22 U.S.C. 8563(a)(2),not specified,annual,"during the 10-year period following December 29, 2022",provision,https://uscode.house.gov/view.xhtml?req=granuleid:USC-prelim-title22-section8563&num=0&edition=prelim,/us/usc/t22/s8563/a/2
22 U.S.C. 8712,the President,other,"Not later than 180 days after August 10, 2012, and every 180 days thereafter",provision,https://uscode.house.gov/view.xhtml?req=granuleid:USC-prelim-title22-section8712&num=0&edition=prelim,/us/usc/t22/s8712
22 U.S.C. 8721(d)(1),"the Secretary of the Treasury, in coordination with the Secretary of State",other,"Not later than 90 days after August 10, 2012",provision,https://uscode.house.gov/view.xhtml?req=granuleid:USC-prelim-title22-section8721&num=0&edition=prelim,/us/usc/t22/s8721/d/1
22 U.S.C. 8726(b)(1),Secretary of the Treasury,other,"Not later than 60 days after August 10, 2012, and every 90 days thereafter",provision,https://uscode.house.gov/view.xhtml?req=granuleid:USC-prelim-title22-section8726&num=0&edition=prelim,/us/usc/t22/s8726/b/1
22 U.S.C. 8727,the President,event-driven,not less than 7 days before the waiver takes effect,provision,https://uscode.house.gov/view.xhtml?req=granuleid:USC-prelim-title22-section8727&num=0&edition=prelim,/us/usc/t22/s8727
22 U.S.C. 8754a(a)(4),the Secretary,event-driven,if the results of such review indicate that modifications to such strategy are required,provision,https://uscode.house.gov/view.xhtml?req=granuleid:USC-prelim-title22-section8754a&num=0&edition=prelim,/us/usc/t22/s8754a/a/4
22 U.S.C. 8773,Secretary of State,annual,"Not later than 180 days after August 10, 2012, and not later than September 1 of each year thereafter",provision,https://uscode.house.gov/view.xhtml?req=granuleid:USC-prelim-title22-section8773&num=0&edition=prelim,/us/usc/t22/s8773
22 U.S.C. 8925a,Secretary of Defense,quarterly,upon the receipt and upon the obligation of any contribution,provision,https://uscode.house.gov/view.xhtml?req=granuleid:USC-prelim-title22-section8925a&num=0&edition=prelim,/us/usc/t22/s8925a
22 U.S.C. 9111(a),Secretary of State,annual,April 30 of each year,provision,https://uscode.house.gov/view.xhtml?req=granuleid:USC-prelim-title22-section9111&num=0&edition=prelim,/us/usc/t22/s9111/a
22 U.S.C. 9111(f),Secretary of State,annual,Annual,provision,https://uscode.house.gov/view.xhtml?req=granuleid:USC-prelim-title22-section9111&num=0&edition=prelim,/us/usc/t22/s9111/f
22 U.S.C. 9111(f)(2)(C),the entity described in paragraph (1),annual,,provision,https://uscode.house.gov/view.xhtml?req=granuleid:USC-prelim-title22-section9111&num=0&edition=prelim,/us/usc/t22/s9111/f/2/C
22 U.S.C. 9222(d),the Secretary of State,annual,"Not later than 90 days after February 18, 2016, and annually thereafter",provision,https://uscode.house.gov/view.xhtml?req=granuleid:USC-prelim-title22-section9222&num=0&edition=prelim,/us/usc/t22/s9222/d
22 U.S.C. 9223(e),Secretary of State,annual,"Not later than 180 days after August 2, 2017, and annually thereafter for 5 years",provision,https://uscode.house.gov/view.xhtml?req=granuleid:USC-prelim-title22-section9223&num=0&edition=prelim,/us/usc/t22/s9223/e
22 U.S.C. 9225(a),the President,annual,"Not later than 180 days after August 2, 2017, and annually thereafter for 5 years",provision,https://uscode.house.gov/view.xhtml?req=granuleid:USC-prelim-title22-section9225&num=0&edition=prelim,/us/usc/t22/s9225/a
22 U.S.C. 9228(b)(1),the President,event-driven,at the time of waiver,provision,https://uscode.house.gov/view.xhtml?req=granuleid:USC-prelim-title22-section9228&num=0&edition=prelim,/us/usc/t22/s9228/b/1
22 U.S.C. 9228(c),the President,event-driven,,provision,https://uscode.house.gov/view.xhtml?req=granuleid:USC-prelim-title22-section9228&num=0&edition=prelim,/us/usc/t22/s9228/c
22 U.S.C. 9241(a),Secretary of State,periodic,"Not later than 120 days after October 25, 2018",provision,https://uscode.house.gov/view.xhtml?req=granuleid:USC-prelim-title22-section9241&num=0&edition=prelim,/us/usc/t22/s9241/a
22 U.S.C. 9241b,the President,event-driven,"not later than 180 days after the date on which the President transmits to the appropriate congressional committees an initial certification, and every 180 days thereafter",provision,https://uscode.house.gov/view.xhtml?req=granuleid:USC-prelim-title22-section9241b&num=0&edition=prelim,/us/usc/t22/s9241b
22 U.S.C. 9241b(c)(2),the President,other,not later than 180 days after the date on which the President transmits to the appropriate congressional committees an initial certification... and every 180 days thereafter,provision,https://uscode.house.gov/view.xhtml?req=granuleid:USC-prelim-title22-section9241b&num=0&edition=prelim,/us/usc/t22/s9241b/c/2
22 U.S.C. 9243(a)(1),Secretary of State,annual,most recent year ending before the submission of the report,provision,https://uscode.house.gov/view.xhtml?req=granuleid:USC-prelim-title22-section9243&num=0&edition=prelim,/us/usc/t22/s9243/a/1
22 U.S.C. 9305,the President,annual,,provision,https://uscode.house.gov/view.xhtml?req=granuleid:USC-prelim-title22-section9305&num=0&edition=prelim,/us/usc/t22/s9305
22 U.S.C. 9307(a)(10),the President,annual,For each of the fiscal years through 2028,provision,https://uscode.house.gov/view.xhtml?req=granuleid:USC-prelim-title22-section9307&num=0&edition=prelim,/us/usc/t22/s9307/a/10
22 U.S.C. 9405,Secretary of State,annual,"Not later than 90 days after August 2, 2017, and annually thereafter",provision,https://uscode.house.gov/view.xhtml?req=granuleid:USC-prelim-title22-section9405&num=0&edition=prelim,/us/usc/t22/s9405
22 U.S.C. 9423(d),the President,event-driven,not later than 15 days after the date on which the waiver is to take effect,provision,https://uscode.house.gov/view.xhtml?req=granuleid:USC-prelim-title22-section9423&num=0&edition=prelim,/us/usc/t22/s9423/d
22 U.S.C. 9525(d),Secretary of State and the Secretary of Defense,annual,"Not later than 120 days after the date on which the President submits a certification, and annually thereafter for two years",provision,https://uscode.house.gov/view.xhtml?req=granuleid:USC-prelim-title22-section9525&num=0&edition=prelim,/us/usc/t22/s9525/d
22 U.S.C. 9543(d),"the Secretary of State, acting through the Coordinator of United States Assistance to Europe and Eurasia",annual,Not later than April 1 of each year,provision,https://uscode.house.gov/view.xhtml?req=granuleid:USC-prelim-title22-section9543&num=0&edition=prelim,/us/usc/t22/s9543/d
22 U.S.C. 9543(e),Secretary of State,annual,Not later than April 1 of each year,provision,https://uscode.house.gov/view.xhtml?req=granuleid:USC-prelim-title22-section9543&num=0&edition=prelim,/us/usc/t22/s9543/e
22 U.S.C. 9544,the President,annual,"Not later than 90 days after August 2, 2017, and annually thereafter",provision,https://uscode.house.gov/view.xhtml?req=granuleid:USC-prelim-title22-section9544&num=0&edition=prelim,/us/usc/t22/s9544
22 U.S.C. 9545,the President,annual,"Not later than 90 days after August 2, 2017, and annually thereafter",provision,https://uscode.house.gov/view.xhtml?req=granuleid:USC-prelim-title22-section9545&num=0&edition=prelim,/us/usc/t22/s9545
22 U.S.C. 9564,the President,annual,"Not later than one year after December 20, 2019, and annually thereafter",provision,https://uscode.house.gov/view.xhtml?req=granuleid:USC-prelim-title22-section9564&num=0&edition=prelim,/us/usc/t22/s9564
22 U.S.C. 9612(c),United States International Development Finance Corporation,annual,"Not later than 120 days after December 18, 2025",provision,https://uscode.house.gov/view.xhtml?req=granuleid:USC-prelim-title22-section9612&num=0&edition=prelim,/us/usc/t22/s9612/c
22 U.S.C. 9612(c)(3)(B),the Corporation,annual,"Not later than 120 days after December 18, 2025",provision,https://uscode.house.gov/view.xhtml?req=granuleid:USC-prelim-title22-section9612&num=0&edition=prelim,/us/usc/t22/s9612/c/3/B
22 U.S.C. 9612(c)(3)(B)(i),United States International Development Finance Corporation,annual,"Not later than 120 days after December 18, 2025",provision,https://uscode.house.gov/view.xhtml?req=granuleid:USC-prelim-title22-section9612&num=0&edition=prelim,/us/usc/t22/s9612/c/3/B/i
22 U.S.C. 9622(c),The Corporation,annual,"not later than 180 days of December 18, 2025",provision,https://uscode.house.gov/view.xhtml?req=granuleid:USC-prelim-title22-section9622&num=0&edition=prelim,/us/usc/t22/s9622/c
22 U.S.C. 9652(f),Chief Executive Officer of the Corporation,event-driven,"upon reduction of staffing, funding, or organizational independence",provision,https://uscode.house.gov/view.xhtml?req=granuleid:USC-prelim-title22-section9652&num=0&edition=prelim,/us/usc/t22/s9652/f
22 U.S.C. 9653(a),the Corporation,annual,After the end of each fiscal year,provision,https://uscode.house.gov/view.xhtml?req=granuleid:USC-prelim-title22-section9653&num=0&edition=prelim,/us/usc/t22/s9653/a
22 U.S.C. 9807,"the President, the Secretary of State, the Administrator of the United States Agency for International Development, the Secretary of Defense, and the heads of other relevant Federal departments and agencies",biennial,Not later than two years after the submission of the plans required in section 9805 of this title,provision,https://uscode.house.gov/view.xhtml?req=granuleid:USC-prelim-title22-section9807&num=0&edition=prelim,/us/usc/t22/s9807
22 U.S.C. 9901 note,the Secretary,event-driven,not later than the last day of the fiscal year in which awards are presented pursuant to subsection (a),note,https://uscode.house.gov/view.xhtml?req=granuleid:USC-prelim-title22-section9901&num=0&edition=prelim,/us/usc/t22/s9901/note/1
22 U.S.C. 9902,the Secretary of State,annual,after receiving the information required under subsection (a),provision,https://uscode.house.gov/view.xhtml?req=granuleid:USC-prelim-title22-section9902&num=0&edition=prelim,/us/usc/t22/s9902
23 U.S.C. 103 note,the Secretary,annual,"not later than 1 year after the date of enactment of this Act, and annually thereafter",note,https://uscode.house.gov/view.xhtml?req=granuleid:USC-prelim-title23-section103&num=0&edition=prelim,/us/usc/t23/s103/note/0
23 U.S.C. 117(p),Secretary of Transportation; Comptroller General of the United States; Inspector General of the Department of Transportation,annual,not later than 30 days after project selection (Secretary); not later than 1 year after enactment and annually thereafter (Comptroller General and Inspector General),provision,https://uscode.house.gov/view.xhtml?req=granuleid:USC-prelim-title23-section117&num=0&edition=prelim,/us/usc/t23/s117/p
23 U.S.C. 117(p)(1),Secretary,event-driven,not later than 30 days after the date on which the Secretary selects a project for funding under this section,provision,https://uscode.house.gov/view.xhtml?req=granuleid:USC-prelim-title23-section117&num=0&edition=prelim,/us/usc/t23/s117/p/1
23 U.S.C. 117(p)(2),Comptroller General of the United States,annual,not later than 1 year after the date of enactment of the Surface Transportation Reauthorization Act of 2021,provision,https://uscode.house.gov/view.xhtml?req=granuleid:USC-prelim-title23-section117&num=0&edition=prelim,/us/usc/t23/s117/p/2
23 U.S.C. 117(p)(3),Inspector General of the Department of Transportation,annual,not later than 1 year after the date of enactment of the Surface Transportation Reauthorization Act of 2021 and annually thereafter,provision,https://uscode.house.gov/view.xhtml?req=granuleid:USC-prelim-title23-section117&num=0&edition=prelim,/us/usc/t23/s117/p/3
23 U.S.C. 118 note,the Secretary [of Transportation],annual,"Not later than 1 year after the date of enactment of this Act, and annually thereafter",note,https://uscode.house.gov/view.xhtml?req=granuleid:USC-prelim-title23-section118&num=0&edition=prelim,/us/usc/t23/s118/note/0
23 U.S.C. 124(g)(3),the Secretary,event-driven,On making a determination that information submitted to the Secretary under paragraph (1) is sufficient,provision,https://uscode.house.gov/view.xhtml?req=granuleid:USC-prelim-title23-section124&num=0&edition=prelim,/us/usc/t23/s124/g/3
23 U.S.C. 124(g)(6),the Secretary,annual,not later than the first Monday in February of each year,provision,https://uscode.house.gov/view.xhtml?req=granuleid:USC-prelim-title23-section124&num=0&edition=prelim,/us/usc/t23/s124/g/6
23 U.S.C. 141 note,Secretary of Transportation,annual,January 1 of the second calendar year which begins after the date of enactment of this section and each calendar year thereafter,note,https://uscode.house.gov/view.xhtml?req=granuleid:USC-prelim-title23-section141&num=0&edition=prelim,/us/usc/t23/s141/note/0
23 U.S.C. 143(b),The Commissioner of the Internal Revenue Service and each State,annual,,provision,https://uscode.house.gov/view.xhtml?req=granuleid:USC-prelim-title23-section143&num=0&edition=prelim,/us/usc/t23/s143/b
23 U.S.C. 148 note,Administrator of the Federal Highway Administration,semiannual,"Not later than 2 years after the date of enactment of this Act, and biannually thereafter",note,https://uscode.house.gov/view.xhtml?req=granuleid:USC-prelim-title23-section148&num=0&edition=prelim,/us/usc/t23/s148/note/0
23 U.S.C. 152(g),Secretary of Transportation,annual,not later than April 1 of each year,provision,https://uscode.house.gov/view.xhtml?req=granuleid:USC-prelim-title23-section152&num=0&edition=prelim,/us/usc/t23/s152/g
23 U.S.C. 157(b),the Secretary,annual,,provision,https://uscode.house.gov/view.xhtml?req=granuleid:USC-prelim-title23-section157&num=0&edition=prelim,/us/usc/t23/s157/b
23 U.S.C. 173(n),Comptroller General of the United States,annual,Each fiscal year,provision,https://uscode.house.gov/view.xhtml?req=granuleid:USC-prelim-title23-section173&num=0&edition=prelim,/us/usc/t23/s173/n
23 U.S.C. 313(g),the Secretary,annual,not less frequently than annually,provision,https://uscode.house.gov/view.xhtml?req=granuleid:USC-prelim-title23-section313&num=0&edition=prelim,/us/usc/t23/s313/g
23 U.S.C. 313 note,Secretary of Transportation,annual,Not later than February 1 of each year,note,https://uscode.house.gov/view.xhtml?req=granuleid:USC-prelim-title23-section313&num=0&edition=prelim,/us/usc/t23/s313/note/0
23 U.S.C. 401 note,Secretary of Transportation,annual,"December 31 of each calendar year beginning after December 31, 1982",note,https://uscode.house.gov/view.xhtml?req=granuleid:USC-prelim-title23-section401&num=0&edition=prelim,/us/usc/t23/s401/note/11
23 U.S.C. 401 note,Secretary of Transportation,event-driven,Not later than the ninetieth day after the end of each such one-year period,note,https://uscode.house.gov/view.xhtml?req=granuleid:USC-prelim-title23-section401&num=0&edition=prelim,/us/usc/t23/s401/note/13
23 U.S.C. 401 note,Secretary,annual,July 1,note,https://uscode.house.gov/view.xhtml?req=granuleid:USC-prelim-title23-section401&num=0&edition=prelim,/us/usc/t23/s401/note/21
23 U.S.C. 403(h)(5),The Administrator,annual,,provision,https://uscode.house.gov/view.xhtml?req=granuleid:USC-prelim-title23-section403&num=0&edition=prelim,/us/usc/t23/s403/h/5
23 U.S.C. 502(b)(7)(K),the Secretary,annual,30 days prior to carrying out an activity (for notice); annually (for report),provision,https://uscode.house.gov/view.xhtml?req=granuleid:USC-prelim-title23-section502&num=0&edition=prelim,/us/usc/t23/s502/b/7/K
23 U.S.C. 502(b)(7)(K)(i),the Secretary,event-driven,not later than 30 days prior to carrying out an activity under subparagraph (A),provision,https://uscode.house.gov/view.xhtml?req=granuleid:USC-prelim-title23-section502&num=0&edition=prelim,/us/usc/t23/s502/b/7/K/i
23 U.S.C. 502 note,surface transportation research advisory committee,annual,"within 1 year after the date of establishment of the advisory committee, and annually thereafter",note,https://uscode.house.gov/view.xhtml?req=granuleid:USC-prelim-title23-section502&num=0&edition=prelim,/us/usc/t23/s502/note/9
24 U.S.C. 295a,Secretary of Defense or his designee,annual,January of each year,provision,https://uscode.house.gov/view.xhtml?req=granuleid:USC-prelim-title24-section295a&num=0&edition=prelim,/us/usc/t24/s295a
25 U.S.C. 157,Treasury,annual,annually,provision,https://uscode.house.gov/view.xhtml?req=granuleid:USC-prelim-title25-section157&num=0&edition=prelim,/us/usc/t25/s157
25 U.S.C. 1621h(j),The Service,annual,annually,provision,https://uscode.house.gov/view.xhtml?req=granuleid:USC-prelim-title25-section1621h&num=0&edition=prelim,/us/usc/t25/s1621h/j
25 U.S.C. 1621q,the Secretary,biennial,,provision,https://uscode.house.gov/view.xhtml?req=granuleid:USC-prelim-title25-section1621q&num=0&edition=prelim,/us/usc/t25/s1621q
25 U.S.C. 1638f,the Secretary,annual,not later than 1 year after the date on which funds are made available for the demonstration program,provision,https://uscode.house.gov/view.xhtml?req=granuleid:USC-prelim-title25-section1638f&num=0&edition=prelim,/us/usc/t25/s1638f
25 U.S.C. 1638g,"the Secretary, acting through the Service",annual,Not later than 1 year after the date on which the demonstration program is established under subsection (b) and annually thereafter,provision,https://uscode.house.gov/view.xhtml?req=granuleid:USC-prelim-title25-section1638g&num=0&edition=prelim,/us/usc/t25/s1638g
25 U.S.C. 1665b(a),the Secretaries,annual,,provision,https://uscode.house.gov/view.xhtml?req=granuleid:USC-prelim-title25-section1665b&num=0&edition=prelim,/us/usc/t25/s1665b/a
25 U.S.C. 1680p,the President,annual,submission of the annual budget request,provision,https://uscode.house.gov/view.xhtml?req=granuleid:USC-prelim-title25-section1680p&num=0&edition=prelim,/us/usc/t25/s1680p
25 U.S.C. 1680t(b)(2),Comptroller General,other,,provision,https://uscode.house.gov/view.xhtml?req=granuleid:USC-prelim-title25-section1680t&num=0&edition=prelim,/us/usc/t25/s1680t/b/2
25 U.S.C. 1680v,Director of HIV/AIDS Prevention and Treatment,biennial,"Not later than 2 years after March 23, 2010",provision,https://uscode.house.gov/view.xhtml?req=granuleid:USC-prelim-title25-section1680v&num=0&edition=prelim,/us/usc/t25/s1680v
25 U.S.C. 1812(c),the Secretary,annual,annually,provision,https://uscode.house.gov/view.xhtml?req=granuleid:USC-prelim-title25-section1812&num=0&edition=prelim,/us/usc/t25/s1812/c
25 U.S.C. 2001(b)(5),the Secretary,annual,Not later than 90 days after the end of each school year,provision,https://uscode.house.gov/view.xhtml?req=granuleid:USC-prelim-title25-section2001&num=0&edition=prelim,/us/usc/t25/s2001/b/5
25 U.S.C. 2001(c),the Secretary,annual,,provision,https://uscode.house.gov/view.xhtml?req=granuleid:USC-prelim-title25-section2001&num=0&edition=prelim,/us/usc/t25/s2001/c
25 U.S.C. 2005(c),the Secretary,annual,At the time that the annual budget request for Bureau educational services is presented,provision,https://uscode.house.gov/view.xhtml?req=granuleid:USC-prelim-title25-section2005&num=0&edition=prelim,/us/usc/t25/s2005/c
25 U.S.C. 2005(d),the Secretary,annual,At the time any budget request for education is presented,provision,https://uscode.house.gov/view.xhtml?req=granuleid:USC-prelim-title25-section2005&num=0&edition=prelim,/us/usc/t25/s2005/d
25 U.S.C. 2007(d),the Secretary,annual,within the annual budget submission,provision,https://uscode.house.gov/view.xhtml?req=granuleid:USC-prelim-title25-section2007&num=0&edition=prelim,/us/usc/t25/s2007/d
25 U.S.C. 2008(l),the Secretary,annual,each succeeding budget request,provision,https://uscode.house.gov/view.xhtml?req=granuleid:USC-prelim-title25-section2008&num=0&edition=prelim,/us/usc/t25/s2008/l
25 U.S.C. 2009,the Director of the Office,annual,Not later than the date on which the Assistant Secretary for Indian Affairs makes the annual budget submission,provision,https://uscode.house.gov/view.xhtml?req=granuleid:USC-prelim-title25-section2009&num=0&edition=prelim,/us/usc/t25/s2009
25 U.S.C. 2012(g)(2),the Secretary,annual,on or before February 1 of each year,provision,https://uscode.house.gov/view.xhtml?req=granuleid:USC-prelim-title25-section2012&num=0&edition=prelim,/us/usc/t25/s2012/g/2
25 U.S.C. 2015,The Secretary,annual,annually,provision,https://uscode.house.gov/view.xhtml?req=granuleid:USC-prelim-title25-section2015&num=0&edition=prelim,/us/usc/t25/s2015
25 U.S.C. 271,the President,annual,,provision,https://uscode.house.gov/view.xhtml?req=granuleid:USC-prelim-title25-section271&num=0&edition=prelim,/us/usc/t25/s271
25 U.S.C. 2802(c)(16),Office of Justice Services,annual,for each fiscal year,provision,https://uscode.house.gov/view.xhtml?req=granuleid:USC-prelim-title25-section2802&num=0&edition=prelim,/us/usc/t25/s2802/c/16
25 U.S.C. 2802(c)(17),Office of Justice Services,annual,for each fiscal year,provision,https://uscode.house.gov/view.xhtml?req=granuleid:USC-prelim-title25-section2802&num=0&edition=prelim,/us/usc/t25/s2802/c/17
25 U.S.C. 2802 note,the official designated in subsection (a),annual,over the previous year,note,https://uscode.house.gov/view.xhtml?req=granuleid:USC-prelim-title25-section2802&num=0&edition=prelim,/us/usc/t25/s2802/note/0
25 U.S.C. 3111(c),the Secretary,annual,"within 1 year of the first full fiscal year after November 28, 1990, and within 6 months of the end of each succeeding fiscal year",provision,https://uscode.house.gov/view.xhtml?req=granuleid:USC-prelim-title25-section3111&num=0&edition=prelim,/us/usc/t25/s3111/c
25 U.S.C. 3612,non-Federal entity,annual,after review and comment by Indian tribes and tribal organizations,provision,https://uscode.house.gov/view.xhtml?req=granuleid:USC-prelim-title25-section3612&num=0&edition=prelim,/us/usc/t25/s3612
25 U.S.C. 3803(i),The Secretary,annual,at the time the budget is required to be submitted under section 1105 of title 31,provision,https://uscode.house.gov/view.xhtml?req=granuleid:USC-prelim-title25-section3803&num=0&edition=prelim,/us/usc/t25/s3803/i
25 U.S.C. 3805(e),the Secretary,annual,not less frequently than once each year,provision,https://uscode.house.gov/view.xhtml?req=granuleid:USC-prelim-title25-section3805&num=0&edition=prelim,/us/usc/t25/s3805/e
25 U.S.C. 389e,the Secretary,annual,during the preceding fiscal year,provision,https://uscode.house.gov/view.xhtml?req=granuleid:USC-prelim-title25-section389e&num=0&edition=prelim,/us/usc/t25/s389e
25 U.S.C. 4028,the Secretary,annual,"beginning one year after October 25, 1994",provision,https://uscode.house.gov/view.xhtml?req=granuleid:USC-prelim-title25-section4028&num=0&edition=prelim,/us/usc/t25/s4028
25 U.S.C. 4043(c)(5),Special Trustee,annual,each fiscal year,provision,https://uscode.house.gov/view.xhtml?req=granuleid:USC-prelim-title25-section4043&num=0&edition=prelim,/us/usc/t25/s4043/c/5
25 U.S.C. 4043(f),Special Trustee,annual,each year,provision,https://uscode.house.gov/view.xhtml?req=granuleid:USC-prelim-title25-section4043&num=0&edition=prelim,/us/usc/t25/s4043/f
25 U.S.C. 4167,the Secretary,annual,not later than 90 days after the conclusion of each fiscal year in which assistance under this chapter is made available,provision,https://uscode.house.gov/view.xhtml?req=granuleid:USC-prelim-title25-section4167&num=0&edition=prelim,/us/usc/t25/s4167
25 U.S.C. 4306,"the Secretary, in consultation with the Director",annual,"Not later than 1 year after November 7, 2000",provision,https://uscode.house.gov/view.xhtml?req=granuleid:USC-prelim-title25-section4306&num=0&edition=prelim,/us/usc/t25/s4306
25 U.S.C. 4306a(a)(5),"the Secretary, the Secretary of the Interior, and the Secretary of the Treasury",biennial,"not later than 1 year after December 30, 2020",provision,https://uscode.house.gov/view.xhtml?req=granuleid:USC-prelim-title25-section4306a&num=0&edition=prelim,/us/usc/t25/s4306a/a/5
25 U.S.C. 4353(e),Secretary of the Interior and the Secretary of Commerce,other,"Not later than 1 year after September 23, 2016",provision,https://uscode.house.gov/view.xhtml?req=granuleid:USC-prelim-title25-section4353&num=0&edition=prelim,/us/usc/t25/s4353/e
25 U.S.C. 47(d),each of the Secretaries,biennial,"not later than 1 year after December 30, 2020",provision,https://uscode.house.gov/view.xhtml?req=granuleid:USC-prelim-title25-section47&num=0&edition=prelim,/us/usc/t25/s47/d
25 U.S.C. 5324(d),the Secretary,annual,on or before April 1 of each year,provision,https://uscode.house.gov/view.xhtml?req=granuleid:USC-prelim-title25-section5324&num=0&edition=prelim,/us/usc/t25/s5324/d
25 U.S.C. 5341,Secretary of the Interior,annual,,provision,https://uscode.house.gov/view.xhtml?req=granuleid:USC-prelim-title25-section5341&num=0&edition=prelim,/us/usc/t25/s5341
25 U.S.C. 5393,the President,annual,annual budget request,provision,https://uscode.house.gov/view.xhtml?req=granuleid:USC-prelim-title25-section5393&num=0&edition=prelim,/us/usc/t25/s5393
25 U.S.C. 5394,the Secretary,annual,"Not later than January 1 of each year after August 18, 2000; and not later than 180 days after August 18, 2000",provision,https://uscode.house.gov/view.xhtml?req=granuleid:USC-prelim-title25-section5394&num=0&edition=prelim,/us/usc/t25/s5394
25 U.S.C. 5803(f),the Secretary,biennial,"Not later than 2 years after the date on which the Secretary first awards funding under the program, and biennially thereafter",provision,https://uscode.house.gov/view.xhtml?req=granuleid:USC-prelim-title25-section5803&num=0&edition=prelim,/us/usc/t25/s5803/f
25 U.S.C. 5803(f)(3)(B),,annual,each program year,provision,https://uscode.house.gov/view.xhtml?req=granuleid:USC-prelim-title25-section5803&num=0&edition=prelim,/us/usc/t25/s5803/f/3/B
25 U.S.C. 5902(e),the Director,annual,Not later than March 1 of each calendar year,provision,https://uscode.house.gov/view.xhtml?req=granuleid:USC-prelim-title25-section5902&num=0&edition=prelim,/us/usc/t25/s5902/e
26 U.S.C. 35 note,Secretary of the Treasury,annual,Not later than December 31 of each year in which a survey is conducted (beginning in 2010); Not later than October 1 of each year (beginning in 2010),note,https://uscode.house.gov/view.xhtml?req=granuleid:USC-prelim-title26-section35&num=0&edition=prelim,/us/usc/t26/s35/note/2
26 U.S.C. 6306(j),the Secretary,annual,Not later than 90 days after the last day of each fiscal year,provision,https://uscode.house.gov/view.xhtml?req=granuleid:USC-prelim-title26-section6306&num=0&edition=prelim,/us/usc/t26/s6306/j
26 U.S.C. 6307,the Commissioner of Internal Revenue,annual,Not later than March of each year,provision,https://uscode.house.gov/view.xhtml?req=granuleid:USC-prelim-title26-section6307&num=0&edition=prelim,/us/usc/t26/s6307
26 U.S.C. 6662A note,Commissioner of Internal Revenue,annual,"not later than December 31, 2010",note,https://uscode.house.gov/view.xhtml?req=granuleid:USC-prelim-title26-section6662A&num=0&edition=prelim,/us/usc/t26/s6662A/note/0
26 U.S.C. 6707A note,Commissioner of Internal Revenue,annual,,note,https://uscode.house.gov/view.xhtml?req=granuleid:USC-prelim-title26-section6707A&num=0&edition=prelim,/us/usc/t26/s6707A/note/0
26 U.S.C. 7441 note,Secretary of the Treasury or his delegate and the Tax Court,biennial,for 1987 and for each 2-calendar year period thereafter,note,https://uscode.house.gov/view.xhtml?req=granuleid:USC-prelim-title26-section7441&num=0&edition=prelim,/us/usc/t26/s7441/note/0
26 U.S.C. 801 note,Secretary of the Treasury,annual,"July 1, 1985, and July 1 of each calendar year thereafter",note,https://uscode.house.gov/view.xhtml?req=granuleid:USC-prelim-title26-section801&num=0&edition=prelim,/us/usc/t26/s801/note/9
26 U.S.C. 8022(3)(A),Joint Committee,other,,provision,https://uscode.house.gov/view.xhtml?req=granuleid:USC-prelim-title26-section8022&num=0&edition=prelim,/us/usc/t26/s8022/3/A
27 U.S.C. 124,Attorney General of the United States,biennial,"Not later than 2 years after November 2, 2002, and at 2-year intervals thereafter",provision,https://uscode.house.gov/view.xhtml?req=granuleid:USC-prelim-title27-section124&num=0&edition=prelim,/us/usc/t27/s124
28 U.S.C. 2509(c),hearing officer,event-driven,,provision,https://uscode.house.gov/view.xhtml?req=granuleid:USC-prelim-title28-section2509&num=0&edition=prelim,/us/usc/t28/s2509/c
28 U.S.C. 2673,the head of each federal agency,annual,,provision,https://uscode.house.gov/view.xhtml?req=granuleid:USC-prelim-title28-section2673&num=0&edition=prelim,/us/usc/t28/s2673
28 U.S.C. 530C note,The Attorney General,annual,,note,https://uscode.house.gov/view.xhtml?req=granuleid:USC-prelim-title28-section530C&num=0&edition=prelim,/us/usc/t28/s530C/note/1
28 U.S.C. 623,The Board,annual,at least one month in advance of its annual meeting,provision,https://uscode.house.gov/view.xhtml?req=granuleid:USC-prelim-title28-section623&num=0&edition=prelim,/us/usc/t28/s623
28 U.S.C. 629,Board of the Foundation,annual,not later than October 1 of each year,provision,https://uscode.house.gov/view.xhtml?req=granuleid:USC-prelim-title28-section629&num=0&edition=prelim,/us/usc/t28/s629
28 U.S.C. 791,clerk of the United States Court of Federal Claims,annual,on the first day of every regular session of Congress,provision,https://uscode.house.gov/view.xhtml?req=granuleid:USC-prelim-title28-section791&num=0&edition=prelim,/us/usc/t28/s791
29 U.S.C. 1304,Participant and Plan Sponsor Advocate,annual,Not later than December 31 of each calendar year,provision,https://uscode.house.gov/view.xhtml?req=granuleid:USC-prelim-title29-section1304&num=0&edition=prelim,/us/usc/t29/s1304
29 U.S.C. 1310(e),the corporation,annual,,provision,https://uscode.house.gov/view.xhtml?req=granuleid:USC-prelim-title29-section1310&num=0&edition=prelim,/us/usc/t29/s1310/e
29 U.S.C. 153(c),National Labor Relations Board,annual,at the close of each fiscal year,provision,https://uscode.house.gov/view.xhtml?req=granuleid:USC-prelim-title29-section153&num=0&edition=prelim,/us/usc/t29/s153/c
29 U.S.C. 172,Director of the Federal Mediation and Conciliation Service,annual,at the end of the fiscal year,provision,https://uscode.house.gov/view.xhtml?req=granuleid:USC-prelim-title29-section172&num=0&edition=prelim,/us/usc/t29/s172
29 U.S.C. 1903,the Secretary,annual,within one hundred and eighty days after the end of the fiscal year,provision,https://uscode.house.gov/view.xhtml?req=granuleid:USC-prelim-title29-section1903&num=0&edition=prelim,/us/usc/t29/s1903
29 U.S.C. 2704,the Department,biennial,"not later than two years after October 20, 1994, and every two years thereafter",provision,https://uscode.house.gov/view.xhtml?req=granuleid:USC-prelim-title29-section2704&num=0&edition=prelim,/us/usc/t29/s2704
29 U.S.C. 3007(d),the Secretary,annual,December 31 of each year,provision,https://uscode.house.gov/view.xhtml?req=granuleid:USC-prelim-title29-section3007&num=0&edition=prelim,/us/usc/t29/s3007/d
29 U.S.C. 3007(d)(2),not specified,annual,annual,provision,https://uscode.house.gov/view.xhtml?req=granuleid:USC-prelim-title29-section3007&num=0&edition=prelim,/us/usc/t29/s3007/d/2
29 U.S.C. 3141(d)(6),Secretary of Labor and the Secretary of Education,annual,,provision,https://uscode.house.gov/view.xhtml?req=granuleid:USC-prelim-title29-section3141&num=0&edition=prelim,/us/usc/t29/s3141/d/6
29 U.S.C. 3209(c),the Secretary,annual,annually,provision,https://uscode.house.gov/view.xhtml?req=granuleid:USC-prelim-title29-section3209&num=0&edition=prelim,/us/usc/t29/s3209/c
29 U.S.C. 3211,the Secretary,other,"once every 6 months beginning on July 22, 2014, for a 3-year period; then once a year for 2 years; and 90 days after budgetary shortfall identification",provision,https://uscode.house.gov/view.xhtml?req=granuleid:USC-prelim-title29-section3211&num=0&edition=prelim,/us/usc/t29/s3211
29 U.S.C. 3224(b)(1),the Secretary,biennial,every 2 years,provision,https://uscode.house.gov/view.xhtml?req=granuleid:USC-prelim-title29-section3224&num=0&edition=prelim,/us/usc/t29/s3224/b/1
29 U.S.C. 3245(e),the Secretary,quarterly,quarterly,provision,https://uscode.house.gov/view.xhtml?req=granuleid:USC-prelim-title29-section3245&num=0&edition=prelim,/us/usc/t29/s3245/e
29 U.S.C. 3249(d),the Secretary,annual,annual,provision,https://uscode.house.gov/view.xhtml?req=granuleid:USC-prelim-title29-section3249&num=0&edition=prelim,/us/usc/t29/s3249/d
29 U.S.C. 3333(d),the Secretary,other,,provision,https://uscode.house.gov/view.xhtml?req=granuleid:USC-prelim-title29-section3333&num=0&edition=prelim,/us/usc/t29/s3333/d
29 U.S.C. 49h(b)(1),Comptroller General of the United States,other,,provision,https://uscode.house.gov/view.xhtml?req=granuleid:USC-prelim-title29-section49h&num=0&edition=prelim,/us/usc/t29/s49h/b/1
29 U.S.C. 6,Commissioner of Labor Statistics,annual,annually; on or before March 15 for expenditure report,provision,https://uscode.house.gov/view.xhtml?req=granuleid:USC-prelim-title29-section6&num=0&edition=prelim,/us/usc/t29/s6
29 U.S.C. 671(f),Director of the National Institute for Occupational Safety and Health,annual,,provision,https://uscode.house.gov/view.xhtml?req=granuleid:USC-prelim-title29-section671&num=0&edition=prelim,/us/usc/t29/s671/f
29 U.S.C. 671(h),the Director of the Institute,annual,"Not later than 1 year after the establishment of the Office under this subsection, and annually thereafter",provision,https://uscode.house.gov/view.xhtml?req=granuleid:USC-prelim-title29-section671&num=0&edition=prelim,/us/usc/t29/s671/h
29 U.S.C. 671a(d)(1),Secretary of Labor,other,"Not later than 4 years after October 26, 1992, and periodically thereafter",provision,https://uscode.house.gov/view.xhtml?req=granuleid:USC-prelim-title29-section671a&num=0&edition=prelim,/us/usc/t29/s671a/d/1
29 U.S.C. 675,Secretary of Labor and Secretary of Health and Human Services,annual,Within one hundred and twenty days following the convening of each regular session of each Congress,provision,https://uscode.house.gov/view.xhtml?req=granuleid:USC-prelim-title29-section675&num=0&edition=prelim,/us/usc/t29/s675
29 U.S.C. 726,the Commissioner,annual,each annual report to the Congress under section 710 of this title,provision,https://uscode.house.gov/view.xhtml?req=granuleid:USC-prelim-title29-section726&num=0&edition=prelim,/us/usc/t29/s726
29 U.S.C. 772(e),the Commissioner,annual,by September 30 of each fiscal year,provision,https://uscode.house.gov/view.xhtml?req=granuleid:USC-prelim-title29-section772&num=0&edition=prelim,/us/usc/t29/s772/e
29 U.S.C. 781(a)(9),National Council,other,,provision,https://uscode.house.gov/view.xhtml?req=granuleid:USC-prelim-title29-section781&num=0&edition=prelim,/us/usc/t29/s781/a/9
29 U.S.C. 781(b),National Council,annual,"October 31, 1998, and annually thereafter",provision,https://uscode.house.gov/view.xhtml?req=granuleid:USC-prelim-title29-section781&num=0&edition=prelim,/us/usc/t29/s781/b
29 U.S.C. 794c,Interagency Disability Coordinating Council,annual,On or before July 1 of each year,provision,https://uscode.house.gov/view.xhtml?req=granuleid:USC-prelim-title29-section794c&num=0&edition=prelim,/us/usc/t29/s794c
29 U.S.C. 794d(d),the Attorney General,biennial,"Not later than 3 years after August 7, 1998, and every 2 years thereafter",provision,https://uscode.house.gov/view.xhtml?req=granuleid:USC-prelim-title29-section794d&num=0&edition=prelim,/us/usc/t29/s794d/d
29 U.S.C. 794d-1,the Administrator,annual,"Not later than 1 year after December 29, 2022, and annually thereafter",provision,https://uscode.house.gov/view.xhtml?req=granuleid:USC-prelim-title29-section794d-1&num=0&edition=prelim,/us/usc/t29/s794d–1
29 U.S.C. 794e(k),The Commissioner,annual,,provision,https://uscode.house.gov/view.xhtml?req=granuleid:USC-prelim-title29-section794e&num=0&edition=prelim,/us/usc/t29/s794e/k
30 U.S.C. 1211(f),The Director,annual,as part of the annual report,provision,https://uscode.house.gov/view.xhtml?req=granuleid:USC-prelim-title30-section1211&num=0&edition=prelim,/us/usc/t30/s1211/f
30 U.S.C. 1229,Committee on Mining and Mineral Resources Research,annual,"on or before March 1, 1986; January 15 of each calendar year",provision,https://uscode.house.gov/view.xhtml?req=granuleid:USC-prelim-title30-section1229&num=0&edition=prelim,/us/usc/t30/s1229
30 U.S.C. 1267(g),the Secretary,annual,as part of the Annual Report,provision,https://uscode.house.gov/view.xhtml?req=granuleid:USC-prelim-title30-section1267&num=0&edition=prelim,/us/usc/t30/s1267/g
30 U.S.C. 1296,the Secretary,annual,,provision,https://uscode.house.gov/view.xhtml?req=granuleid:USC-prelim-title30-section1296&num=0&edition=prelim,/us/usc/t30/s1296
30 U.S.C. 1296 note,,annual,,note,https://uscode.house.gov/view.xhtml?req=granuleid:USC-prelim-title30-section1296&num=0&edition=prelim,/us/usc/t30/s1296/note/0
30 U.S.C. 1315,the President,annual,not later than December 31 of each calendar year,provision,https://uscode.house.gov/view.xhtml?req=granuleid:USC-prelim-title30-section1315&num=0&edition=prelim,/us/usc/t30/s1315
30 U.S.C. 1328,Secretary of the Interior,annual,On December 31 of each calendar year,provision,https://uscode.house.gov/view.xhtml?req=granuleid:USC-prelim-title30-section1328&num=0&edition=prelim,/us/usc/t30/s1328
30 U.S.C. 1328 note,the Secretary,annual,December 31 of each calendar year,note,https://uscode.house.gov/view.xhtml?req=granuleid:USC-prelim-title30-section1328&num=0&edition=prelim,/us/usc/t30/s1328/note/0
30 U.S.C. 1752,the Secretary,annual,,provision,https://uscode.house.gov/view.xhtml?req=granuleid:USC-prelim-title30-section1752&num=0&edition=prelim,/us/usc/t30/s1752
30 U.S.C. 958,the Secretary,annual,Within one hundred and twenty days following the convening of each session of Congress,provision,https://uscode.house.gov/view.xhtml?req=granuleid:USC-prelim-title30-section958&num=0&edition=prelim,/us/usc/t30/s958
30 U.S.C. 958 note,,annual,,note,https://uscode.house.gov/view.xhtml?req=granuleid:USC-prelim-title30-section958&num=0&edition=prelim,/us/usc/t30/s958/note/0
31 U.S.C. 1124(a),Performance Improvement Officer,other,,provision,https://uscode.house.gov/view.xhtml?req=granuleid:USC-prelim-title31-section1124&num=0&edition=prelim,/us/usc/t31/s1124/a
31 U.S.C. 1502 note,"the Departments of Labor, Health and Human Services and Education and the Social Security Administration",quarterly,"not later than 30 days after the end of each calendar quarter, beginning with the first month of fiscal year 2026",note,https://uscode.house.gov/view.xhtml?req=granuleid:USC-prelim-title31-section1502&num=0&edition=prelim,/us/usc/t31/s1502/note/0
31 U.S.C. 1503,Comptroller General,annual,each year,provision,https://uscode.house.gov/view.xhtml?req=granuleid:USC-prelim-title31-section1503&num=0&edition=prelim,/us/usc/t31/s1503
31 U.S.C. 1512(c),official designated in section 1513 of this title,other,as provided in the Impoundment Control Act of 1974,provision,https://uscode.house.gov/view.xhtml?req=granuleid:USC-prelim-title31-section1512&num=0&edition=prelim,/us/usc/t31/s1512/c
31 U.S.C. 1554,the head of each agency,annual,no later than 15 days after the date on which the President’s budget for the next fiscal year is submitted to Congress,provision,https://uscode.house.gov/view.xhtml?req=granuleid:USC-prelim-title31-section1554&num=0&edition=prelim,/us/usc/t31/s1554
31 U.S.C. 1556(b),Comptroller General,other,,provision,https://uscode.house.gov/view.xhtml?req=granuleid:USC-prelim-title31-section1556&num=0&edition=prelim,/us/usc/t31/s1556/b
31 U.S.C. 311 note,Assistant Secretary for Intelligence and Analysis of the Department of the Treasury,annual,Not later than 180 days after the date of the enactment of this Act and not less frequently than once each year thereafter,note,https://uscode.house.gov/view.xhtml?req=granuleid:USC-prelim-title31-section311&num=0&edition=prelim,/us/usc/t31/s311/note/1
31 U.S.C. 3130(a),Secretary of the Treasury,annual,On or before June 1 of each calendar year after 1993,provision,https://uscode.house.gov/view.xhtml?req=granuleid:USC-prelim-title31-section3130&num=0&edition=prelim,/us/usc/t31/s3130/a
31 U.S.C. 323,Secretary of the Treasury,annual,each fiscal year,provision,https://uscode.house.gov/view.xhtml?req=granuleid:USC-prelim-title31-section323&num=0&edition=prelim,/us/usc/t31/s323
31 U.S.C. 3516(a),head of an executive agency,annual,not later than 150 days after the end of the agency’s fiscal year,provision,https://uscode.house.gov/view.xhtml?req=granuleid:USC-prelim-title31-section3516&num=0&edition=prelim,/us/usc/t31/s3516/a
31 U.S.C. 3522(b)(1),appropriate official in the District of Columbia,monthly,20th day after receiving the account,provision,https://uscode.house.gov/view.xhtml?req=granuleid:USC-prelim-title31-section3522&num=0&edition=prelim,/us/usc/t31/s3522/b/1
31 U.S.C. 3524,Director of the Office of Management and Budget,annual,Before December 1 of each year,provision,https://uscode.house.gov/view.xhtml?req=granuleid:USC-prelim-title31-section3524&num=0&edition=prelim,/us/usc/t31/s3524
31 U.S.C. 3726(f),General Services Administration,annual,annually in connection with the budget estimates,provision,https://uscode.house.gov/view.xhtml?req=granuleid:USC-prelim-title31-section3726&num=0&edition=prelim,/us/usc/t31/s3726/f
31 U.S.C. 6102,the Administrator,annual,,provision,https://uscode.house.gov/view.xhtml?req=granuleid:USC-prelim-title31-section6102&num=0&edition=prelim,/us/usc/t31/s6102
31 U.S.C. 6203,The Director,annual,promptly after the end of each calendar year,provision,https://uscode.house.gov/view.xhtml?req=granuleid:USC-prelim-title31-section6203&num=0&edition=prelim,/us/usc/t31/s6203
31 U.S.C. 6505 note,Secretary of the Army,annual,Not later than the last day of each calendar year,note,https://uscode.house.gov/view.xhtml?req=granuleid:USC-prelim-title31-section6505&num=0&edition=prelim,/us/usc/t31/s6505/note/0
31 U.S.C. 6719,Secretary,annual,Before June 2 of each year prior to 2002,provision,https://uscode.house.gov/view.xhtml?req=granuleid:USC-prelim-title31-section6719&num=0&edition=prelim,/us/usc/t31/s6719
31 U.S.C. 7504(d),the Director,biennial,not later than 2 years after the date of enactment of this subsection,provision,https://uscode.house.gov/view.xhtml?req=granuleid:USC-prelim-title31-section7504&num=0&edition=prelim,/us/usc/t31/s7504/d
31 U.S.C. 7504(e),The Director,multi-year,"Not later than 3 years after the date of enactment of this subsection, and every 6 years thereafter",provision,https://uscode.house.gov/view.xhtml?req=granuleid:USC-prelim-title31-section7504&num=0&edition=prelim,/us/usc/t31/s7504/e
32 U.S.C. 908,Secretary of Defense,annual,not later than March 31 of the year following the year in which such fiscal year ended,provision,https://uscode.house.gov/view.xhtml?req=granuleid:USC-prelim-title32-section908&num=0&edition=prelim,/us/usc/t32/s908
33 U.S.C. 1268a,Director of the Office of Management and Budget,annual,not later than 45 days after submission of the budget of the President to Congress,provision,https://uscode.house.gov/view.xhtml?req=granuleid:USC-prelim-title33-section1268a&num=0&edition=prelim,/us/usc/t33/s1268a
33 U.S.C. 1414b(f)(1),Under Secretary of Commerce for Oceans and Atmosphere,annual,,provision,https://uscode.house.gov/view.xhtml?req=granuleid:USC-prelim-title33-section1414b&num=0&edition=prelim,/us/usc/t33/s1414b/f/1
33 U.S.C. 1414b(i),Administrator,annual,December 31 of 1989 and of each year thereafter until the Administrator determines that ocean dumping of sewage sludge and industrial waste has terminated,provision,https://uscode.house.gov/view.xhtml?req=granuleid:USC-prelim-title33-section1414b&num=0&edition=prelim,/us/usc/t33/s1414b/i
33 U.S.C. 1444,"Secretary of Commerce, Administrator, Under Secretary",annual,March of each year (Secretary and Administrator); October 31 of each year (Under Secretary),provision,https://uscode.house.gov/view.xhtml?req=granuleid:USC-prelim-title33-section1444&num=0&edition=prelim,/us/usc/t33/s1444
33 U.S.C. 1444(b),Administrator,annual,In March of each year,provision,https://uscode.house.gov/view.xhtml?req=granuleid:USC-prelim-title33-section1444&num=0&edition=prelim,/us/usc/t33/s1444/b
33 U.S.C. 1444(c),Under Secretary,annual,October 31 of each year,provision,https://uscode.house.gov/view.xhtml?req=granuleid:USC-prelim-title33-section1444&num=0&edition=prelim,/us/usc/t33/s1444/c
33 U.S.C. 1902(h),the President,annual,each January,provision,https://uscode.house.gov/view.xhtml?req=granuleid:USC-prelim-title33-section1902&num=0&edition=prelim,/us/usc/t33/s1902/h
33 U.S.C. 1954,Interagency Marine Debris Coordinating Committee,biennial,,provision,https://uscode.house.gov/view.xhtml?req=granuleid:USC-prelim-title33-section1954&num=0&edition=prelim,/us/usc/t33/s1954
33 U.S.C. 1954(e),"The Committee, through the Chairperson",biennial,,provision,https://uscode.house.gov/view.xhtml?req=granuleid:USC-prelim-title33-section1954&num=0&edition=prelim,/us/usc/t33/s1954/e
33 U.S.C. 1966,The Foundation,annual,as soon as practicable after the end of each fiscal year,provision,https://uscode.house.gov/view.xhtml?req=granuleid:USC-prelim-title33-section1966&num=0&edition=prelim,/us/usc/t33/s1966
33 U.S.C. 2213(k)(5),the Secretary,quarterly,30 days after enactment and quarterly thereafter,provision,https://uscode.house.gov/view.xhtml?req=granuleid:USC-prelim-title33-section2213&num=0&edition=prelim,/us/usc/t33/s2213/k/5
33 U.S.C. 2213(m),the Secretary,annual,,provision,https://uscode.house.gov/view.xhtml?req=granuleid:USC-prelim-title33-section2213&num=0&edition=prelim,/us/usc/t33/s2213/m
33 U.S.C. 2223(e)(1)(A),the Secretary,biennial,"Not later than 2 years after June 10, 2014, and once every 2 years thereafter",provision,https://uscode.house.gov/view.xhtml?req=granuleid:USC-prelim-title33-section2223&num=0&edition=prelim,/us/usc/t33/s2223/e/1/A
33 U.S.C. 2263(a),the Secretary,biennial,"within the 30-month period beginning on November 17, 1986",provision,https://uscode.house.gov/view.xhtml?req=granuleid:USC-prelim-title33-section2263&num=0&edition=prelim,/us/usc/t33/s2263/a
33 U.S.C. 2267b(b),the Secretary,annual,,provision,https://uscode.house.gov/view.xhtml?req=granuleid:USC-prelim-title33-section2267b&num=0&edition=prelim,/us/usc/t33/s2267b/b
33 U.S.C. 2268,The Secretary,other,,provision,https://uscode.house.gov/view.xhtml?req=granuleid:USC-prelim-title33-section2268&num=0&edition=prelim,/us/usc/t33/s2268
33 U.S.C. 2269(d),the Secretary,annual,,provision,https://uscode.house.gov/view.xhtml?req=granuleid:USC-prelim-title33-section2269&num=0&edition=prelim,/us/usc/t33/s2269/d
33 U.S.C. 2269(e),the Secretary,annual,"Not later than 3 years after January 4, 2025",provision,https://uscode.house.gov/view.xhtml?req=granuleid:USC-prelim-title33-section2269&num=0&edition=prelim,/us/usc/t33/s2269/e
33 U.S.C. 2282d(a),the Secretary,annual,Not later than February 1 of each year,provision,https://uscode.house.gov/view.xhtml?req=granuleid:USC-prelim-title33-section2282d&num=0&edition=prelim,/us/usc/t33/s2282d/a
33 U.S.C. 2282d(b),the Secretary,annual,On the date of publication of each notice,provision,https://uscode.house.gov/view.xhtml?req=granuleid:USC-prelim-title33-section2282d&num=0&edition=prelim,/us/usc/t33/s2282d/b
33 U.S.C. 2282d(c)(1)(A),the Secretary,annual,,provision,https://uscode.house.gov/view.xhtml?req=granuleid:USC-prelim-title33-section2282d&num=0&edition=prelim,/us/usc/t33/s2282d/c/1/A
33 U.S.C. 2282d(c)(1)(B),the Secretary,annual,,provision,https://uscode.house.gov/view.xhtml?req=granuleid:USC-prelim-title33-section2282d&num=0&edition=prelim,/us/usc/t33/s2282d/c/1/B
33 U.S.C. 2282d(c)(1)(C),The Secretary,annual,annual,provision,https://uscode.house.gov/view.xhtml?req=granuleid:USC-prelim-title33-section2282d&num=0&edition=prelim,/us/usc/t33/s2282d/c/1/C
33 U.S.C. 2282d(c)(1)(D),the Secretary,annual,annual,provision,https://uscode.house.gov/view.xhtml?req=granuleid:USC-prelim-title33-section2282d&num=0&edition=prelim,/us/usc/t33/s2282d/c/1/D
33 U.S.C. 2282d(c)(2),the Secretary,annual,annual,provision,https://uscode.house.gov/view.xhtml?req=granuleid:USC-prelim-title33-section2282d&num=0&edition=prelim,/us/usc/t33/s2282d/c/2
33 U.S.C. 2282d(c)(3),the Secretary,annual,annual,provision,https://uscode.house.gov/view.xhtml?req=granuleid:USC-prelim-title33-section2282d&num=0&edition=prelim,/us/usc/t33/s2282d/c/3
33 U.S.C. 2282d(c)(4),the Secretary,annual,annual,provision,https://uscode.house.gov/view.xhtml?req=granuleid:USC-prelim-title33-section2282d&num=0&edition=prelim,/us/usc/t33/s2282d/c/4
33 U.S.C. 2282d(d),the Secretary,annual,annual,provision,https://uscode.house.gov/view.xhtml?req=granuleid:USC-prelim-title33-section2282d&num=0&edition=prelim,/us/usc/t33/s2282d/d
33 U.S.C. 2282d(h),the Secretary,annual,Not later than 30 days after the publication of the annual report under subsection (f),provision,https://uscode.house.gov/view.xhtml?req=granuleid:USC-prelim-title33-section2282d&num=0&edition=prelim,/us/usc/t33/s2282d/h
33 U.S.C. 2282d note,the Secretary,annual,Not less frequently than annually,note,https://uscode.house.gov/view.xhtml?req=granuleid:USC-prelim-title33-section2282d&num=0&edition=prelim,/us/usc/t33/s2282d/note/2
33 U.S.C. 2283a,the Secretary,annual,Concurrent with the President’s submission to Congress of the President’s request for appropriations for the Civil Works Program for a fiscal year,provision,https://uscode.house.gov/view.xhtml?req=granuleid:USC-prelim-title33-section2283a&num=0&edition=prelim,/us/usc/t33/s2283a
33 U.S.C. 2307(f),the Secretary,annual,"not later than one year after November 17, 1986",provision,https://uscode.house.gov/view.xhtml?req=granuleid:USC-prelim-title33-section2307&num=0&edition=prelim,/us/usc/t33/s2307/f
33 U.S.C. 2309(c),international advisory group,biennial,not later than one year after the formation of such group,provision,https://uscode.house.gov/view.xhtml?req=granuleid:USC-prelim-title33-section2309&num=0&edition=prelim,/us/usc/t33/s2309/c
33 U.S.C. 2313(c)(7),Comptroller General,annual,"Not later than 1 year after December 23, 2022",provision,https://uscode.house.gov/view.xhtml?req=granuleid:USC-prelim-title33-section2313&num=0&edition=prelim,/us/usc/t33/s2313/c/7
33 U.S.C. 2313(e),the Secretary,annual,"annually, in conjunction with the annual budget submission of the President to Congress",provision,https://uscode.house.gov/view.xhtml?req=granuleid:USC-prelim-title33-section2313&num=0&edition=prelim,/us/usc/t33/s2313/e
33 U.S.C. 2321b(c),the Secretary,biennial,"Not later than 2 years after June 10, 2014",provision,https://uscode.house.gov/view.xhtml?req=granuleid:USC-prelim-title33-section2321b&num=0&edition=prelim,/us/usc/t33/s2321b/c
33 U.S.C. 2325a,the Secretary,annual,"Not later than February 1 of each year after the first fiscal year in which materials, services, or funds are accepted under this section",provision,https://uscode.house.gov/view.xhtml?req=granuleid:USC-prelim-title33-section2325a&num=0&edition=prelim,/us/usc/t33/s2325a
33 U.S.C. 2341c,the Secretary,biennial,"for fiscal year 2022, and biennially thereafter, in conjunction with the President’s annual budget submission",provision,https://uscode.house.gov/view.xhtml?req=granuleid:USC-prelim-title33-section2341c&num=0&edition=prelim,/us/usc/t33/s2341c
33 U.S.C. 2345(f),The Secretary,quarterly,"not later than 2 years after December 23, 2022",provision,https://uscode.house.gov/view.xhtml?req=granuleid:USC-prelim-title33-section2345&num=0&edition=prelim,/us/usc/t33/s2345/f
33 U.S.C. 2348(g)(3)(B),the Secretary,other,every 60 days thereafter until such date as all decisions of the Federal agency relating to the project study have been made,provision,https://uscode.house.gov/view.xhtml?req=granuleid:USC-prelim-title33-section2348&num=0&edition=prelim,/us/usc/t33/s2348/g/3/B
33 U.S.C. 2348a,the Secretary,annual,,provision,https://uscode.house.gov/view.xhtml?req=granuleid:USC-prelim-title33-section2348a&num=0&edition=prelim,/us/usc/t33/s2348a
33 U.S.C. 2352(e),the Secretary,annual,Not later than 90 days after the end of each fiscal year,provision,https://uscode.house.gov/view.xhtml?req=granuleid:USC-prelim-title33-section2352&num=0&edition=prelim,/us/usc/t33/s2352/e
33 U.S.C. 2803a(c),the Secretary,annual,annual,provision,https://uscode.house.gov/view.xhtml?req=granuleid:USC-prelim-title33-section2803a&num=0&edition=prelim,/us/usc/t33/s2803a/c
33 U.S.C. 2804,the Administrator and the Under Secretary,biennial,September 30 of each other year beginning in 1993,provision,https://uscode.house.gov/view.xhtml?req=granuleid:USC-prelim-title33-section2804&num=0&edition=prelim,/us/usc/t33/s2804
33 U.S.C. 3408(j),"National Ocean Mapping, Exploration, and Characterization Council",biennial,"not later than 1 year after December 23, 2022",provision,https://uscode.house.gov/view.xhtml?req=granuleid:USC-prelim-title33-section3408&num=0&edition=prelim,/us/usc/t33/s3408/j
33 U.S.C. 3503(1),co-chairs of the Working Group,biennial,"not later than 18 months after the date of the enactment of the National Ocean Exploration Act, and biennially thereafter until 2040",provision,https://uscode.house.gov/view.xhtml?req=granuleid:USC-prelim-title33-section3503&num=0&edition=prelim,/us/usc/t33/s3503/1
33 U.S.C. 3703(e)(2),the Subcommittee,biennial,Not later than 2 years after the delivery of the initial report under paragraph (1) and every 2 years thereafter until 2032,provision,https://uscode.house.gov/view.xhtml?req=granuleid:USC-prelim-title33-section3703&num=0&edition=prelim,/us/usc/t33/s3703/e/2
33 U.S.C. 3913(b)(2),the Secretary or the Administrator,other,,provision,https://uscode.house.gov/view.xhtml?req=granuleid:USC-prelim-title33-section3913&num=0&edition=prelim,/us/usc/t33/s3913/b/2
33 U.S.C. 3913(b)(2)(C),the entity responsible for the report under paragraph (1),other,,provision,https://uscode.house.gov/view.xhtml?req=granuleid:USC-prelim-title33-section3913&num=0&edition=prelim,/us/usc/t33/s3913/b/2/C
33 U.S.C. 400,the Secretary,annual,"Not later than 1 year after June 10, 2014, and each year thereafter",provision,https://uscode.house.gov/view.xhtml?req=granuleid:USC-prelim-title33-section400&num=0&edition=prelim,/us/usc/t33/s400
33 U.S.C. 4105,Administrator of NOAA,multi-year,"not later than one year after December 21, 2018, and every 4 years thereafter",provision,https://uscode.house.gov/view.xhtml?req=granuleid:USC-prelim-title33-section4105&num=0&edition=prelim,/us/usc/t33/s4105
33 U.S.C. 4105(a),Administrator of the National Oceanic and Atmospheric Administration,multi-year,"not later than one year after December 21, 2018",provision,https://uscode.house.gov/view.xhtml?req=granuleid:USC-prelim-title33-section4105&num=0&edition=prelim,/us/usc/t33/s4105/a
33 U.S.C. 426e(e)(2)(A)(i),the Secretary,other,,provision,https://uscode.house.gov/view.xhtml?req=granuleid:USC-prelim-title33-section426e&num=0&edition=prelim,/us/usc/t33/s426e/e/2/A/i
33 U.S.C. 426g-1,the Secretary,other,,provision,https://uscode.house.gov/view.xhtml?req=granuleid:USC-prelim-title33-section426g-1&num=0&edition=prelim,/us/usc/t33/s426g–1
33 U.S.C. 467g(b),Administrator,other,,provision,https://uscode.house.gov/view.xhtml?req=granuleid:USC-prelim-title33-section467g&num=0&edition=prelim,/us/usc/t33/s467g/b
33 U.S.C. 556,Secretary of the Army,annual,on or before the 15th day of October in each year,provision,https://uscode.house.gov/view.xhtml?req=granuleid:USC-prelim-title33-section556&num=0&edition=prelim,/us/usc/t33/s556
33 U.S.C. 579a(b)(1),the Secretary,other,"Not later than one year after November 17, 1986",provision,https://uscode.house.gov/view.xhtml?req=granuleid:USC-prelim-title33-section579a&num=0&edition=prelim,/us/usc/t33/s579a/b/1
33 U.S.C. 579a(b)(2)(B)(vi),the Secretary,biennial,two-year updates,provision,https://uscode.house.gov/view.xhtml?req=granuleid:USC-prelim-title33-section579a&num=0&edition=prelim,/us/usc/t33/s579a/b/2/B/vi
33 U.S.C. 579a(b)(2)(B)(xi),the Secretary,biennial,two-year updates,provision,https://uscode.house.gov/view.xhtml?req=granuleid:USC-prelim-title33-section579a&num=0&edition=prelim,/us/usc/t33/s579a/b/2/B/xi
33 U.S.C. 579a(b)(2)(D),the Secretary,biennial,in conjunction with the President’s annual budget submission,provision,https://uscode.house.gov/view.xhtml?req=granuleid:USC-prelim-title33-section579a&num=0&edition=prelim,/us/usc/t33/s579a/b/2/D
33 U.S.C. 579g,the Secretary,annual,not later than 10 days after the date on which the budget of the President for each fiscal year is submitted to Congress,provision,https://uscode.house.gov/view.xhtml?req=granuleid:USC-prelim-title33-section579g&num=0&edition=prelim,/us/usc/t33/s579g
33 U.S.C. 598b,the Secretary,annual,,provision,https://uscode.house.gov/view.xhtml?req=granuleid:USC-prelim-title33-section598b&num=0&edition=prelim,/us/usc/t33/s598b
33 U.S.C. 667,Secretary of the Army,annual,on or before the meeting thereof,provision,https://uscode.house.gov/view.xhtml?req=granuleid:USC-prelim-title33-section667&num=0&edition=prelim,/us/usc/t33/s667
33 U.S.C. 701b-17(a)(6),the Secretary,annual,on an annual basis,provision,https://uscode.house.gov/view.xhtml?req=granuleid:USC-prelim-title33-section701b-17&num=0&edition=prelim,/us/usc/t33/s701b–17/a/6
33 U.S.C. 701n-1,the Secretary,biennial,"Not later than 2 years after June 10, 2014, and every 2 years thereafter",provision,https://uscode.house.gov/view.xhtml?req=granuleid:USC-prelim-title33-section701n-1&num=0&edition=prelim,/us/usc/t33/s701n–1
33 U.S.C. 701n-2,Chief of Engineers of the U.S. Army Corps of Engineers,monthly,not later than 2 days after the date of enactment of this subdivision,provision,https://uscode.house.gov/view.xhtml?req=granuleid:USC-prelim-title33-section701n-2&num=0&edition=prelim,/us/usc/t33/s701n–2
33 U.S.C. 857-15,The Committee,annual,on or before June 30 of each year,provision,https://uscode.house.gov/view.xhtml?req=granuleid:USC-prelim-title33-section857-15&num=0&edition=prelim,/us/usc/t33/s857–15
33 U.S.C. 857-15(b),Secretary of Commerce,annual,within 60 days after receipt thereof,provision,https://uscode.house.gov/view.xhtml?req=granuleid:USC-prelim-title33-section857-15&num=0&edition=prelim,/us/usc/t33/s857–15/b
33 U.S.C. 878a(c),the Under Secretary,annual,at the same time as the President’s annual budget submission to the Congress,provision,https://uscode.house.gov/view.xhtml?req=granuleid:USC-prelim-title33-section878a&num=0&edition=prelim,/us/usc/t33/s878a/c
33 U.S.C. 891b,Secretary of Commerce (acting through the Assistant Administrator of NOAA for Marine and Aviation Operations),biennial,"not later than 180 days after December 18, 2025",provision,https://uscode.house.gov/view.xhtml?req=granuleid:USC-prelim-title33-section891b&num=0&edition=prelim,/us/usc/t33/s891b
33 U.S.C. 891b(a),Secretary (acting through the Assistant Administrator of NOAA for Marine and Aviation Operations),biennial,"not later than 180 days after December 18, 2025",provision,https://uscode.house.gov/view.xhtml?req=granuleid:USC-prelim-title33-section891b&num=0&edition=prelim,/us/usc/t33/s891b/a
33 U.S.C. 891c,"the Secretary, acting through the Assistant Administrator of NOAA for Marine and Aviation Operations",annual,as part of the annual update of the Plan required in section 891b of this title,provision,https://uscode.house.gov/view.xhtml?req=granuleid:USC-prelim-title33-section891c&num=0&edition=prelim,/us/usc/t33/s891c
33 U.S.C. 891c(b),Secretary of Commerce (acting through the Assistant Administrator of NOAA for Marine and Aviation Operations),annual,as part of the annual update of the Plan required in section 891b,provision,https://uscode.house.gov/view.xhtml?req=granuleid:USC-prelim-title33-section891c&num=0&edition=prelim,/us/usc/t33/s891c/b
33 U.S.C. 894e,Secretary of Commerce,annual,January 15 of each year,provision,https://uscode.house.gov/view.xhtml?req=granuleid:USC-prelim-title33-section894e&num=0&edition=prelim,/us/usc/t33/s894e
33 U.S.C. 944(j),the entity responsible for the annual report required by section 942,annual,annually,provision,https://uscode.house.gov/view.xhtml?req=granuleid:USC-prelim-title33-section944&num=0&edition=prelim,/us/usc/t33/s944/j
34 U.S.C. 10159(e),Attorney General,annual,"Not later than 2 years after December 27, 2022, and each year thereafter in which grants are made under this section",provision,https://uscode.house.gov/view.xhtml?req=granuleid:USC-prelim-title34-section10159&num=0&edition=prelim,/us/usc/t34/s10159/e
34 U.S.C. 10238,Attorney General or Secretary of Health and Human Services,biennial,,provision,https://uscode.house.gov/view.xhtml?req=granuleid:USC-prelim-title34-section10238&num=0&edition=prelim,/us/usc/t34/s10238
34 U.S.C. 10263(8),the Deputy Attorney General,annual,,provision,https://uscode.house.gov/view.xhtml?req=granuleid:USC-prelim-title34-section10263&num=0&edition=prelim,/us/usc/t34/s10263/8
34 U.S.C. 10335,the Director,annual,Not later than 90 days after the end of each fiscal year for which grants are made under this subchapter,provision,https://uscode.house.gov/view.xhtml?req=granuleid:USC-prelim-title34-section10335&num=0&edition=prelim,/us/usc/t34/s10335
34 U.S.C. 10444(2),Director of Office on Violence Against Women,other,,provision,https://uscode.house.gov/view.xhtml?req=granuleid:USC-prelim-title34-section10444&num=0&edition=prelim,/us/usc/t34/s10444/2
34 U.S.C. 10479(h)(3),Deputy Attorney General,annual,,provision,https://uscode.house.gov/view.xhtml?req=granuleid:USC-prelim-title34-section10479&num=0&edition=prelim,/us/usc/t34/s10479/h/3
34 U.S.C. 10479(h)(4),the Attorney General,annual,"Beginning in the first fiscal year beginning after December 13, 2016",provision,https://uscode.house.gov/view.xhtml?req=granuleid:USC-prelim-title34-section10479&num=0&edition=prelim,/us/usc/t34/s10479/h/4
34 U.S.C. 10479(i)(2),the Attorney General,event-driven,If the Attorney General awards multiple grants to the same applicant for the same purpose,provision,https://uscode.house.gov/view.xhtml?req=granuleid:USC-prelim-title34-section10479&num=0&edition=prelim,/us/usc/t34/s10479/i/2
34 U.S.C. 10651(m)(3),the Deputy Attorney General,annual,,provision,https://uscode.house.gov/view.xhtml?req=granuleid:USC-prelim-title34-section10651&num=0&edition=prelim,/us/usc/t34/s10651/m/3
34 U.S.C. 10651(m)(4),the Attorney General,annual,"beginning in the first fiscal year beginning after December 13, 2016",provision,https://uscode.house.gov/view.xhtml?req=granuleid:USC-prelim-title34-section10651&num=0&edition=prelim,/us/usc/t34/s10651/m/4
34 U.S.C. 10652(d)(3),the Deputy Attorney General,annual,,provision,https://uscode.house.gov/view.xhtml?req=granuleid:USC-prelim-title34-section10652&num=0&edition=prelim,/us/usc/t34/s10652/d/3
34 U.S.C. 10652(d)(4),the Attorney General,annual,"beginning in the first fiscal year beginning after December 13, 2016",provision,https://uscode.house.gov/view.xhtml?req=granuleid:USC-prelim-title34-section10652&num=0&edition=prelim,/us/usc/t34/s10652/d/4
34 U.S.C. 10664(e),the Attorney General,event-driven,Not later than 12 months after the end of the 3 year funding cycle,provision,https://uscode.house.gov/view.xhtml?req=granuleid:USC-prelim-title34-section10664&num=0&edition=prelim,/us/usc/t34/s10664/e
34 U.S.C. 11116(c),members appointed under subsection (a)(2) of the Council,annual,not later than 120 days after the completion of the last meeting of the Council during any fiscal year,provision,https://uscode.house.gov/view.xhtml?req=granuleid:USC-prelim-title34-section11116&num=0&edition=prelim,/us/usc/t34/s11116/c
34 U.S.C. 11116(c)(1),Coordinating Council on Juvenile Justice and Delinquency Prevention,annual,,provision,https://uscode.house.gov/view.xhtml?req=granuleid:USC-prelim-title34-section11116&num=0&edition=prelim,/us/usc/t34/s11116/c/1
34 U.S.C. 11116(c)(2),members appointed under subsection (a)(2) of the Coordinating Council on Juvenile Justice and Delinquency Prevention,annual,not later than 120 days after the completion of the last meeting of the Council during any fiscal year,provision,https://uscode.house.gov/view.xhtml?req=granuleid:USC-prelim-title34-section11116&num=0&edition=prelim,/us/usc/t34/s11116/c/2
34 U.S.C. 11117(1),the Administrator,annual,Not later than 180 days after the end of each fiscal year,provision,https://uscode.house.gov/view.xhtml?req=granuleid:USC-prelim-title34-section11117&num=0&edition=prelim,/us/usc/t34/s11117/1
34 U.S.C. 11273,the Secretary,biennial,"April 1, 2000",provision,https://uscode.house.gov/view.xhtml?req=granuleid:USC-prelim-title34-section11273&num=0&edition=prelim,/us/usc/t34/s11273
34 U.S.C. 11296(6),the Deputy Attorney General,annual,,provision,https://uscode.house.gov/view.xhtml?req=granuleid:USC-prelim-title34-section11296&num=0&edition=prelim,/us/usc/t34/s11296/6
34 U.S.C. 11312,the Administrator,annual,not later than 180 days after the end of each fiscal year,provision,https://uscode.house.gov/view.xhtml?req=granuleid:USC-prelim-title34-section11312&num=0&edition=prelim,/us/usc/t34/s11312
34 U.S.C. 12113(i)(2)(B),the Attorney General,annual,"not later than October 1, 2007, and October 1 of each year thereafter",provision,https://uscode.house.gov/view.xhtml?req=granuleid:USC-prelim-title34-section12113&num=0&edition=prelim,/us/usc/t34/s12113/i/2/B
34 U.S.C. 12124(d),"Attorney General, acting through the Director of the Office of Correctional Job Training and Placement",annual,,provision,https://uscode.house.gov/view.xhtml?req=granuleid:USC-prelim-title34-section12124&num=0&edition=prelim,/us/usc/t34/s12124/d
34 U.S.C. 12593,Director of the Federal Bureau of Investigation,annual,"For 5 years after September 13, 1994",provision,https://uscode.house.gov/view.xhtml?req=granuleid:USC-prelim-title34-section12593&num=0&edition=prelim,/us/usc/t34/s12593
34 U.S.C. 12641(4)(B),the task force,other,,provision,https://uscode.house.gov/view.xhtml?req=granuleid:USC-prelim-title34-section12641&num=0&edition=prelim,/us/usc/t34/s12641/4/B
34 U.S.C. 20127(7),the Secretary,biennial,Not later than November 1 of each even-numbered fiscal year,provision,https://uscode.house.gov/view.xhtml?req=granuleid:USC-prelim-title34-section20127&num=0&edition=prelim,/us/usc/t34/s20127/7
34 U.S.C. 20307(a)(3),the Deputy Attorney General,annual,,provision,https://uscode.house.gov/view.xhtml?req=granuleid:USC-prelim-title34-section20307&num=0&edition=prelim,/us/usc/t34/s20307/a/3
34 U.S.C. 20307(b),the Attorney General,annual,March 1 of each year,provision,https://uscode.house.gov/view.xhtml?req=granuleid:USC-prelim-title34-section20307&num=0&edition=prelim,/us/usc/t34/s20307/b
34 U.S.C. 20704(b)(3),Deputy Attorney General and Attorney General,annual,annual,provision,https://uscode.house.gov/view.xhtml?req=granuleid:USC-prelim-title34-section20704&num=0&edition=prelim,/us/usc/t34/s20704/b/3
34 U.S.C. 20704(b)(3)(D),the Attorney General,annual,"Beginning in the first fiscal year beginning after May 29, 2015",provision,https://uscode.house.gov/view.xhtml?req=granuleid:USC-prelim-title34-section20704&num=0&edition=prelim,/us/usc/t34/s20704/b/3/D
34 U.S.C. 20704 note,"Deputy Attorney General, Deputy Secretary of Health and Human Services",annual,annually,note,https://uscode.house.gov/view.xhtml?req=granuleid:USC-prelim-title34-section20704&num=0&edition=prelim,/us/usc/t34/s20704/note/0
34 U.S.C. 20709(e),Director of the Bureau of Justice Statistics,annual,,provision,https://uscode.house.gov/view.xhtml?req=granuleid:USC-prelim-title34-section20709&num=0&edition=prelim,/us/usc/t34/s20709/e
34 U.S.C. 20971(d),Attorney General,annual,"Not later than January 31 of each year, beginning with 2008",provision,https://uscode.house.gov/view.xhtml?req=granuleid:USC-prelim-title34-section20971&num=0&edition=prelim,/us/usc/t34/s20971/d
34 U.S.C. 21503(e)(7),Secretary of Homeland Security,annual,,provision,https://uscode.house.gov/view.xhtml?req=granuleid:USC-prelim-title34-section21503&num=0&edition=prelim,/us/usc/t34/s21503/e/7
34 U.S.C. 21504(g),the Attorney General,annual,,provision,https://uscode.house.gov/view.xhtml?req=granuleid:USC-prelim-title34-section21504&num=0&edition=prelim,/us/usc/t34/s21504/g
34 U.S.C. 21711(c),Chairman of the Federal Trade Commission and the Attorney General,annual,"Not later than 1 year after October 18, 2017",provision,https://uscode.house.gov/view.xhtml?req=granuleid:USC-prelim-title34-section21711&num=0&edition=prelim,/us/usc/t34/s21711/c
34 U.S.C. 21731,Director of the Office for Victims of Crime,annual,Not later than 1 year after the date on which the collection of statistical data under section 21722(a)(1) of this title begins,provision,https://uscode.house.gov/view.xhtml?req=granuleid:USC-prelim-title34-section21731&num=0&edition=prelim,/us/usc/t34/s21731
34 U.S.C. 30107(f),the Attorney General,biennial,Not later than November 1 of each even-numbered fiscal year,provision,https://uscode.house.gov/view.xhtml?req=granuleid:USC-prelim-title34-section30107&num=0&edition=prelim,/us/usc/t34/s30107/f
34 U.S.C. 30108(h),the Attorney General,biennial,Not later than November 1 of each even-numbered fiscal year,provision,https://uscode.house.gov/view.xhtml?req=granuleid:USC-prelim-title34-section30108&num=0&edition=prelim,/us/usc/t34/s30108/h
34 U.S.C. 30507(g),Attorney General,annual,"for each calendar year beginning after May 20, 2021",provision,https://uscode.house.gov/view.xhtml?req=granuleid:USC-prelim-title34-section30507&num=0&edition=prelim,/us/usc/t34/s30507/g
34 U.S.C. 40505,the Attorney General,annual,"not later than 18 months after December 31, 2020",provision,https://uscode.house.gov/view.xhtml?req=granuleid:USC-prelim-title34-section40505&num=0&edition=prelim,/us/usc/t34/s40505
34 U.S.C. 40508,the Attorney General,biennial,"not later than 1 year after December 27, 2022",provision,https://uscode.house.gov/view.xhtml?req=granuleid:USC-prelim-title34-section40508&num=0&edition=prelim,/us/usc/t34/s40508
34 U.S.C. 40508(b),not specified,other,,provision,https://uscode.house.gov/view.xhtml?req=granuleid:USC-prelim-title34-section40508&num=0&edition=prelim,/us/usc/t34/s40508/b
34 U.S.C. 40912(e),Attorney General,annual,Not later than January 31 of each year,provision,https://uscode.house.gov/view.xhtml?req=granuleid:USC-prelim-title34-section40912&num=0&edition=prelim,/us/usc/t34/s40912/e
34 U.S.C. 40914,Attorney General,annual,Not later than January 31 of each year,provision,https://uscode.house.gov/view.xhtml?req=granuleid:USC-prelim-title34-section40914&num=0&edition=prelim,/us/usc/t34/s40914
34 U.S.C. 41303,Director of the Federal Bureau of Investigation,annual,"Not later than 1 year after December 21, 2018, and annually thereafter",provision,https://uscode.house.gov/view.xhtml?req=granuleid:USC-prelim-title34-section41303&num=0&edition=prelim,/us/usc/t34/s41303
34 U.S.C. 41303(c)(3),the Attorney General,annual,,provision,https://uscode.house.gov/view.xhtml?req=granuleid:USC-prelim-title34-section41303&num=0&edition=prelim,/us/usc/t34/s41303/c/3
34 U.S.C. 41309 note,the Attorney General and the Secretary of Health and Human Services,biennial,"not later than 280 days after the date of enactment of this Act [Jan. 5, 2023]",note,https://uscode.house.gov/view.xhtml?req=granuleid:USC-prelim-title34-section41309&num=0&edition=prelim,/us/usc/t34/s41309/note/0
34 U.S.C. 41310,the Attorney General,biennial,"Not later than 1 year after May 11, 2016, and biannually thereafter",provision,https://uscode.house.gov/view.xhtml?req=granuleid:USC-prelim-title34-section41310&num=0&edition=prelim,/us/usc/t34/s41310
34 U.S.C. 60503,the Attorney General,annual,Not later than January 31 of each year,provision,https://uscode.house.gov/view.xhtml?req=granuleid:USC-prelim-title34-section60503&num=0&edition=prelim,/us/usc/t34/s60503
34 U.S.C. 60912,each agency,annual,annually,provision,https://uscode.house.gov/view.xhtml?req=granuleid:USC-prelim-title34-section60912&num=0&edition=prelim,/us/usc/t34/s60912
35 U.S.C. 271 note,Secretary of Commerce,annual,"6 months after Aug. 23, 1988",note,https://uscode.house.gov/view.xhtml?req=granuleid:USC-prelim-title35-section271&num=0&edition=prelim,/us/usc/t35/s271/note/0
36 U.S.C. 100112,the corporation,annual,at the same time as the report of the audit required by section 10101 of this title,provision,https://uscode.house.gov/view.xhtml?req=granuleid:USC-prelim-title36-section100112&num=0&edition=prelim,/us/usc/t36/s100112
36 U.S.C. 10101,the corporation,annual,not later than 6 months after the close of the fiscal year for which the audit is made,provision,https://uscode.house.gov/view.xhtml?req=granuleid:USC-prelim-title36-section10101&num=0&edition=prelim,/us/usc/t36/s10101
36 U.S.C. 110112,the corporation,annual,at the same time as the report of the audit required by section 10101 of this title,provision,https://uscode.house.gov/view.xhtml?req=granuleid:USC-prelim-title36-section110112&num=0&edition=prelim,/us/usc/t36/s110112
36 U.S.C. 130112,the corporation,annual,Not later than March 1 of each year,provision,https://uscode.house.gov/view.xhtml?req=granuleid:USC-prelim-title36-section130112&num=0&edition=prelim,/us/usc/t36/s130112
36 U.S.C. 140104,the corporation,annual,December 1 of each year,provision,https://uscode.house.gov/view.xhtml?req=granuleid:USC-prelim-title36-section140104&num=0&edition=prelim,/us/usc/t36/s140104
36 U.S.C. 140305,the corporation,annual,September 1 of each year,provision,https://uscode.house.gov/view.xhtml?req=granuleid:USC-prelim-title36-section140305&num=0&edition=prelim,/us/usc/t36/s140305
36 U.S.C. 150113,the corporation,annual,at the same time as the report of the audit required by section 10101 of this title,provision,https://uscode.house.gov/view.xhtml?req=granuleid:USC-prelim-title36-section150113&num=0&edition=prelim,/us/usc/t36/s150113
36 U.S.C. 150302,the corporation,other,,provision,https://uscode.house.gov/view.xhtml?req=granuleid:USC-prelim-title36-section150302&num=0&edition=prelim,/us/usc/t36/s150302
36 U.S.C. 151311,the corporation,annual,Not later than 4 months after the end of each fiscal year,provision,https://uscode.house.gov/view.xhtml?req=granuleid:USC-prelim-title36-section151311&num=0&edition=prelim,/us/usc/t36/s151311
36 U.S.C. 151512,the corporation,annual,at the same time as the report of the audit required by section 10101 of this title,provision,https://uscode.house.gov/view.xhtml?req=granuleid:USC-prelim-title36-section151512&num=0&edition=prelim,/us/usc/t36/s151512
36 U.S.C. 152112,the corporation,annual,at the same time as the report of the audit required by section 10101 of this title,provision,https://uscode.house.gov/view.xhtml?req=granuleid:USC-prelim-title36-section152112&num=0&edition=prelim,/us/usc/t36/s152112
36 U.S.C. 152712,the corporation,annual,annually,provision,https://uscode.house.gov/view.xhtml?req=granuleid:USC-prelim-title36-section152712&num=0&edition=prelim,/us/usc/t36/s152712
36 U.S.C. 152913,the corporation,annual,at the same time as the report of the audit required by section 10101 of this title,provision,https://uscode.house.gov/view.xhtml?req=granuleid:USC-prelim-title36-section152913&num=0&edition=prelim,/us/usc/t36/s152913
36 U.S.C. 153712,the corporation,annual,Not later than 6 months after the end of each fiscal year,provision,https://uscode.house.gov/view.xhtml?req=granuleid:USC-prelim-title36-section153712&num=0&edition=prelim,/us/usc/t36/s153712
36 U.S.C. 154304,the corporation,annual,December 1 of each year,provision,https://uscode.house.gov/view.xhtml?req=granuleid:USC-prelim-title36-section154304&num=0&edition=prelim,/us/usc/t36/s154304
36 U.S.C. 154512,the corporation,annual,at the same time as the report of the audit required by section 10101 of this title,provision,https://uscode.house.gov/view.xhtml?req=granuleid:USC-prelim-title36-section154512&num=0&edition=prelim,/us/usc/t36/s154512
36 U.S.C. 154713,the corporation,annual,at the same time as the report of the audit required by section 10101 of this title,provision,https://uscode.house.gov/view.xhtml?req=granuleid:USC-prelim-title36-section154713&num=0&edition=prelim,/us/usc/t36/s154713
36 U.S.C. 170313,the corporation,annual,at the same time as the report of the audit required by section 10101 of this title,provision,https://uscode.house.gov/view.xhtml?req=granuleid:USC-prelim-title36-section170313&num=0&edition=prelim,/us/usc/t36/s170313
36 U.S.C. 170512,the corporation,annual,at the same time as the report of the audit required by section 10101 of this title,provision,https://uscode.house.gov/view.xhtml?req=granuleid:USC-prelim-title36-section170512&num=0&edition=prelim,/us/usc/t36/s170512
36 U.S.C. 190313,the corporation,annual,at the same time as the report of the audit required by section 10101 of this title,provision,https://uscode.house.gov/view.xhtml?req=granuleid:USC-prelim-title36-section190313&num=0&edition=prelim,/us/usc/t36/s190313
36 U.S.C. 200312,the corporation,annual,Not later than March 1 of each year,provision,https://uscode.house.gov/view.xhtml?req=granuleid:USC-prelim-title36-section200312&num=0&edition=prelim,/us/usc/t36/s200312
36 U.S.C. 20306,the corporation,annual,,provision,https://uscode.house.gov/view.xhtml?req=granuleid:USC-prelim-title36-section20306&num=0&edition=prelim,/us/usc/t36/s20306
36 U.S.C. 20913,the corporation,annual,at the same time as the report of the audit required by section 10101 of this title,provision,https://uscode.house.gov/view.xhtml?req=granuleid:USC-prelim-title36-section20913&num=0&edition=prelim,/us/usc/t36/s20913
36 U.S.C. 210313,the corporation,annual,at the same time as the report of the audit required by section 10101 of this title,provision,https://uscode.house.gov/view.xhtml?req=granuleid:USC-prelim-title36-section210313&num=0&edition=prelim,/us/usc/t36/s210313
36 U.S.C. 2109,American Battle Monuments Commission,annual,each year,provision,https://uscode.house.gov/view.xhtml?req=granuleid:USC-prelim-title36-section2109&num=0&edition=prelim,/us/usc/t36/s2109
36 U.S.C. 2109(f),The Commission,annual,each year,provision,https://uscode.house.gov/view.xhtml?req=granuleid:USC-prelim-title36-section2109&num=0&edition=prelim,/us/usc/t36/s2109/f
36 U.S.C. 21112,the corporation,annual,at the same time as the report of the audit required by section 10101 of this title,provision,https://uscode.house.gov/view.xhtml?req=granuleid:USC-prelim-title36-section21112&num=0&edition=prelim,/us/usc/t36/s21112
36 U.S.C. 21307,Secretary of the Smithsonian Institution,annual,,provision,https://uscode.house.gov/view.xhtml?req=granuleid:USC-prelim-title36-section21307&num=0&edition=prelim,/us/usc/t36/s21307
36 U.S.C. 21708,the corporation,annual,Not later than January 1 of each year,provision,https://uscode.house.gov/view.xhtml?req=granuleid:USC-prelim-title36-section21708&num=0&edition=prelim,/us/usc/t36/s21708
36 U.S.C. 220314,the corporation,annual,as soon as practical after the end of each fiscal year,provision,https://uscode.house.gov/view.xhtml?req=granuleid:USC-prelim-title36-section220314&num=0&edition=prelim,/us/usc/t36/s220314
36 U.S.C. 220712,the corporation,annual,at the same time as the report of the audit required by section 10101 of this title,provision,https://uscode.house.gov/view.xhtml?req=granuleid:USC-prelim-title36-section220712&num=0&edition=prelim,/us/usc/t36/s220712
36 U.S.C. 22510,the corporation,annual,Not later than January 1 of each year,provision,https://uscode.house.gov/view.xhtml?req=granuleid:USC-prelim-title36-section22510&num=0&edition=prelim,/us/usc/t36/s22510
36 U.S.C. 22912,the corporation,annual,at the same time as the report of the audit required by section 10101 of this title,provision,https://uscode.house.gov/view.xhtml?req=granuleid:USC-prelim-title36-section22912&num=0&edition=prelim,/us/usc/t36/s22912
36 U.S.C. 230107,the corporation,annual,January 1 of each year,provision,https://uscode.house.gov/view.xhtml?req=granuleid:USC-prelim-title36-section230107&num=0&edition=prelim,/us/usc/t36/s230107
36 U.S.C. 230312,the corporation,annual,Not later than March 1 of each year,provision,https://uscode.house.gov/view.xhtml?req=granuleid:USC-prelim-title36-section230312&num=0&edition=prelim,/us/usc/t36/s230312
36 U.S.C. 230513,the corporation,annual,at the same time as the report of the audit required by section 10101 of this title,provision,https://uscode.house.gov/view.xhtml?req=granuleid:USC-prelim-title36-section230513&num=0&edition=prelim,/us/usc/t36/s230513
36 U.S.C. 240112,the corporation,annual,at the same time as the report of the audit required by section 10101 of this title,provision,https://uscode.house.gov/view.xhtml?req=granuleid:USC-prelim-title36-section240112&num=0&edition=prelim,/us/usc/t36/s240112
36 U.S.C. 300112,Office of the Ombudsman,annual,,provision,https://uscode.house.gov/view.xhtml?req=granuleid:USC-prelim-title36-section300112&num=0&edition=prelim,/us/usc/t36/s300112
36 U.S.C. 30513,the corporation,annual,Not later than March 1 of each year,provision,https://uscode.house.gov/view.xhtml?req=granuleid:USC-prelim-title36-section30513&num=0&edition=prelim,/us/usc/t36/s30513
36 U.S.C. 30908,the corporation,annual,April 1 of each year,provision,https://uscode.house.gov/view.xhtml?req=granuleid:USC-prelim-title36-section30908&num=0&edition=prelim,/us/usc/t36/s30908
36 U.S.C. 40112,the corporation,annual,at the same time as the report of the audit required by section 10101 of this title,provision,https://uscode.house.gov/view.xhtml?req=granuleid:USC-prelim-title36-section40112&num=0&edition=prelim,/us/usc/t36/s40112
36 U.S.C. 40307,the corporation,annual,annually,provision,https://uscode.house.gov/view.xhtml?req=granuleid:USC-prelim-title36-section40307&num=0&edition=prelim,/us/usc/t36/s40307
36 U.S.C. 50112,the corporation,annual,at the same time as the report of the audit required by section 10101 of this title,provision,https://uscode.house.gov/view.xhtml?req=granuleid:USC-prelim-title36-section50112&num=0&edition=prelim,/us/usc/t36/s50112
36 U.S.C. 50308,the corporation,annual,Not later than January 1 of each year,provision,https://uscode.house.gov/view.xhtml?req=granuleid:USC-prelim-title36-section50308&num=0&edition=prelim,/us/usc/t36/s50308
36 U.S.C. 60112,the corporation,annual,at the same time as the report of the audit required by section 10101 of this title,provision,https://uscode.house.gov/view.xhtml?req=granuleid:USC-prelim-title36-section60112&num=0&edition=prelim,/us/usc/t36/s60112
36 U.S.C. 70312,the corporation,annual,at the same time as the report of the audit required by section 10101 of this title,provision,https://uscode.house.gov/view.xhtml?req=granuleid:USC-prelim-title36-section70312&num=0&edition=prelim,/us/usc/t36/s70312
36 U.S.C. 80307,the corporation,annual,Not later than April 1 of each year,provision,https://uscode.house.gov/view.xhtml?req=granuleid:USC-prelim-title36-section80307&num=0&edition=prelim,/us/usc/t36/s80307
36 U.S.C. 80512,the corporation,annual,annually,provision,https://uscode.house.gov/view.xhtml?req=granuleid:USC-prelim-title36-section80512&num=0&edition=prelim,/us/usc/t36/s80512
36 U.S.C. 90112,the foundation,annual,As soon as practicable after the end of each fiscal year,provision,https://uscode.house.gov/view.xhtml?req=granuleid:USC-prelim-title36-section90112&num=0&edition=prelim,/us/usc/t36/s90112
37 U.S.C. 1007(c)(3),Director of the Defense Finance and Accounting Service,annual,Not later than January 1 of each of 2017 through 2027,provision,https://uscode.house.gov/view.xhtml?req=granuleid:USC-prelim-title37-section1007&num=0&edition=prelim,/us/usc/t37/s1007/c/3
37 U.S.C. 301a note,Department of Defense,annual,,note,https://uscode.house.gov/view.xhtml?req=granuleid:USC-prelim-title37-section301a&num=0&edition=prelim,/us/usc/t37/s301a/note/1
37 U.S.C. 334(c),the Secretary concerned,annual,during a fiscal year,provision,https://uscode.house.gov/view.xhtml?req=granuleid:USC-prelim-title37-section334&num=0&edition=prelim,/us/usc/t37/s334/c
37 U.S.C. 334(c)(2),the President,annual,for a fiscal year,provision,https://uscode.house.gov/view.xhtml?req=granuleid:USC-prelim-title37-section334&num=0&edition=prelim,/us/usc/t37/s334/c/2
37 U.S.C. 352 note,the Secretary of Defense,annual,during the preceding year,note,https://uscode.house.gov/view.xhtml?req=granuleid:USC-prelim-title37-section352&num=0&edition=prelim,/us/usc/t37/s352/note/2
37 U.S.C. 403b note,the Secretary of Defense,annual,Not later than February 1 of each year,note,https://uscode.house.gov/view.xhtml?req=granuleid:USC-prelim-title37-section403b&num=0&edition=prelim,/us/usc/t37/s403b/note/0
37 U.S.C. 908(d),the Secretaries of the military departments,annual,Not later than January 31 each year,provision,https://uscode.house.gov/view.xhtml?req=granuleid:USC-prelim-title37-section908&num=0&edition=prelim,/us/usc/t37/s908/d
38 U.S.C. 1119(b),the Secretary,biennial,not later than two years after the date of the enactment of the Sergeant First Class Heath Robinson Honoring our Promise to Address Comprehensive Toxics Act of 2022,provision,https://uscode.house.gov/view.xhtml?req=granuleid:USC-prelim-title38-section1119&num=0&edition=prelim,/us/usc/t38/s1119/b
38 U.S.C. 1172(e),the Working Group,annual,not less frequently than once each year,provision,https://uscode.house.gov/view.xhtml?req=granuleid:USC-prelim-title38-section1172&num=0&edition=prelim,/us/usc/t38/s1172/e
38 U.S.C. 1176(g)(2),"National Academies of Sciences, Engineering, and Medicine",biennial,not less frequently than once every two years after the date on which the initial report is submitted under paragraph (1)(A),provision,https://uscode.house.gov/view.xhtml?req=granuleid:USC-prelim-title38-section1176&num=0&edition=prelim,/us/usc/t38/s1176/g/2
38 U.S.C. 1703G,the Secretary,quarterly,quarterly,provision,https://uscode.house.gov/view.xhtml?req=granuleid:USC-prelim-title38-section1703G&num=0&edition=prelim,/us/usc/t38/s1703G
38 U.S.C. 1704,the Secretary,annual,Not later than October 31 each year,provision,https://uscode.house.gov/view.xhtml?req=granuleid:USC-prelim-title38-section1704&num=0&edition=prelim,/us/usc/t38/s1704
38 U.S.C. 1709(d),the Secretary,annual,not later than 60 days after the date on which the Secretary develops the policy required by subsection (a) and not later than October 1 of each year thereafter,provision,https://uscode.house.gov/view.xhtml?req=granuleid:USC-prelim-title38-section1709&num=0&edition=prelim,/us/usc/t38/s1709/d
38 U.S.C. 1709B(b),the Secretary,annual,"December 1, 2018, and each year thereafter",provision,https://uscode.house.gov/view.xhtml?req=granuleid:USC-prelim-title38-section1709B&num=0&edition=prelim,/us/usc/t38/s1709B/b
38 U.S.C. 1710D,the Secretary,annual,"not later than one year after the date of the enactment of this section, and annually thereafter",provision,https://uscode.house.gov/view.xhtml?req=granuleid:USC-prelim-title38-section1710D&num=0&edition=prelim,/us/usc/t38/s1710D
38 U.S.C. 1720G(a)(15),the Secretary,annual,not less frequently than annually,provision,https://uscode.house.gov/view.xhtml?req=granuleid:USC-prelim-title38-section1720G&num=0&edition=prelim,/us/usc/t38/s1720G/a/15
38 U.S.C. 1720G note,the Secretary,annual,Not later than 2 years after the date described in subsection (a)(3)(A) and annually thereafter,note,https://uscode.house.gov/view.xhtml?req=granuleid:USC-prelim-title38-section1720G&num=0&edition=prelim,/us/usc/t38/s1720G/note/5
38 U.S.C. 1720I(f),the Secretary,annual,February 15 each year,provision,https://uscode.house.gov/view.xhtml?req=granuleid:USC-prelim-title38-section1720I&num=0&edition=prelim,/us/usc/t38/s1720I/f
38 U.S.C. 1720J(g),the Secretary,annual,not less than once each year,provision,https://uscode.house.gov/view.xhtml?req=granuleid:USC-prelim-title38-section1720J&num=0&edition=prelim,/us/usc/t38/s1720J/g
38 U.S.C. 1720K(g),the Secretary,annual,,provision,https://uscode.house.gov/view.xhtml?req=granuleid:USC-prelim-title38-section1720K&num=0&edition=prelim,/us/usc/t38/s1720K/g
38 U.S.C. 1720K(m),the Secretary,annual,as submitted with the budget of the President,provision,https://uscode.house.gov/view.xhtml?req=granuleid:USC-prelim-title38-section1720K&num=0&edition=prelim,/us/usc/t38/s1720K/m
38 U.S.C. 2022A(g),the Secretary,biennial,not less frequently than once every two years,provision,https://uscode.house.gov/view.xhtml?req=granuleid:USC-prelim-title38-section2022A&num=0&edition=prelim,/us/usc/t38/s2022A/g
38 U.S.C. 2102B,the Secretary,biennial,"Beginning on October 1, 2019",provision,https://uscode.house.gov/view.xhtml?req=granuleid:USC-prelim-title38-section2102B&num=0&edition=prelim,/us/usc/t38/s2102B
38 U.S.C. 2401,Advisory Committee on Cemeteries and Memorials,other,,provision,https://uscode.house.gov/view.xhtml?req=granuleid:USC-prelim-title38-section2401&num=0&edition=prelim,/us/usc/t38/s2401
38 U.S.C. 3122,the Secretary,annual,not later than July 1 of each year covered by the study,provision,https://uscode.house.gov/view.xhtml?req=granuleid:USC-prelim-title38-section3122&num=0&edition=prelim,/us/usc/t38/s3122
38 U.S.C. 317(f),the Secretary,annual,each fiscal year,provision,https://uscode.house.gov/view.xhtml?req=granuleid:USC-prelim-title38-section317&num=0&edition=prelim,/us/usc/t38/s317/f
38 U.S.C. 318(f),the Secretary,annual,each fiscal year,provision,https://uscode.house.gov/view.xhtml?req=granuleid:USC-prelim-title38-section318&num=0&edition=prelim,/us/usc/t38/s318/f
38 U.S.C. 318 note,Secretary of Veterans Affairs,other,"not later than July 1, 1997, and July 1 of each of the two following years",note,https://uscode.house.gov/view.xhtml?req=granuleid:USC-prelim-title38-section318&num=0&edition=prelim,/us/usc/t38/s318/note/0
38 U.S.C. 320(c),Department of Veterans Affairs-Department of Defense Joint Executive Committee,annual,,provision,https://uscode.house.gov/view.xhtml?req=granuleid:USC-prelim-title38-section320&num=0&edition=prelim,/us/usc/t38/s320/c
38 U.S.C. 321,the Secretary,annual,each annual Performance and Accountability report,provision,https://uscode.house.gov/view.xhtml?req=granuleid:USC-prelim-title38-section321&num=0&edition=prelim,/us/usc/t38/s321
38 U.S.C. 323(f),Assistant Secretary; Secretary,annual,June 30 of each calendar year; 60 days after receiving recommendation for disciplinary action,provision,https://uscode.house.gov/view.xhtml?req=granuleid:USC-prelim-title38-section323&num=0&edition=prelim,/us/usc/t38/s323/f
38 U.S.C. 324(e),the Secretary,annual,in documents submitted to Congress in support of the President’s budget,provision,https://uscode.house.gov/view.xhtml?req=granuleid:USC-prelim-title38-section324&num=0&edition=prelim,/us/usc/t38/s324/e
38 U.S.C. 325(d),the Secretary,annual,not later than 180 days after the date on which the Secretary receives the summary under paragraph (1),provision,https://uscode.house.gov/view.xhtml?req=granuleid:USC-prelim-title38-section325&num=0&edition=prelim,/us/usc/t38/s325/d
38 U.S.C. 3679(f)(6),the Secretary,annual,October 1 of each year,provision,https://uscode.house.gov/view.xhtml?req=granuleid:USC-prelim-title38-section3679&num=0&edition=prelim,/us/usc/t38/s3679/f/6
38 U.S.C. 3680 note,the Secretary of Veterans Affairs,semiannual,Not later than May 1 and October 1 of each year,note,https://uscode.house.gov/view.xhtml?req=granuleid:USC-prelim-title38-section3680&num=0&edition=prelim,/us/usc/t38/s3680/note/3
38 U.S.C. 3699C(f),the Secretary,annual,"Not later than one year after the date of the enactment of this section, and annually thereafter until the termination date specified in subsection (i)",provision,https://uscode.house.gov/view.xhtml?req=granuleid:USC-prelim-title38-section3699C&num=0&edition=prelim,/us/usc/t38/s3699C/f
38 U.S.C. 3731(f),the Secretary,annual,Not later than April 30 of each year following a year in which the Secretary authorizes lenders to determine reasonable value of property under this subsection,provision,https://uscode.house.gov/view.xhtml?req=granuleid:USC-prelim-title38-section3731&num=0&edition=prelim,/us/usc/t38/s3731/f
38 U.S.C. 3734,Secretary of Veterans Affairs,annual,in conjunction with the President’s budget submission,provision,https://uscode.house.gov/view.xhtml?req=granuleid:USC-prelim-title38-section3734&num=0&edition=prelim,/us/usc/t38/s3734
38 U.S.C. 4107(b),the Secretary,annual,Not later than February 1 of each year,provision,https://uscode.house.gov/view.xhtml?req=granuleid:USC-prelim-title38-section4107&num=0&edition=prelim,/us/usc/t38/s4107/b
38 U.S.C. 4107(c),the Secretary,annual,Not later than February 1 of each year,provision,https://uscode.house.gov/view.xhtml?req=granuleid:USC-prelim-title38-section4107&num=0&edition=prelim,/us/usc/t38/s4107/c
38 U.S.C. 4110(f),"advisory committee on Veterans Employment, Training, and Employer Outreach",annual,December 31 of each year,provision,https://uscode.house.gov/view.xhtml?req=granuleid:USC-prelim-title38-section4110&num=0&edition=prelim,/us/usc/t38/s4110/f
38 U.S.C. 4110(g),Secretary of Labor,annual,Within 60 days after receiving each annual report referred to in subsection (f)(1),provision,https://uscode.house.gov/view.xhtml?req=granuleid:USC-prelim-title38-section4110&num=0&edition=prelim,/us/usc/t38/s4110/g
38 U.S.C. 4110A,The Secretary,annual,promptly,provision,https://uscode.house.gov/view.xhtml?req=granuleid:USC-prelim-title38-section4110A&num=0&edition=prelim,/us/usc/t38/s4110A
38 U.S.C. 4115,the Secretary,annual,not later than July 1 of each year covered by the study,provision,https://uscode.house.gov/view.xhtml?req=granuleid:USC-prelim-title38-section4115&num=0&edition=prelim,/us/usc/t38/s4115
38 U.S.C. 517,the Secretary,quarterly,not later than 30 days after the end of each fiscal quarter,provision,https://uscode.house.gov/view.xhtml?req=granuleid:USC-prelim-title38-section517&num=0&edition=prelim,/us/usc/t38/s517
38 U.S.C. 517(b),the Department,quarterly,each fiscal quarter,provision,https://uscode.house.gov/view.xhtml?req=granuleid:USC-prelim-title38-section517&num=0&edition=prelim,/us/usc/t38/s517/b
38 U.S.C. 530(a),the Secretary,annual,at the time that the President submits the budget for the next fiscal year under section 1105 of title 31,provision,https://uscode.house.gov/view.xhtml?req=granuleid:USC-prelim-title38-section530&num=0&edition=prelim,/us/usc/t38/s530/a
38 U.S.C. 533(f),the Secretary,annual,annual,provision,https://uscode.house.gov/view.xhtml?req=granuleid:USC-prelim-title38-section533&num=0&edition=prelim,/us/usc/t38/s533/f
38 U.S.C. 543,Advisory Committee on Prosthetics and Special-Disabilities Programs; Secretary of the Department,annual,"Not later than January 15 of 1993, 1994, and 1995; within 60 days of receipt by Secretary",provision,https://uscode.house.gov/view.xhtml?req=granuleid:USC-prelim-title38-section543&num=0&edition=prelim,/us/usc/t38/s543
38 U.S.C. 543(d),Advisory Committee on Prosthetics and Special-Disabilities Programs; Secretary of Veterans Affairs,annual,"January 15 of 1993, 1994, and 1995; Not more than 60 days after the date on which any such report is received by the Secretary",provision,https://uscode.house.gov/view.xhtml?req=granuleid:USC-prelim-title38-section543&num=0&edition=prelim,/us/usc/t38/s543/d
38 U.S.C. 545,Secretary,annual,90 days after receipt of Committee report,provision,https://uscode.house.gov/view.xhtml?req=granuleid:USC-prelim-title38-section545&num=0&edition=prelim,/us/usc/t38/s545
38 U.S.C. 546(e),the Secretary,biennial,not later than 90 days after the receipt of a report required under subsection (d)(1),provision,https://uscode.house.gov/view.xhtml?req=granuleid:USC-prelim-title38-section546&num=0&edition=prelim,/us/usc/t38/s546/e
38 U.S.C. 548(h),Advisory Committee on United States Outlying Areas and Freely Associated States; Secretary,biennial,Not less frequently than once every two years; 120 days after Secretary receives Committee report,provision,https://uscode.house.gov/view.xhtml?req=granuleid:USC-prelim-title38-section548&num=0&edition=prelim,/us/usc/t38/s548/h
38 U.S.C. 5723(a),Secretary of Veterans Affairs,annual,not later than March 1 each year,provision,https://uscode.house.gov/view.xhtml?req=granuleid:USC-prelim-title38-section5723&num=0&edition=prelim,/us/usc/t38/s5723/a
38 U.S.C. 5726,the Secretary,quarterly,not later than 30 days after the last day of a fiscal quarter; promptly following discovery and mitigation,provision,https://uscode.house.gov/view.xhtml?req=granuleid:USC-prelim-title38-section5726&num=0&edition=prelim,/us/usc/t38/s5726
38 U.S.C. 5726(a)(2),the Administration and facility of the Department,quarterly,quarterly,provision,https://uscode.house.gov/view.xhtml?req=granuleid:USC-prelim-title38-section5726&num=0&edition=prelim,/us/usc/t38/s5726/a/2
38 U.S.C. 6307(k),the Secretary,annual,not less frequently than annually during the life of the grant program,provision,https://uscode.house.gov/view.xhtml?req=granuleid:USC-prelim-title38-section6307&num=0&edition=prelim,/us/usc/t38/s6307/k
38 U.S.C. 704(d),the Secretary,quarterly,For each quarter that the Secretary waives a limitation,provision,https://uscode.house.gov/view.xhtml?req=granuleid:USC-prelim-title38-section704&num=0&edition=prelim,/us/usc/t38/s704/d
38 U.S.C. 706(d)(7),the Secretary,annual,not later than one year after the date of the enactment of the Protecting Regular Order for Veterans Act of 2025,provision,https://uscode.house.gov/view.xhtml?req=granuleid:USC-prelim-title38-section706&num=0&edition=prelim,/us/usc/t38/s706/d/7
38 U.S.C. 7288,the chief judge of the Court,annual,each year,provision,https://uscode.house.gov/view.xhtml?req=granuleid:USC-prelim-title38-section7288&num=0&edition=prelim,/us/usc/t38/s7288
38 U.S.C. 7303 note,Secretary of Veterans Affairs,annual,"Not later than 90 days after the completion of the policy revisions under subsection (a), and annually thereafter",note,https://uscode.house.gov/view.xhtml?req=granuleid:USC-prelim-title38-section7303&num=0&edition=prelim,/us/usc/t38/s7303/note/1
38 U.S.C. 7307(f),Director of the Office of Research Oversight,annual,March 15 each year,provision,https://uscode.house.gov/view.xhtml?req=granuleid:USC-prelim-title38-section7307&num=0&edition=prelim,/us/usc/t38/s7307/f
38 U.S.C. 7310A(a),Chief Officer of Women’s Health,annual,December 1 of each year,provision,https://uscode.house.gov/view.xhtml?req=granuleid:USC-prelim-title38-section7310A&num=0&edition=prelim,/us/usc/t38/s7310A/a
38 U.S.C. 7310A(b),Office of Women's Health,annual,annual,provision,https://uscode.house.gov/view.xhtml?req=granuleid:USC-prelim-title38-section7310A&num=0&edition=prelim,/us/usc/t38/s7310A/b
38 U.S.C. 7310A(b)(4),Department of Veterans Affairs (implied by context of Office of Women's Health),annual,,provision,https://uscode.house.gov/view.xhtml?req=granuleid:USC-prelim-title38-section7310A&num=0&edition=prelim,/us/usc/t38/s7310A/b/4
38 U.S.C. 7321A,the Secretary,annual,"Not later than June 1, 2010, and each year thereafter",provision,https://uscode.house.gov/view.xhtml?req=granuleid:USC-prelim-title38-section7321A&num=0&edition=prelim,/us/usc/t38/s7321A
38 U.S.C. 7366,the Secretary,annual,annual,provision,https://uscode.house.gov/view.xhtml?req=granuleid:USC-prelim-title38-section7366&num=0&edition=prelim,/us/usc/t38/s7366
38 U.S.C. 7414 note,Secretary of Veterans Affairs,annual,"not later than one year after the date of the enactment of this Act, and annually thereafter for five years",note,https://uscode.house.gov/view.xhtml?req=granuleid:USC-prelim-title38-section7414&num=0&edition=prelim,/us/usc/t38/s7414/note/1
38 U.S.C. 7423(c),the affiliated institution,semiannual,semiannually,provision,https://uscode.house.gov/view.xhtml?req=granuleid:USC-prelim-title38-section7423&num=0&edition=prelim,/us/usc/t38/s7423/c
38 U.S.C. 7451(c),the Secretary,annual,not less than once per fiscal year,provision,https://uscode.house.gov/view.xhtml?req=granuleid:USC-prelim-title38-section7451&num=0&edition=prelim,/us/usc/t38/s7451/c
38 U.S.C. 7451(c)(1),the Secretary,event-driven,in the next annual report required by subsection (g),provision,https://uscode.house.gov/view.xhtml?req=granuleid:USC-prelim-title38-section7451&num=0&edition=prelim,/us/usc/t38/s7451/c/1
38 U.S.C. 7451(e)(5),the Secretary,annual,Not later than September 30 of each year,provision,https://uscode.house.gov/view.xhtml?req=granuleid:USC-prelim-title38-section7451&num=0&edition=prelim,/us/usc/t38/s7451/e/5
38 U.S.C. 7458(e),the Secretary,event-driven,promptly upon making such determination,provision,https://uscode.house.gov/view.xhtml?req=granuleid:USC-prelim-title38-section7458&num=0&edition=prelim,/us/usc/t38/s7458/e
38 U.S.C. 7632,the Secretary,annual,Not later than March 1 of each year,provision,https://uscode.house.gov/view.xhtml?req=granuleid:USC-prelim-title38-section7632&num=0&edition=prelim,/us/usc/t38/s7632
38 U.S.C. 8119,the Secretary,annual,not later than the date on which the budget for the next fiscal year is submitted to the Congress under section 1105 of title 31,provision,https://uscode.house.gov/view.xhtml?req=granuleid:USC-prelim-title38-section8119&num=0&edition=prelim,/us/usc/t38/s8119
38 U.S.C. 8120,the Secretary,quarterly,not later than 30 days after the last day of each fiscal quarter,provision,https://uscode.house.gov/view.xhtml?req=granuleid:USC-prelim-title38-section8120&num=0&edition=prelim,/us/usc/t38/s8120
38 U.S.C. 8153(g),the Secretary,annual,not later than February 1 of each year,provision,https://uscode.house.gov/view.xhtml?req=granuleid:USC-prelim-title38-section8153&num=0&edition=prelim,/us/usc/t38/s8153/g
38 U.S.C. 8168,the Secretary,annual,not later than 120 days after the date of the enactment of the Honoring America’s Veterans and Caring for Camp Lejeune Families Act of 2012,provision,https://uscode.house.gov/view.xhtml?req=granuleid:USC-prelim-title38-section8168&num=0&edition=prelim,/us/usc/t38/s8168
38 U.S.C. 8172(b),the Secretary,annual,in conjunction with the President’s budget submission,provision,https://uscode.house.gov/view.xhtml?req=granuleid:USC-prelim-title38-section8172&num=0&edition=prelim,/us/usc/t38/s8172/b
38 U.S.C. 8174,"The Secretary, acting through the Chief Information Officer of the Department",annual,annual,provision,https://uscode.house.gov/view.xhtml?req=granuleid:USC-prelim-title38-section8174&num=0&edition=prelim,/us/usc/t38/s8174
38 U.S.C. 8175(a),the Secretary,annual,whenever the budget justification materials are submitted to Congress,provision,https://uscode.house.gov/view.xhtml?req=granuleid:USC-prelim-title38-section8175&num=0&edition=prelim,/us/usc/t38/s8175/a
39 U.S.C. 2402,the Board,annual,annual,provision,https://uscode.house.gov/view.xhtml?req=granuleid:USC-prelim-title39-section2402&num=0&edition=prelim,/us/usc/t39/s2402
39 U.S.C. 3216(e),Postmaster General,quarterly,"Not later than two weeks after the last day of each quarter of the fiscal year, or as soon as practicable thereafter",provision,https://uscode.house.gov/view.xhtml?req=granuleid:USC-prelim-title39-section3216&num=0&edition=prelim,/us/usc/t39/s3216/e
39 U.S.C. 3216(e)(2),Postmaster General,semiannual,"Two weeks after the close of the second quarter of the fiscal year, or as soon as practicable thereafter",provision,https://uscode.house.gov/view.xhtml?req=granuleid:USC-prelim-title39-section3216&num=0&edition=prelim,/us/usc/t39/s3216/e/2
39 U.S.C. 3651,Postal Regulatory Commission,annual,annual,provision,https://uscode.house.gov/view.xhtml?req=granuleid:USC-prelim-title39-section3651&num=0&edition=prelim,/us/usc/t39/s3651
39 U.S.C. 414 note,National Institutes of Health and the Department of Defense,annual,during the year covered by the report,note,https://uscode.house.gov/view.xhtml?req=granuleid:USC-prelim-title39-section414&num=0&edition=prelim,/us/usc/t39/s414/note/0
39 U.S.C. 416 note,"Each agency that receives any funding in a year under section 416 of title 39, United States Code",annual,with respect to such year,note,https://uscode.house.gov/view.xhtml?req=granuleid:USC-prelim-title39-section416&num=0&edition=prelim,/us/usc/t39/s416/note/3
40 U.S.C. 11313,head of an executive agency,annual,annual,provision,https://uscode.house.gov/view.xhtml?req=granuleid:USC-prelim-title40-section11313&num=0&edition=prelim,/us/usc/t40/s11313
40 U.S.C. 14310,Appalachian Regional Commission,annual,Not later than six months after the close of each fiscal year,provision,https://uscode.house.gov/view.xhtml?req=granuleid:USC-prelim-title40-section14310&num=0&edition=prelim,/us/usc/t40/s14310
40 U.S.C. 14526,Appalachian Regional Commission,annual,annual,provision,https://uscode.house.gov/view.xhtml?req=granuleid:USC-prelim-title40-section14526&num=0&edition=prelim,/us/usc/t40/s14526
40 U.S.C. 14526(c),the Commission,annual,,provision,https://uscode.house.gov/view.xhtml?req=granuleid:USC-prelim-title40-section14526&num=0&edition=prelim,/us/usc/t40/s14526/c
40 U.S.C. 15309,each Commission,annual,not later than 180 days after the last day of each fiscal year,provision,https://uscode.house.gov/view.xhtml?req=granuleid:USC-prelim-title40-section15309&num=0&edition=prelim,/us/usc/t40/s15309
40 U.S.C. 17505,the President,annual,"with the budget transmitted under section 1105 of title 31 for each fiscal year, or in a separate written report to Congress for that fiscal year",provision,https://uscode.house.gov/view.xhtml?req=granuleid:USC-prelim-title40-section17505&num=0&edition=prelim,/us/usc/t40/s17505
40 U.S.C. 321(h),the Administrator,annual,Not later than September 30 of each year,provision,https://uscode.house.gov/view.xhtml?req=granuleid:USC-prelim-title40-section321&num=0&edition=prelim,/us/usc/t40/s321/h
40 U.S.C. 323,Administrator of General Services,annual,Not later than September 30 of each year,provision,https://uscode.house.gov/view.xhtml?req=granuleid:USC-prelim-title40-section323&num=0&edition=prelim,/us/usc/t40/s323
40 U.S.C. 3305,Administrator of General Services,event-driven,expeditiously,provision,https://uscode.house.gov/view.xhtml?req=granuleid:USC-prelim-title40-section3305&num=0&edition=prelim,/us/usc/t40/s3305
40 U.S.C. 3305(b),The Administrator,annual,after annual adjustment of the dollar amount,provision,https://uscode.house.gov/view.xhtml?req=granuleid:USC-prelim-title40-section3305&num=0&edition=prelim,/us/usc/t40/s3305/b
40 U.S.C. 3305(b)(2),The Administrator,event-driven,expeditiously,provision,https://uscode.house.gov/view.xhtml?req=granuleid:USC-prelim-title40-section3305&num=0&edition=prelim,/us/usc/t40/s3305/b/2
40 U.S.C. 3305(b)(2)(B),The Administrator,annual,expeditiously,provision,https://uscode.house.gov/view.xhtml?req=granuleid:USC-prelim-title40-section3305&num=0&edition=prelim,/us/usc/t40/s3305/b/2/B
40 U.S.C. 572(a),Administrator of General Services,annual,"annually, in connection with the budget estimate",provision,https://uscode.house.gov/view.xhtml?req=granuleid:USC-prelim-title40-section572&num=0&edition=prelim,/us/usc/t40/s572/a
40 U.S.C. 572(a)(4),the Director,annual,"annually, in connection with the budget estimate",provision,https://uscode.house.gov/view.xhtml?req=granuleid:USC-prelim-title40-section572&num=0&edition=prelim,/us/usc/t40/s572/a/4
40 U.S.C. 572(b),Secretary of Defense,annual,As part of the annual request for authorizations of appropriations,provision,https://uscode.house.gov/view.xhtml?req=granuleid:USC-prelim-title40-section572&num=0&edition=prelim,/us/usc/t40/s572/b
40 U.S.C. 590(g)(5),the entity implementing the subsection,event-driven,advance notice,provision,https://uscode.house.gov/view.xhtml?req=granuleid:USC-prelim-title40-section590&num=0&edition=prelim,/us/usc/t40/s590/g/5
40 U.S.C. 622,Postmaster General,annual,not later than September 30,provision,https://uscode.house.gov/view.xhtml?req=granuleid:USC-prelim-title40-section622&num=0&edition=prelim,/us/usc/t40/s622
40 U.S.C. 623(h),Federal Real Property Council,annual,,provision,https://uscode.house.gov/view.xhtml?req=granuleid:USC-prelim-title40-section623&num=0&edition=prelim,/us/usc/t40/s623/h
41 U.S.C. 1201(e),The Administrator,annual,,provision,https://uscode.house.gov/view.xhtml?req=granuleid:USC-prelim-title41-section1201&num=0&edition=prelim,/us/usc/t41/s1201/e
41 U.S.C. 1325,Chairperson of the Council,annual,Not later than December 31 of each year,provision,https://uscode.house.gov/view.xhtml?req=granuleid:USC-prelim-title41-section1325&num=0&edition=prelim,/us/usc/t41/s1325
42 U.S.C. 1007(k),the Commissioner of Social Security,annual,Within 120 days after the end of each fiscal year,provision,https://uscode.house.gov/view.xhtml?req=granuleid:USC-prelim-title42-section1007&num=0&edition=prelim,/us/usc/t42/s1007/k
42 U.S.C. 10155(d)(5),The Secretary,other,periodically,provision,https://uscode.house.gov/view.xhtml?req=granuleid:USC-prelim-title42-section10155&num=0&edition=prelim,/us/usc/t42/s10155/d/5
42 U.S.C. 10155(f),the Secretary,annual,"not later than 1 year after January 7, 1983",provision,https://uscode.house.gov/view.xhtml?req=granuleid:USC-prelim-title42-section10155&num=0&edition=prelim,/us/usc/t42/s10155/f
42 U.S.C. 10156(f)(1),Secretary of the Treasury,annual,after the preceding fiscal year,provision,https://uscode.house.gov/view.xhtml?req=granuleid:USC-prelim-title42-section10156&num=0&edition=prelim,/us/usc/t42/s10156/f/1
42 U.S.C. 10363(c),the Secretary,other,"Not later than 2 years after March 30, 2009, and every 5 years thereafter",provision,https://uscode.house.gov/view.xhtml?req=granuleid:USC-prelim-title42-section10363&num=0&edition=prelim,/us/usc/t42/s10363/c
42 U.S.C. 10363(c)(4),the Secretary,multi-year,"not later than 2 years after March 30, 2009, and every 5 years thereafter",provision,https://uscode.house.gov/view.xhtml?req=granuleid:USC-prelim-title42-section10363&num=0&edition=prelim,/us/usc/t42/s10363/c/4
42 U.S.C. 10365(c)(1),Secretary of Energy,multi-year,"Not later than 2 years after March 30, 2009, and every 5 years thereafter",provision,https://uscode.house.gov/view.xhtml?req=granuleid:USC-prelim-title42-section10365&num=0&edition=prelim,/us/usc/t42/s10365/c/1
42 U.S.C. 10404(c),Secretary,biennial,Every 2 years,provision,https://uscode.house.gov/view.xhtml?req=granuleid:USC-prelim-title42-section10404&num=0&edition=prelim,/us/usc/t42/s10404/c
42 U.S.C. 11152(a),the Secretary,annual,"annually during the three years after November 14, 1986",provision,https://uscode.house.gov/view.xhtml?req=granuleid:USC-prelim-title42-section11152&num=0&edition=prelim,/us/usc/t42/s11152/a
42 U.S.C. 11313(a)(1),The Council,annual,"not later than 12 months after July 11, 2026",provision,https://uscode.house.gov/view.xhtml?req=granuleid:USC-prelim-title42-section11313&num=0&edition=prelim,/us/usc/t42/s11313/a/1
42 U.S.C. 11313(c),head of each Federal agency that is a member of the Council; the Council,annual,"Within 90 days after July 22, 1987, and annually thereafter",provision,https://uscode.house.gov/view.xhtml?req=granuleid:USC-prelim-title42-section11313&num=0&edition=prelim,/us/usc/t42/s11313/c
42 U.S.C. 11313(c)(2),The Council,annual,,provision,https://uscode.house.gov/view.xhtml?req=granuleid:USC-prelim-title42-section11313&num=0&edition=prelim,/us/usc/t42/s11313/c/2
42 U.S.C. 11313 note,Secretary of Housing and Urban Development and the Secretary of Veterans Affairs,annual,annually,note,https://uscode.house.gov/view.xhtml?req=granuleid:USC-prelim-title42-section11313&num=0&edition=prelim,/us/usc/t42/s11313/note/1
42 U.S.C. 11335,The National Board,annual,annually,provision,https://uscode.house.gov/view.xhtml?req=granuleid:USC-prelim-title42-section11335&num=0&edition=prelim,/us/usc/t42/s11335
42 U.S.C. 11388,the Secretary,annual,not later than 4 months after the end of each fiscal year,provision,https://uscode.house.gov/view.xhtml?req=granuleid:USC-prelim-title42-section11388&num=0&edition=prelim,/us/usc/t42/s11388
42 U.S.C. 11822,the Secretary,annual,Not later than 180 days after the end of a fiscal year for which funds are appropriated to carry out this subchapter,provision,https://uscode.house.gov/view.xhtml?req=granuleid:USC-prelim-title42-section11822&num=0&edition=prelim,/us/usc/t42/s11822
42 U.S.C. 12006,Secretary,annual,"One year after December 11, 1989, and annually thereafter",provision,https://uscode.house.gov/view.xhtml?req=granuleid:USC-prelim-title42-section12006&num=0&edition=prelim,/us/usc/t42/s12006
42 U.S.C. 12006(b),the Secretary,multi-year,"Within one year after October 24, 1992; thereafter, at the time of submittal of the President’s annual budget submission",provision,https://uscode.house.gov/view.xhtml?req=granuleid:USC-prelim-title42-section12006&num=0&edition=prelim,/us/usc/t42/s12006/b
42 U.S.C. 12315,Commissioner,annual,not later than 180 days after the end of each fiscal year,provision,https://uscode.house.gov/view.xhtml?req=granuleid:USC-prelim-title42-section12315&num=0&edition=prelim,/us/usc/t42/s12315
42 U.S.C. 12513(c),Comptroller General of the United States,other,"Not later than 2 years after the development of the performance measures under subsection (a), and every 5 years thereafter",provision,https://uscode.house.gov/view.xhtml?req=granuleid:USC-prelim-title42-section12513&num=0&edition=prelim,/us/usc/t42/s12513/c
42 U.S.C. 12571(e),the Corporation,annual,,provision,https://uscode.house.gov/view.xhtml?req=granuleid:USC-prelim-title42-section12571&num=0&edition=prelim,/us/usc/t42/s12571/e
42 U.S.C. 12601,the Corporation,annual,March 1,provision,https://uscode.house.gov/view.xhtml?req=granuleid:USC-prelim-title42-section12601&num=0&edition=prelim,/us/usc/t42/s12601
42 U.S.C. 12606(a),Chief Executive Officer of the Corporation,annual,annually,provision,https://uscode.house.gov/view.xhtml?req=granuleid:USC-prelim-title42-section12606&num=0&edition=prelim,/us/usc/t42/s12606/a
42 U.S.C. 12632,the Corporation,annual,not later than 120 days after the end of each fiscal year,provision,https://uscode.house.gov/view.xhtml?req=granuleid:USC-prelim-title42-section12632&num=0&edition=prelim,/us/usc/t42/s12632
42 U.S.C. 12651d(c),Chief Executive Officer,annual,,provision,https://uscode.house.gov/view.xhtml?req=granuleid:USC-prelim-title42-section12651d&num=0&edition=prelim,/us/usc/t42/s12651d/c
42 U.S.C. 12651i,Corporation for National and Community Service,annual,during the annual congressional budget justifications,provision,https://uscode.house.gov/view.xhtml?req=granuleid:USC-prelim-title42-section12651i&num=0&edition=prelim,/us/usc/t42/s12651i
42 U.S.C. 12710,the Secretary,annual,"not later than 60 days after November 28, 1990, and annually thereafter",provision,https://uscode.house.gov/view.xhtml?req=granuleid:USC-prelim-title42-section12710&num=0&edition=prelim,/us/usc/t42/s12710
42 U.S.C. 12801,the Secretary,other,,provision,https://uscode.house.gov/view.xhtml?req=granuleid:USC-prelim-title42-section12801&num=0&edition=prelim,/us/usc/t42/s12801
42 U.S.C. 12810,the Secretary,biennial,,provision,https://uscode.house.gov/view.xhtml?req=granuleid:USC-prelim-title42-section12810&num=0&edition=prelim,/us/usc/t42/s12810
42 U.S.C. 1306c(b),Secretary of Commerce,annual,annual basis,provision,https://uscode.house.gov/view.xhtml?req=granuleid:USC-prelim-title42-section1306c&num=0&edition=prelim,/us/usc/t42/s1306c/b
42 U.S.C. 1314a(d),the Secretary,annual,during the first 60 days of each regular session of Congress,provision,https://uscode.house.gov/view.xhtml?req=granuleid:USC-prelim-title42-section1314a&num=0&edition=prelim,/us/usc/t42/s1314a/d
42 U.S.C. 1320a-7g,Inspector General of the Department of Health and Human Services,annual,Not later than September 30 of 2009 and of each subsequent year,provision,https://uscode.house.gov/view.xhtml?req=granuleid:USC-prelim-title42-section1320a-7g&num=0&edition=prelim,/us/usc/t42/s1320a–7g
42 U.S.C. 13235(c),the Secretary,annual,,provision,https://uscode.house.gov/view.xhtml?req=granuleid:USC-prelim-title42-section13235&num=0&edition=prelim,/us/usc/t42/s13235/c
42 U.S.C. 13255,the Secretary,periodic,,provision,https://uscode.house.gov/view.xhtml?req=granuleid:USC-prelim-title42-section13255&num=0&edition=prelim,/us/usc/t42/s13255
42 U.S.C. 13285(a),the Secretary,annual,,provision,https://uscode.house.gov/view.xhtml?req=granuleid:USC-prelim-title42-section13285&num=0&edition=prelim,/us/usc/t42/s13285/a
42 U.S.C. 13315,Secretary of Commerce,biennial,"not later than June 1, 1993",provision,https://uscode.house.gov/view.xhtml?req=granuleid:USC-prelim-title42-section13315&num=0&edition=prelim,/us/usc/t42/s13315
42 U.S.C. 13316(k),The Secretary and the Administrator of the Agency for International Development,annual,,provision,https://uscode.house.gov/view.xhtml?req=granuleid:USC-prelim-title42-section13316&num=0&edition=prelim,/us/usc/t42/s13316/k
42 U.S.C. 13331(d),the Secretary,biennial,"Within one year after transmittal of the report described in subsection (c), and every 2 years thereafter for a period of 6 years",provision,https://uscode.house.gov/view.xhtml?req=granuleid:USC-prelim-title42-section13331&num=0&edition=prelim,/us/usc/t42/s13331/d
42 U.S.C. 13362(k),The Secretary and the Administrator of the Agency for International Development,annual,,provision,https://uscode.house.gov/view.xhtml?req=granuleid:USC-prelim-title42-section13362&num=0&edition=prelim,/us/usc/t42/s13362/k
42 U.S.C. 13387(l),The Secretary and the Administrator of the Agency for International Development,annual,,provision,https://uscode.house.gov/view.xhtml?req=granuleid:USC-prelim-title42-section13387&num=0&edition=prelim,/us/usc/t42/s13387/l
42 U.S.C. 13435(b),the Secretary,biennial,"not later than 180 days after October 24, 1992",provision,https://uscode.house.gov/view.xhtml?req=granuleid:USC-prelim-title42-section13435&num=0&edition=prelim,/us/usc/t42/s13435/b
42 U.S.C. 13474,the Secretary,annual,each year,provision,https://uscode.house.gov/view.xhtml?req=granuleid:USC-prelim-title42-section13474&num=0&edition=prelim,/us/usc/t42/s13474
42 U.S.C. 13492,the Secretary,annual,"Within 180 days after October 24, 1992",provision,https://uscode.house.gov/view.xhtml?req=granuleid:USC-prelim-title42-section13492&num=0&edition=prelim,/us/usc/t42/s13492
42 U.S.C. 13501,the Secretary,biennial,"Within 180 days after October 24, 1992",provision,https://uscode.house.gov/view.xhtml?req=granuleid:USC-prelim-title42-section13501&num=0&edition=prelim,/us/usc/t42/s13501
42 U.S.C. 13502,the Secretary,biennial,"Within 180 days after October 24, 1992",provision,https://uscode.house.gov/view.xhtml?req=granuleid:USC-prelim-title42-section13502&num=0&edition=prelim,/us/usc/t42/s13502
42 U.S.C. 13503(b)(3)(H),the Secretary,annual,"Not later than 6 years after January 1, 2021; At the end of each fiscal year",provision,https://uscode.house.gov/view.xhtml?req=granuleid:USC-prelim-title42-section13503&num=0&edition=prelim,/us/usc/t42/s13503/b/3/H
42 U.S.C. 13503(d),the Secretary,annual,"Within 1 year after October 24, 1992",provision,https://uscode.house.gov/view.xhtml?req=granuleid:USC-prelim-title42-section13503&num=0&edition=prelim,/us/usc/t42/s13503/d
42 U.S.C. 13504,qualified entities,annual,October 1 of each year,provision,https://uscode.house.gov/view.xhtml?req=granuleid:USC-prelim-title42-section13504&num=0&edition=prelim,/us/usc/t42/s13504
42 U.S.C. 13504(e),the entities,annual,October 1 of each year,provision,https://uscode.house.gov/view.xhtml?req=granuleid:USC-prelim-title42-section13504&num=0&edition=prelim,/us/usc/t42/s13504/e
42 U.S.C. 13523,the Secretary,biennial,"Within one year after October 24, 1992, for the first plan; thereafter, at the time of submittal of the President's annual budget submission",provision,https://uscode.house.gov/view.xhtml?req=granuleid:USC-prelim-title42-section13523&num=0&edition=prelim,/us/usc/t42/s13523
42 U.S.C. 1395b-1 note,the Secretary of Health and Human Services,biennial,"not later than 2 years after the date the Secretary implements the initial demonstration projects, and biannually thereafter",note,https://uscode.house.gov/view.xhtml?req=granuleid:USC-prelim-title42-section1395b-1&num=0&edition=prelim,/us/usc/t42/s1395b–1/note/6
42 U.S.C. 1395b-1 note,the Secretary of Health and Human Services,biennial,"Not later than 2 years after the Secretary implements the initial demonstration projects under this section, and biannually thereafter",note,https://uscode.house.gov/view.xhtml?req=granuleid:USC-prelim-title42-section1395b-1&num=0&edition=prelim,/us/usc/t42/s1395b–1/note/8
42 U.S.C. 1395i-5(e),the Secretary,annual,At the beginning of each fiscal year,provision,https://uscode.house.gov/view.xhtml?req=granuleid:USC-prelim-title42-section1395i-5&num=0&edition=prelim,/us/usc/t42/s1395i–5/e
42 U.S.C. 1395kk-1(e),the Inspector General of the Department of Health and Human Services,annual,,provision,https://uscode.house.gov/view.xhtml?req=granuleid:USC-prelim-title42-section1395kk-1&num=0&edition=prelim,/us/usc/t42/s1395kk–1/e
42 U.S.C. 1395w-3a(h)(9),the Office of the Inspector General,other,"Not later than 3 years after November 15, 2021",provision,https://uscode.house.gov/view.xhtml?req=granuleid:USC-prelim-title42-section1395w-3a&num=0&edition=prelim,/us/usc/t42/s1395w–3a/h/9
42 U.S.C. 1397k,Elder Justice Coordinating Council,biennial,"not later than the date that is 2 years after March 23, 2010, and every 2 years thereafter",provision,https://uscode.house.gov/view.xhtml?req=granuleid:USC-prelim-title42-section1397k&num=0&edition=prelim,/us/usc/t42/s1397k
42 U.S.C. 1397k-1(f),Advisory Board,annual,"not later than 18 months after March 23, 2010, and annually thereafter",provision,https://uscode.house.gov/view.xhtml?req=granuleid:USC-prelim-title42-section1397k-1&num=0&edition=prelim,/us/usc/t42/s1397k–1/f
42 U.S.C. 1437 note,each receiver or Federal monitor that is currently appointed to oversee a covered public housing agency,annual,not later than October 1 of each year,note,https://uscode.house.gov/view.xhtml?req=granuleid:USC-prelim-title42-section1437&num=0&edition=prelim,/us/usc/t42/s1437/note/4
42 U.S.C. 1437 note,the Secretary,annual,"not later than 1 year after the date of the enactment of this Act, and annually thereafter",note,https://uscode.house.gov/view.xhtml?req=granuleid:USC-prelim-title42-section1437&num=0&edition=prelim,/us/usc/t42/s1437/note/9
42 U.S.C. 1437aaa-8,the Secretary,annual,annually,provision,https://uscode.house.gov/view.xhtml?req=granuleid:USC-prelim-title42-section1437aaa-8&num=0&edition=prelim,/us/usc/t42/s1437aaa–8
42 U.S.C. 1471 note,Secretary of Agriculture,annual,"for each program, citing the actual results achieved in such program for the previous year",note,https://uscode.house.gov/view.xhtml?req=granuleid:USC-prelim-title42-section1471&num=0&edition=prelim,/us/usc/t42/s1471/note/0
42 U.S.C. 1472 note,Secretary of Agriculture,annual,"Not later than 90 days after the date of enactment of this Act, and annually thereafter until the date described in subparagraph (B)",note,https://uscode.house.gov/view.xhtml?req=granuleid:USC-prelim-title42-section1472&num=0&edition=prelim,/us/usc/t42/s1472/note/1
42 U.S.C. 1476(e),Secretary of Agriculture,other,,provision,https://uscode.house.gov/view.xhtml?req=granuleid:USC-prelim-title42-section1476&num=0&edition=prelim,/us/usc/t42/s1476/e
42 U.S.C. 1480(d),the Secretary,annual,,provision,https://uscode.house.gov/view.xhtml?req=granuleid:USC-prelim-title42-section1480&num=0&edition=prelim,/us/usc/t42/s1480/d
42 U.S.C. 1490v,The Secretary,annual,,provision,https://uscode.house.gov/view.xhtml?req=granuleid:USC-prelim-title42-section1490v&num=0&edition=prelim,/us/usc/t42/s1490v
42 U.S.C. 14914(a),the Secretary,annual,Beginning 1 year after the date of the entry into force of the Convention for the United States,provision,https://uscode.house.gov/view.xhtml?req=granuleid:USC-prelim-title42-section14914&num=0&edition=prelim,/us/usc/t42/s14914/a
42 U.S.C. 1553,Secretary of Housing and Urban Development,annual,,provision,https://uscode.house.gov/view.xhtml?req=granuleid:USC-prelim-title42-section1553&num=0&edition=prelim,/us/usc/t42/s1553
42 U.S.C. 15842,Secretary of Housing and Urban Development,biennial,"not later than 1 year after August 8, 2005",provision,https://uscode.house.gov/view.xhtml?req=granuleid:USC-prelim-title42-section15842&num=0&edition=prelim,/us/usc/t42/s15842
42 U.S.C. 15907(f),the Secretary,annual,"not later than 1 year after November 15, 2021",provision,https://uscode.house.gov/view.xhtml?req=granuleid:USC-prelim-title42-section15907&num=0&edition=prelim,/us/usc/t42/s15907/f
42 U.S.C. 15924(e),the Secretary,annual,Not later than February 1 of the first fiscal year beginning after the date of enactment of the National Defense Authorization Act for Fiscal Year 2015 and each February 1 thereafter,provision,https://uscode.house.gov/view.xhtml?req=granuleid:USC-prelim-title42-section15924&num=0&edition=prelim,/us/usc/t42/s15924/e
42 U.S.C. 16104(d),the Administrator,annual,not later than 60 days after the date on which funds are initially awarded under this section,provision,https://uscode.house.gov/view.xhtml?req=granuleid:USC-prelim-title42-section16104&num=0&edition=prelim,/us/usc/t42/s16104/d
42 U.S.C. 16272(a)(3),The Secretary,annual,,provision,https://uscode.house.gov/view.xhtml?req=granuleid:USC-prelim-title42-section16272&num=0&edition=prelim,/us/usc/t42/s16272/a/3
42 U.S.C. 16272(b)(3),advisory committee,annual,,provision,https://uscode.house.gov/view.xhtml?req=granuleid:USC-prelim-title42-section16272&num=0&edition=prelim,/us/usc/t42/s16272/b/3
42 U.S.C. 16278(f),the Secretary,biennial,"Not later than 180 days after September 28, 2018",provision,https://uscode.house.gov/view.xhtml?req=granuleid:USC-prelim-title42-section16278&num=0&edition=prelim,/us/usc/t42/s16278/f
42 U.S.C. 16279(e),the Secretary,biennial,not less frequently than once every 2 years,provision,https://uscode.house.gov/view.xhtml?req=granuleid:USC-prelim-title42-section16279&num=0&edition=prelim,/us/usc/t42/s16279/e
42 U.S.C. 16283(l),the Secretary of State,annual,"Not later than 180 days after December 18, 2025",provision,https://uscode.house.gov/view.xhtml?req=granuleid:USC-prelim-title42-section16283&num=0&edition=prelim,/us/usc/t42/s16283/l
42 U.S.C. 16292(b)(4)(I),the Secretary,annual,"Not later than 180 days after the date on which the Secretary solicits applications under subparagraph (G), and annually thereafter",provision,https://uscode.house.gov/view.xhtml?req=granuleid:USC-prelim-title42-section16292&num=0&edition=prelim,/us/usc/t42/s16292/b/4/I
42 U.S.C. 16292(c)(2),the Secretary,biennial,after the initial report is submitted under paragraph (1),provision,https://uscode.house.gov/view.xhtml?req=granuleid:USC-prelim-title42-section16292&num=0&edition=prelim,/us/usc/t42/s16292/c/2
42 U.S.C. 16298c(b),the Secretary,annual,during the preceding fiscal year,provision,https://uscode.house.gov/view.xhtml?req=granuleid:USC-prelim-title42-section16298c&num=0&edition=prelim,/us/usc/t42/s16298c/b
42 U.S.C. 16391a(a),Secretary of Energy,annual,each year,provision,https://uscode.house.gov/view.xhtml?req=granuleid:USC-prelim-title42-section16391a&num=0&edition=prelim,/us/usc/t42/s16391a/a
42 U.S.C. 16391a(b),the Secretary,multi-year,"not later than 3 years after December 27, 2020, and every 3 years thereafter",provision,https://uscode.house.gov/view.xhtml?req=granuleid:USC-prelim-title42-section16391a&num=0&edition=prelim,/us/usc/t42/s16391a/b
42 U.S.C. 16515,Secretary of Energy,annual,"Not later than 120 days after February 15, 2007, and annually thereafter",provision,https://uscode.house.gov/view.xhtml?req=granuleid:USC-prelim-title42-section16515&num=0&edition=prelim,/us/usc/t42/s16515
42 U.S.C. 16515(c),Comptroller General and Secretary of Energy (via independent auditor),event-driven,every three years,provision,https://uscode.house.gov/view.xhtml?req=granuleid:USC-prelim-title42-section16515&num=0&edition=prelim,/us/usc/t42/s16515/c
42 U.S.C. 16521,the Secretary,annual,,provision,https://uscode.house.gov/view.xhtml?req=granuleid:USC-prelim-title42-section16521&num=0&edition=prelim,/us/usc/t42/s16521
42 U.S.C. 16538(h),Director of ARPA-E,annual,"As part of the annual budget request; Not later than October 1, 2021, and every four years thereafter",provision,https://uscode.house.gov/view.xhtml?req=granuleid:USC-prelim-title42-section16538&num=0&edition=prelim,/us/usc/t42/s16538/h
42 U.S.C. 17063,Secretary of Energy,biennial,"Not later than 2 years after April 30, 2015",provision,https://uscode.house.gov/view.xhtml?req=granuleid:USC-prelim-title42-section17063&num=0&edition=prelim,/us/usc/t42/s17063
42 U.S.C. 17064(f),the Secretary,biennial,"Not later than 2 years after December 27, 2020, and every 2 years thereafter until a total of 3 reports have been made",provision,https://uscode.house.gov/view.xhtml?req=granuleid:USC-prelim-title42-section17064&num=0&edition=prelim,/us/usc/t42/s17064/f
42 U.S.C. 17086(c)(3),the Secretary,multi-year,"Not later than 1 year after December 27, 2020",provision,https://uscode.house.gov/view.xhtml?req=granuleid:USC-prelim-title42-section17086&num=0&edition=prelim,/us/usc/t42/s17086/c/3
42 U.S.C. 17113a(e),the Secretary,biennial,"Not later than 180 days after August 9, 2022",provision,https://uscode.house.gov/view.xhtml?req=granuleid:USC-prelim-title42-section17113a&num=0&edition=prelim,/us/usc/t42/s17113a/e
42 U.S.C. 17113a(h),the Secretary,biennial,not less frequently than once every two years; and upon termination,provision,https://uscode.house.gov/view.xhtml?req=granuleid:USC-prelim-title42-section17113a&num=0&edition=prelim,/us/usc/t42/s17113a/h
42 U.S.C. 17144,Director of the Office of Management and Budget,annual,Not later than April 1 of each year,provision,https://uscode.house.gov/view.xhtml?req=granuleid:USC-prelim-title42-section17144&num=0&edition=prelim,/us/usc/t42/s17144
42 U.S.C. 17173(b),The Secretary,annual,,provision,https://uscode.house.gov/view.xhtml?req=granuleid:USC-prelim-title42-section17173&num=0&edition=prelim,/us/usc/t42/s17173/b
42 U.S.C. 17196,the Secretary,other,"Every 5 years after December 27, 2020; Not later than 1 year after December 27, 2020, and every 2 years thereafter",provision,https://uscode.house.gov/view.xhtml?req=granuleid:USC-prelim-title42-section17196&num=0&edition=prelim,/us/usc/t42/s17196
42 U.S.C. 17196(f),the Secretary,biennial,"Not later than 1 year after December 27, 2020, and every 2 years thereafter",provision,https://uscode.house.gov/view.xhtml?req=granuleid:USC-prelim-title42-section17196&num=0&edition=prelim,/us/usc/t42/s17196/f
42 U.S.C. 17216(h),the Secretary,biennial,"Not later than 1 year after December 27, 2020",provision,https://uscode.house.gov/view.xhtml?req=granuleid:USC-prelim-title42-section17216&num=0&edition=prelim,/us/usc/t42/s17216/h
42 U.S.C. 17284(b),the Administrator,other,,provision,https://uscode.house.gov/view.xhtml?req=granuleid:USC-prelim-title42-section17284&num=0&edition=prelim,/us/usc/t42/s17284/b
42 U.S.C. 17337(c),the Secretary,annual,,provision,https://uscode.house.gov/view.xhtml?req=granuleid:USC-prelim-title42-section17337&num=0&edition=prelim,/us/usc/t42/s17337/c
42 U.S.C. 17354,the Foundation,annual,"March 31, 2008, and each March 31 thereafter",provision,https://uscode.house.gov/view.xhtml?req=granuleid:USC-prelim-title42-section17354&num=0&edition=prelim,/us/usc/t42/s17354
42 U.S.C. 17371,Secretary of State,biennial,"Not later than 180 days after December 19, 2007, and every 2 years thereafter for the following 20 years",provision,https://uscode.house.gov/view.xhtml?req=granuleid:USC-prelim-title42-section17371&num=0&edition=prelim,/us/usc/t42/s17371
42 U.S.C. 17374,"Secretary of State, in consultation with the Secretary of Energy",annual,"Not later than 180 days after December 19, 2007",provision,https://uscode.house.gov/view.xhtml?req=granuleid:USC-prelim-title42-section17374&num=0&edition=prelim,/us/usc/t42/s17374
42 U.S.C. 17375(j),Comptroller General,other,"Not later than 3 years after August 9, 2022, and again 3 years later",provision,https://uscode.house.gov/view.xhtml?req=granuleid:USC-prelim-title42-section17375&num=0&edition=prelim,/us/usc/t42/s17375/j
42 U.S.C. 17375(j)(3),Comptroller General,event-driven,"Not later than 3 years after August 9, 2022, and again 3 years later",provision,https://uscode.house.gov/view.xhtml?req=granuleid:USC-prelim-title42-section17375&num=0&edition=prelim,/us/usc/t42/s17375/j/3
42 U.S.C. 17392(d),the Secretary,annual,"Not later than 180 days after December 27, 2020",provision,https://uscode.house.gov/view.xhtml?req=granuleid:USC-prelim-title42-section17392&num=0&edition=prelim,/us/usc/t42/s17392/d
42 U.S.C. 1753(b)(3)(A),the Secretary,quarterly,"Not later than 90 days after December 13, 2010, and each 90 days thereafter until the Secretary has promulgated interim or final regulations",provision,https://uscode.house.gov/view.xhtml?req=granuleid:USC-prelim-title42-section1753&num=0&edition=prelim,/us/usc/t42/s1753/b/3/A
42 U.S.C. 1758a,the Secretary,semiannual,"December 31, 2008 and June 30 of each year thereafter",provision,https://uscode.house.gov/view.xhtml?req=granuleid:USC-prelim-title42-section1758a&num=0&edition=prelim,/us/usc/t42/s1758a
42 U.S.C. 1758a(a),the Secretary,annual,"December 31, 2008 and June 30 of each year thereafter",provision,https://uscode.house.gov/view.xhtml?req=granuleid:USC-prelim-title42-section1758a&num=0&edition=prelim,/us/usc/t42/s1758a/a
42 U.S.C. 1769d(b)(6),the Secretary,annual,"Not later than December 31, 2013 and each December 31 thereafter until the date on which the last evaluation under subparagraph (A) is completed",provision,https://uscode.house.gov/view.xhtml?req=granuleid:USC-prelim-title42-section1769d&num=0&edition=prelim,/us/usc/t42/s1769d/b/6
42 U.S.C. 1769e(f),the Secretary,annual,"Not later than December 31, 2011 and each December 31 thereafter until the date on which the last evaluation under paragraph (1) is completed",provision,https://uscode.house.gov/view.xhtml?req=granuleid:USC-prelim-title42-section1769e&num=0&edition=prelim,/us/usc/t42/s1769e/f
42 U.S.C. 1779,the Secretary,quarterly,,provision,https://uscode.house.gov/view.xhtml?req=granuleid:USC-prelim-title42-section1779&num=0&edition=prelim,/us/usc/t42/s1779
42 U.S.C. 17903,Secretary of Health and Human Services,annual,"Not later than 2 years after February 17, 2009",provision,https://uscode.house.gov/view.xhtml?req=granuleid:USC-prelim-title42-section17903&num=0&edition=prelim,/us/usc/t42/s17903
42 U.S.C. 17932(i),the Secretary,annual,"Not later than 12 months after February 17, 2009, and annually thereafter",provision,https://uscode.house.gov/view.xhtml?req=granuleid:USC-prelim-title42-section17932&num=0&edition=prelim,/us/usc/t42/s17932/i
42 U.S.C. 17953(a),the Secretary,annual,"For the first year beginning after February 17, 2009, and annually thereafter",provision,https://uscode.house.gov/view.xhtml?req=granuleid:USC-prelim-title42-section17953&num=0&edition=prelim,/us/usc/t42/s17953/a
42 U.S.C. 18013,Secretary of Labor,annual,"Not later than 1 year after March 23, 2010, and annually thereafter",provision,https://uscode.house.gov/view.xhtml?req=granuleid:USC-prelim-title42-section18013&num=0&edition=prelim,/us/usc/t42/s18013
42 U.S.C. 18022(b)(4)(G)(ii),the Secretary,other,periodically,provision,https://uscode.house.gov/view.xhtml?req=granuleid:USC-prelim-title42-section18022&num=0&edition=prelim,/us/usc/t42/s18022/b/4/G/ii
42 U.S.C. 18022(b)(4)(G)(iii),the Secretary,event-driven,,provision,https://uscode.house.gov/view.xhtml?req=granuleid:USC-prelim-title42-section18022&num=0&edition=prelim,/us/usc/t42/s18022/b/4/G/iii
42 U.S.C. 18033(b)(4),Comptroller General,other,Not later than 5 years after the first date on which Exchanges are required to be operational under this title,provision,https://uscode.house.gov/view.xhtml?req=granuleid:USC-prelim-title42-section18033&num=0&edition=prelim,/us/usc/t42/s18033/b/4
42 U.S.C. 18033(b)(5),Comptroller General,other,Not later than 5 years after the first date on which Exchanges are required to be operational under this title,provision,https://uscode.house.gov/view.xhtml?req=granuleid:USC-prelim-title42-section18033&num=0&edition=prelim,/us/usc/t42/s18033/b/5
42 U.S.C. 18042(i)(2),The Comptroller General,biennial,not later than December 31 of each even-numbered year (beginning with 2014),provision,https://uscode.house.gov/view.xhtml?req=granuleid:USC-prelim-title42-section18042&num=0&edition=prelim,/us/usc/t42/s18042/i/2
42 U.S.C. 18382,Administrator,annual,each fiscal year,provision,https://uscode.house.gov/view.xhtml?req=granuleid:USC-prelim-title42-section18382&num=0&edition=prelim,/us/usc/t42/s18382
42 U.S.C. 18405(d),The Administrator,annual,annually,provision,https://uscode.house.gov/view.xhtml?req=granuleid:USC-prelim-title42-section18405&num=0&edition=prelim,/us/usc/t42/s18405/d
42 U.S.C. 18442,the Administrator,annual,"Not later than 90 days after October 11, 2010, and not later than April 30 of each year thereafter",provision,https://uscode.house.gov/view.xhtml?req=granuleid:USC-prelim-title42-section18442&num=0&edition=prelim,/us/usc/t42/s18442
42 U.S.C. 18445,chief information officer of NASA,biennial,"Not later than 120 days after October 11, 2010",provision,https://uscode.house.gov/view.xhtml?req=granuleid:USC-prelim-title42-section18445&num=0&edition=prelim,/us/usc/t42/s18445
42 U.S.C. 18614,the Secretary,other,"Not later than 1 year after September 28, 2018, and as often as the Secretary determines to be necessary thereafter",provision,https://uscode.house.gov/view.xhtml?req=granuleid:USC-prelim-title42-section18614&num=0&edition=prelim,/us/usc/t42/s18614
42 U.S.C. 18615(g)(2),The Secretary,annual,,provision,https://uscode.house.gov/view.xhtml?req=granuleid:USC-prelim-title42-section18615&num=0&edition=prelim,/us/usc/t42/s18615/g/2
42 U.S.C. 1862n-3,Director of the Office of Science and Technology Policy,annual,"Not later than 1 year after December 19, 2002, and annually thereafter",provision,https://uscode.house.gov/view.xhtml?req=granuleid:USC-prelim-title42-section1862n-3&num=0&edition=prelim,/us/usc/t42/s1862n–3
42 U.S.C. 1862n-7(d),Director,annual,"not later than 1 year after December 19, 2002",provision,https://uscode.house.gov/view.xhtml?req=granuleid:USC-prelim-title42-section1862n-7&num=0&edition=prelim,/us/usc/t42/s1862n–7/d
42 U.S.C. 1862n-7(e),The Director,annual,"annual; within one year after December 19, 2002",provision,https://uscode.house.gov/view.xhtml?req=granuleid:USC-prelim-title42-section1862n-7&num=0&edition=prelim,/us/usc/t42/s1862n–7/e
42 U.S.C. 1862n-8(a)(3),the Director,multi-year,"Not later than 3 years after December 19, 2002",provision,https://uscode.house.gov/view.xhtml?req=granuleid:USC-prelim-title42-section1862n-8&num=0&edition=prelim,/us/usc/t42/s1862n–8/a/3
42 U.S.C. 1862n-9,Astronomy and Astrophysics Advisory Committee,annual,not later than March 15 of each year,provision,https://uscode.house.gov/view.xhtml?req=granuleid:USC-prelim-title42-section1862n-9&num=0&edition=prelim,/us/usc/t42/s1862n–9
42 U.S.C. 1862r(b),Director of the National Science Foundation,annual,annual,provision,https://uscode.house.gov/view.xhtml?req=granuleid:USC-prelim-title42-section1862r&num=0&edition=prelim,/us/usc/t42/s1862r/b
42 U.S.C. 1862s-2(b),Director of the Foundation,annual,annual budget submission,provision,https://uscode.house.gov/view.xhtml?req=granuleid:USC-prelim-title42-section1862s-2&num=0&edition=prelim,/us/usc/t42/s1862s–2/b
42 U.S.C. 1862s-2(b)(2),Director of the National Science Foundation,annual,annual budget submission,provision,https://uscode.house.gov/view.xhtml?req=granuleid:USC-prelim-title42-section1862s-2&num=0&edition=prelim,/us/usc/t42/s1862s–2/b/2
42 U.S.C. 1862s-2(f)(1)(C),Director of the National Science Foundation,other,"not later than 90 days after January 6, 2017, and periodically thereafter until the completion date",provision,https://uscode.house.gov/view.xhtml?req=granuleid:USC-prelim-title42-section1862s-2&num=0&edition=prelim,/us/usc/t42/s1862s–2/f/1/C
42 U.S.C. 1862s-3(b),Deputy Director of the Foundation,annual,annually,provision,https://uscode.house.gov/view.xhtml?req=granuleid:USC-prelim-title42-section1862s-3&num=0&edition=prelim,/us/usc/t42/s1862s–3/b
42 U.S.C. 1862s-6,The Director of the Foundation,annual,,provision,https://uscode.house.gov/view.xhtml?req=granuleid:USC-prelim-title42-section1862s-6&num=0&edition=prelim,/us/usc/t42/s1862s–6
42 U.S.C. 1862s-7(e),Director of the Foundation,annual,annual budget submission,provision,https://uscode.house.gov/view.xhtml?req=granuleid:USC-prelim-title42-section1862s-7&num=0&edition=prelim,/us/usc/t42/s1862s–7/e
42 U.S.C. 1862s-8(c),the Director of the Foundation and participating Federal science agencies,biennial,,provision,https://uscode.house.gov/view.xhtml?req=granuleid:USC-prelim-title42-section1862s-8&num=0&edition=prelim,/us/usc/t42/s1862s–8/c
42 U.S.C. 18647,the Secretary,annual,at the same time as the annual budget submission of the President,provision,https://uscode.house.gov/view.xhtml?req=granuleid:USC-prelim-title42-section18647&num=0&edition=prelim,/us/usc/t42/s18647
42 U.S.C. 18649(d),Secretary of Energy Advisory Board,biennial,"not later than the end of the first fiscal year beginning after August 9, 2022",provision,https://uscode.house.gov/view.xhtml?req=granuleid:USC-prelim-title42-section18649&num=0&edition=prelim,/us/usc/t42/s18649/d
42 U.S.C. 18652(b),the Director,other,"Not later than 2 years after August 9, 2022, and every 3 years thereafter",provision,https://uscode.house.gov/view.xhtml?req=granuleid:USC-prelim-title42-section18652&num=0&edition=prelim,/us/usc/t42/s18652/b
42 U.S.C. 18711(i),the Secretary,biennial,"Not later than 2 years after November 15, 2021, and every 2 years thereafter through 2026",provision,https://uscode.house.gov/view.xhtml?req=granuleid:USC-prelim-title42-section18711&num=0&edition=prelim,/us/usc/t42/s18711/i
42 U.S.C. 19133(a),interagency committee,multi-year,"not later than 12 months after August 9, 2022",provision,https://uscode.house.gov/view.xhtml?req=granuleid:USC-prelim-title42-section19133&num=0&edition=prelim,/us/usc/t42/s19133/a
42 U.S.C. 19133(c)(2),Director of the Office of Science and Technology Policy,annual,as part of the President’s annual budget request to Congress,provision,https://uscode.house.gov/view.xhtml?req=granuleid:USC-prelim-title42-section19133&num=0&edition=prelim,/us/usc/t42/s19133/c/2
42 U.S.C. 19281(b)(5)(E),Foundation for Energy Security and Innovation,annual,"Not later than 1 year after the date on which the Foundation is established, and every year thereafter",provision,https://uscode.house.gov/view.xhtml?req=granuleid:USC-prelim-title42-section19281&num=0&edition=prelim,/us/usc/t42/s19281/b/5/E
42 U.S.C. 19302,the Secretary,annual,,provision,https://uscode.house.gov/view.xhtml?req=granuleid:USC-prelim-title42-section19302&num=0&edition=prelim,/us/usc/t42/s19302
42 U.S.C. 19341,the Secretary,annual,at the same time as the annual budget submission of the President,provision,https://uscode.house.gov/view.xhtml?req=granuleid:USC-prelim-title42-section19341&num=0&edition=prelim,/us/usc/t42/s19341
42 U.S.C. 19502(b)(10)(D),the Secretary,annual,annual,provision,https://uscode.house.gov/view.xhtml?req=granuleid:USC-prelim-title42-section19502&num=0&edition=prelim,/us/usc/t42/s19502/b/10/D
42 U.S.C. 19503(d),the Secretary,annual,"2 years after July 11, 2026",provision,https://uscode.house.gov/view.xhtml?req=granuleid:USC-prelim-title42-section19503&num=0&edition=prelim,/us/usc/t42/s19503/d
42 U.S.C. 19521(c)(6),The Secretary,annual,not later than March 31 of each year,provision,https://uscode.house.gov/view.xhtml?req=granuleid:USC-prelim-title42-section19521&num=0&edition=prelim,/us/usc/t42/s19521/c/6
42 U.S.C. 19521(c)(6)(B),not specified,annual,,provision,https://uscode.house.gov/view.xhtml?req=granuleid:USC-prelim-title42-section19521&num=0&edition=prelim,/us/usc/t42/s19521/c/6/B
42 U.S.C. 19521(e),Comptroller General of the United States; Secretary of Housing and Urban Development,event-driven,"Not later than 2 years after the date on which the prohibition under subsection (b)(1) takes effect, and again not later than 10 years after that date",provision,https://uscode.house.gov/view.xhtml?req=granuleid:USC-prelim-title42-section19521&num=0&edition=prelim,/us/usc/t42/s19521/e
42 U.S.C. 1962b-3,each river basin commission,annual,,provision,https://uscode.house.gov/view.xhtml?req=granuleid:USC-prelim-title42-section1962b-3&num=0&edition=prelim,/us/usc/t42/s1962b–3
42 U.S.C. 1962d-21(a)(2),the Secretary,biennial,"not later than 3 years after August 17, 1999, and every 2 years thereafter",provision,https://uscode.house.gov/view.xhtml?req=granuleid:USC-prelim-title42-section1962d-21&num=0&edition=prelim,/us/usc/t42/s1962d–21/a/2
42 U.S.C. 1962d-5f(d)(2),the Secretary,annual,upon completion of the review described in subsection (b),provision,https://uscode.house.gov/view.xhtml?req=granuleid:USC-prelim-title42-section1962d-5f&num=0&edition=prelim,/us/usc/t42/s1962d–5f/d/2
42 U.S.C. 2000aa-11,the Attorney General,annual,,provision,https://uscode.house.gov/view.xhtml?req=granuleid:USC-prelim-title42-section2000aa-11&num=0&edition=prelim,/us/usc/t42/s2000aa–11
42 U.S.C. 2000e note,Equal Employment Opportunity Commission,annual,,note,https://uscode.house.gov/view.xhtml?req=granuleid:USC-prelim-title42-section2000e&num=0&edition=prelim,/us/usc/t42/s2000e/note/10
42 U.S.C. 2000ee(e),Privacy and Civil Liberties Oversight Board,semiannual,not less than semiannually,provision,https://uscode.house.gov/view.xhtml?req=granuleid:USC-prelim-title42-section2000ee&num=0&edition=prelim,/us/usc/t42/s2000ee/e
42 U.S.C. 2000e-14,Equal Employment Opportunity Commission,annual,On or before October 1,provision,https://uscode.house.gov/view.xhtml?req=granuleid:USC-prelim-title42-section2000e-14&num=0&edition=prelim,/us/usc/t42/s2000e–14
42 U.S.C. 2000e-4(e),Equal Employment Opportunity Commission,annual,at the close of each fiscal year,provision,https://uscode.house.gov/view.xhtml?req=granuleid:USC-prelim-title42-section2000e-4&num=0&edition=prelim,/us/usc/t42/s2000e–4/e
42 U.S.C. 204 note,Secretary of Health and Human Services,annual,,note,https://uscode.house.gov/view.xhtml?req=granuleid:USC-prelim-title42-section204&num=0&edition=prelim,/us/usc/t42/s204/note/0
42 U.S.C. 2077a(a),the Secretary of Energy,annual,At the same time as the President submits to Congress the annual budget request under section 1105 of title 31 for a fiscal year,provision,https://uscode.house.gov/view.xhtml?req=granuleid:USC-prelim-title42-section2077a&num=0&edition=prelim,/us/usc/t42/s2077a/a
42 U.S.C. 2077a(b)(1),the Secretary of Energy,multi-year,"Not later than 90 days after November 25, 2015, and every five years thereafter",provision,https://uscode.house.gov/view.xhtml?req=granuleid:USC-prelim-title42-section2077a&num=0&edition=prelim,/us/usc/t42/s2077a/b/1
42 U.S.C. 2077a(d),the Secretary of Energy,annual,,provision,https://uscode.house.gov/view.xhtml?req=granuleid:USC-prelim-title42-section2077a&num=0&edition=prelim,/us/usc/t42/s2077a/d
42 U.S.C. 2077a(e),the Secretary of Energy,annual,Concurrent with the submission to Congress of the budget of the President for a fiscal year under section 1105(a) of title 31,provision,https://uscode.house.gov/view.xhtml?req=granuleid:USC-prelim-title42-section2077a&num=0&edition=prelim,/us/usc/t42/s2077a/e
42 U.S.C. 2077a(h),the President,annual,"Not later than 180 days after November 25, 2015, and annually thereafter",provision,https://uscode.house.gov/view.xhtml?req=granuleid:USC-prelim-title42-section2077a&num=0&edition=prelim,/us/usc/t42/s2077a/h
42 U.S.C. 2215(a),Nuclear Regulatory Commission,annual,annual,provision,https://uscode.house.gov/view.xhtml?req=granuleid:USC-prelim-title42-section2215&num=0&edition=prelim,/us/usc/t42/s2215/a
42 U.S.C. 2215(e),Nuclear Regulatory Commission,other,"Not later than September 30, 2021",provision,https://uscode.house.gov/view.xhtml?req=granuleid:USC-prelim-title42-section2215&num=0&edition=prelim,/us/usc/t42/s2215/e
42 U.S.C. 2296b-3,the Secretary,annual,,provision,https://uscode.house.gov/view.xhtml?req=granuleid:USC-prelim-title42-section2296b-3&num=0&edition=prelim,/us/usc/t42/s2296b–3
42 U.S.C. 2296b-4,Secretary (acting through the Administrator of the Energy Information Administration),annual,March 1 of each year,provision,https://uscode.house.gov/view.xhtml?req=granuleid:USC-prelim-title42-section2296b-4&num=0&edition=prelim,/us/usc/t42/s2296b–4
42 U.S.C. 2296b-6,the Secretary,annual,"Within 1 year after October 24, 1992, and annually thereafter",provision,https://uscode.house.gov/view.xhtml?req=granuleid:USC-prelim-title42-section2296b-6&num=0&edition=prelim,/us/usc/t42/s2296b–6
42 U.S.C. 2297g,Secretary of the Treasury,annual,during the preceding fiscal year,provision,https://uscode.house.gov/view.xhtml?req=granuleid:USC-prelim-title42-section2297g&num=0&edition=prelim,/us/usc/t42/s2297g
42 U.S.C. 2297h-10b,Secretary of Energy,event-driven,not less than 30 days prior to the provision of uranium,provision,https://uscode.house.gov/view.xhtml?req=granuleid:USC-prelim-title42-section2297h-10b&num=0&edition=prelim,/us/usc/t42/s2297h–10b
42 U.S.C. 2297h-10b(b),Secretary of Energy,annual,not less than 30 days prior to the provision of uranium,provision,https://uscode.house.gov/view.xhtml?req=granuleid:USC-prelim-title42-section2297h-10b&num=0&edition=prelim,/us/usc/t42/s2297h–10b/b
42 U.S.C. 236(e),Orphan Products Board,annual,June 1 of each year for the preceding calendar year,provision,https://uscode.house.gov/view.xhtml?req=granuleid:USC-prelim-title42-section236&num=0&edition=prelim,/us/usc/t42/s236/e
42 U.S.C. 237a(d),the Secretary,biennial,"not later than 1 year after March 23, 2010, and every second year thereafter",provision,https://uscode.house.gov/view.xhtml?req=granuleid:USC-prelim-title42-section237a&num=0&edition=prelim,/us/usc/t42/s237a/d
42 U.S.C. 238j,the Secretary,annual,Not later than February 1 of each year,provision,https://uscode.house.gov/view.xhtml?req=granuleid:USC-prelim-title42-section238j&num=0&edition=prelim,/us/usc/t42/s238j
42 U.S.C. 242c(c),Director of the CDC,multi-year,"Not later than 1 year after December 29, 2022, and at least every 4 years thereafter",provision,https://uscode.house.gov/view.xhtml?req=granuleid:USC-prelim-title42-section242c&num=0&edition=prelim,/us/usc/t42/s242c/c
42 U.S.C. 242c(d),Director of the Centers for Disease Control and Prevention,annual,Each fiscal year,provision,https://uscode.house.gov/view.xhtml?req=granuleid:USC-prelim-title42-section242c&num=0&edition=prelim,/us/usc/t42/s242c/d
42 U.S.C. 242v-3,the Secretary,annual,"Not later than 1 year after December 29, 2022, and annually thereafter",provision,https://uscode.house.gov/view.xhtml?req=granuleid:USC-prelim-title42-section242v-3&num=0&edition=prelim,/us/usc/t42/s242v–3
42 U.S.C. 247b-1(j),the Secretary,annual,Not later than May 1 of each year,provision,https://uscode.house.gov/view.xhtml?req=granuleid:USC-prelim-title42-section247b-1&num=0&edition=prelim,/us/usc/t42/s247b–1/j
42 U.S.C. 247b-18(e)(1)(A),Director of the Centers for Disease Control and Prevention,annual,"Not later than 18 months after October 8, 2008, and annually thereafter",provision,https://uscode.house.gov/view.xhtml?req=granuleid:USC-prelim-title42-section247b-18&num=0&edition=prelim,/us/usc/t42/s247b–18/e/1/A
42 U.S.C. 247b-3(a),Interagency Task Force on the Prevention of Lead Poisoning,annual,not later than May 1 of each year,provision,https://uscode.house.gov/view.xhtml?req=granuleid:USC-prelim-title42-section247b-3&num=0&edition=prelim,/us/usc/t42/s247b–3/a
42 U.S.C. 247b-4(c),the Secretary,biennial,Not later than February 1 of fiscal year 1999 and of every second such year thereafter,provision,https://uscode.house.gov/view.xhtml?req=granuleid:USC-prelim-title42-section247b-4&num=0&edition=prelim,/us/usc/t42/s247b–4/c
42 U.S.C. 247b-4f,"Secretary of Health and Human Services, acting through the Director of the Centers for Disease Control and Prevention",biennial,"Not later than 2 years after November 27, 2013, and every 2 years thereafter",provision,https://uscode.house.gov/view.xhtml?req=granuleid:USC-prelim-title42-section247b-4f&num=0&edition=prelim,/us/usc/t42/s247b–4f
42 U.S.C. 247c-1(o),the Secretary,biennial,"Not later than 1 year after the date on which amounts are first appropriated pursuant to subsection (q), and biennially thereafter",provision,https://uscode.house.gov/view.xhtml?req=granuleid:USC-prelim-title42-section247c-1&num=0&edition=prelim,/us/usc/t42/s247c–1/o
42 U.S.C. 247d-3a(k),the Secretary,biennial,"Not later than 2 years after June 24, 2019, and every 2 years thereafter",provision,https://uscode.house.gov/view.xhtml?req=granuleid:USC-prelim-title42-section247d-3a&num=0&edition=prelim,/us/usc/t42/s247d–3a/k
42 U.S.C. 247d-4(c)(3),the Secretary,other,"Not later than 2 years after June 24, 2019, and every 6 years thereafter",provision,https://uscode.house.gov/view.xhtml?req=granuleid:USC-prelim-title42-section247d-4&num=0&edition=prelim,/us/usc/t42/s247d–4/c/3
42 U.S.C. 247d-4a,Director of the CDC,quarterly,at least 7 days in advance of any transfer or obligation of funds,provision,https://uscode.house.gov/view.xhtml?req=granuleid:USC-prelim-title42-section247d-4a&num=0&edition=prelim,/us/usc/t42/s247d–4a
42 U.S.C. 247d-7f(a)(8),the Attorney General and the Chairman,biennial,not later than one year after the date of enactment of this Act,provision,https://uscode.house.gov/view.xhtml?req=granuleid:USC-prelim-title42-section247d-7f&num=0&edition=prelim,/us/usc/t42/s247d–7f/a/8
42 U.S.C. 254t(f)(1)(D),the Secretary,other,,provision,https://uscode.house.gov/view.xhtml?req=granuleid:USC-prelim-title42-section254t&num=0&edition=prelim,/us/usc/t42/s254t/f/1/D
42 U.S.C. 256e(b)(3)(D),"the Secretary, acting through the Administrator of the Health Resources and Services Administration",other,"not later than the end of fiscal year 2018, and the end of fiscal year 2022",provision,https://uscode.house.gov/view.xhtml?req=granuleid:USC-prelim-title42-section256e&num=0&edition=prelim,/us/usc/t42/s256e/b/3/D
42 U.S.C. 262a(k),the Secretary,annual,"72 hours after event reported (notification); 14 days after notification (update); 1 year after June 24, 2019 (implementation report)",provision,https://uscode.house.gov/view.xhtml?req=granuleid:USC-prelim-title42-section262a&num=0&edition=prelim,/us/usc/t42/s262a/k
42 U.S.C. 263b(e)(6),the Secretary,annual,annually,provision,https://uscode.house.gov/view.xhtml?req=granuleid:USC-prelim-title42-section263b&num=0&edition=prelim,/us/usc/t42/s263b/e/6
42 U.S.C. 273b,Secretary of Health and Human Services,annual,"Not later than 1 year after December 21, 2007",provision,https://uscode.house.gov/view.xhtml?req=granuleid:USC-prelim-title42-section273b&num=0&edition=prelim,/us/usc/t42/s273b
42 U.S.C. 274d,the Secretary,biennial,"not later than 2 years after September 22, 2023",provision,https://uscode.house.gov/view.xhtml?req=granuleid:USC-prelim-title42-section274d&num=0&edition=prelim,/us/usc/t42/s274d
42 U.S.C. 274f(h),the Secretary,annual,"Not later than December 31 of each year, beginning in fiscal year 2027",provision,https://uscode.house.gov/view.xhtml?req=granuleid:USC-prelim-title42-section274f&num=0&edition=prelim,/us/usc/t42/s274f/h
42 U.S.C. 274f-4,the Secretary,biennial,"Not later than December 31, 2005",provision,https://uscode.house.gov/view.xhtml?req=granuleid:USC-prelim-title42-section274f-4&num=0&edition=prelim,/us/usc/t42/s274f–4
42 U.S.C. 280b-2,"the Secretary, acting through the Director of the Centers for Disease Control and Prevention",biennial,Not later than February 1 of 1995 and of every second year thereafter,provision,https://uscode.house.gov/view.xhtml?req=granuleid:USC-prelim-title42-section280b-2&num=0&edition=prelim,/us/usc/t42/s280b–2
42 U.S.C. 280e-11(h)(7),the Foundation,annual,Not later than February 1 of each fiscal year,provision,https://uscode.house.gov/view.xhtml?req=granuleid:USC-prelim-title42-section280e-11&num=0&edition=prelim,/us/usc/t42/s280e–11/h/7
42 U.S.C. 280f note,Secretary of Health and Human Services,annual,not later than 4 years after the date of enactment of this Act,note,https://uscode.house.gov/view.xhtml?req=granuleid:USC-prelim-title42-section280f&num=0&edition=prelim,/us/usc/t42/s280f/note/0
42 U.S.C. 280g-18,the Secretary,annual,,provision,https://uscode.house.gov/view.xhtml?req=granuleid:USC-prelim-title42-section280g-18&num=0&edition=prelim,/us/usc/t42/s280g–18
42 U.S.C. 280j(d),the Secretary,annual,"Not later than January 1, 2011",provision,https://uscode.house.gov/view.xhtml?req=granuleid:USC-prelim-title42-section280j&num=0&edition=prelim,/us/usc/t42/s280j/d
42 U.S.C. 280j note,Interagency Working Group on Health Care Quality,annual,"Not later than December 31, 2010, and annually thereafter",note,https://uscode.house.gov/view.xhtml?req=granuleid:USC-prelim-title42-section280j&num=0&edition=prelim,/us/usc/t42/s280j/note/0
42 U.S.C. 283m(g),Director of the National Institutes of Health,biennial,"Not later than 180 days after November 27, 2013",provision,https://uscode.house.gov/view.xhtml?req=granuleid:USC-prelim-title42-section283m&num=0&edition=prelim,/us/usc/t42/s283m/g
42 U.S.C. 285a-2(b)(9),Director of the Institute,annual,,provision,https://uscode.house.gov/view.xhtml?req=granuleid:USC-prelim-title42-section285a-2&num=0&edition=prelim,/us/usc/t42/s285a–2/b/9
42 U.S.C. 285a-4,President’s Cancer Panel,annual,,provision,https://uscode.house.gov/view.xhtml?req=granuleid:USC-prelim-title42-section285a-4&num=0&edition=prelim,/us/usc/t42/s285a–4
42 U.S.C. 285f-1 note,Secretary of Health and Human Services,annual,"not later than Oct. 1, 1993",note,https://uscode.house.gov/view.xhtml?req=granuleid:USC-prelim-title42-section285f-1&num=0&edition=prelim,/us/usc/t42/s285f–1/note/1
42 U.S.C. 286a(b),Secretary,annual,,provision,https://uscode.house.gov/view.xhtml?req=granuleid:USC-prelim-title42-section286a&num=0&edition=prelim,/us/usc/t42/s286a/b
42 U.S.C. 287d-2,Director of the Office,biennial,"not later than February 1, 1994, and biennially thereafter",provision,https://uscode.house.gov/view.xhtml?req=granuleid:USC-prelim-title42-section287d-2&num=0&edition=prelim,/us/usc/t42/s287d–2
42 U.S.C. 287d-2(b),Director of NIH,biennial,,provision,https://uscode.house.gov/view.xhtml?req=granuleid:USC-prelim-title42-section287d-2&num=0&edition=prelim,/us/usc/t42/s287d–2/b
42 U.S.C. 289g-1(f),the Secretary,annual,annually,provision,https://uscode.house.gov/view.xhtml?req=granuleid:USC-prelim-title42-section289g-1&num=0&edition=prelim,/us/usc/t42/s289g–1/f
42 U.S.C. 290aa-17(e),the Secretary,biennial,"not later than the end of fiscal year 2023, and biennially thereafter",provision,https://uscode.house.gov/view.xhtml?req=granuleid:USC-prelim-title42-section290aa-17&num=0&edition=prelim,/us/usc/t42/s290aa–17/e
42 U.S.C. 290b(j)(4),the Foundation,annual,not later than 5 months following the end of each fiscal year,provision,https://uscode.house.gov/view.xhtml?req=granuleid:USC-prelim-title42-section290b&num=0&edition=prelim,/us/usc/t42/s290b/j/4
42 U.S.C. 290bb-1(p),the Director,biennial,"Not later than October 1, 1994",provision,https://uscode.house.gov/view.xhtml?req=granuleid:USC-prelim-title42-section290bb-1&num=0&edition=prelim,/us/usc/t42/s290bb–1/p
42 U.S.C. 290bb-25g note,the Secretary,biennial,"beginning 2 years after the date of enactment of this Act, and 2 years thereafter",note,https://uscode.house.gov/view.xhtml?req=granuleid:USC-prelim-title42-section290bb-25g&num=0&edition=prelim,/us/usc/t42/s290bb–25g/note/0
42 U.S.C. 290bb-34,the Secretary,annual,"Not later than 2 years after December 29, 2022",provision,https://uscode.house.gov/view.xhtml?req=granuleid:USC-prelim-title42-section290bb-34&num=0&edition=prelim,/us/usc/t42/s290bb–34
42 U.S.C. 290bb-36b(f),the Secretary,annual,For each fiscal year that grants are awarded under this section,provision,https://uscode.house.gov/view.xhtml?req=granuleid:USC-prelim-title42-section290bb-36b&num=0&edition=prelim,/us/usc/t42/s290bb–36b/f
42 U.S.C. 290bb-42(h),the Secretary,annual,"Not later than 18 months after December 29, 2022",provision,https://uscode.house.gov/view.xhtml?req=granuleid:USC-prelim-title42-section290bb-42&num=0&edition=prelim,/us/usc/t42/s290bb–42/h
42 U.S.C. 290ee-3a(f),the Secretary,biennial,"Not later than September 30, 2024",provision,https://uscode.house.gov/view.xhtml?req=granuleid:USC-prelim-title42-section290ee-3a&num=0&edition=prelim,/us/usc/t42/s290ee–3a/f
42 U.S.C. 293d(d),the Secretary,multi-year,"Not later than September 30, 2025",provision,https://uscode.house.gov/view.xhtml?req=granuleid:USC-prelim-title42-section293d&num=0&edition=prelim,/us/usc/t42/s293d/d
42 U.S.C. 293l(d),Advisory Committee on Training in Primary Care Medicine and Dentistry,annual,"not later than 3 years after November 13, 1998, and annually thereafter",provision,https://uscode.house.gov/view.xhtml?req=granuleid:USC-prelim-title42-section293l&num=0&edition=prelim,/us/usc/t42/s293l/d
42 U.S.C. 294f(d),"Advisory Committee on Interdisciplinary, Community-Based Linkages",annual,"not later than 3 years after November 13, 1998",provision,https://uscode.house.gov/view.xhtml?req=granuleid:USC-prelim-title42-section294f&num=0&edition=prelim,/us/usc/t42/s294f/d
42 U.S.C. 294i-1(f),the Secretary,biennial,not later than the end of each of fiscal years 2024 and 2027,provision,https://uscode.house.gov/view.xhtml?req=granuleid:USC-prelim-title42-section294i-1&num=0&edition=prelim,/us/usc/t42/s294i–1/f
42 U.S.C. 294u,the Secretary,annual,"Not later than 2 years after March 18, 2022, and annually thereafter",provision,https://uscode.house.gov/view.xhtml?req=granuleid:USC-prelim-title42-section294u&num=0&edition=prelim,/us/usc/t42/s294u
42 U.S.C. 295h(h),the Secretary,biennial,"Not later than 5 years after October 24, 2018",provision,https://uscode.house.gov/view.xhtml?req=granuleid:USC-prelim-title42-section295h&num=0&edition=prelim,/us/usc/t42/s295h/h
42 U.S.C. 295k(d),the Secretary,biennial,"October 1, 1993",provision,https://uscode.house.gov/view.xhtml?req=granuleid:USC-prelim-title42-section295k&num=0&edition=prelim,/us/usc/t42/s295k/d
42 U.S.C. 296 note,"Secretary of Health, Education, and Welfare",biennial,"October 1, 1979, and October 1 of each odd-numbered year thereafter",note,https://uscode.house.gov/view.xhtml?req=granuleid:USC-prelim-title42-section296&num=0&edition=prelim,/us/usc/t42/s296/note/2
42 U.S.C. 296e(i),the Secretary,biennial,"Not later than September 30, 2020, and biennially thereafter",provision,https://uscode.house.gov/view.xhtml?req=granuleid:USC-prelim-title42-section296e&num=0&edition=prelim,/us/usc/t42/s296e/i
42 U.S.C. 297t(d),National Advisory Council on Nurse Education and Practice,annual,"not later than 2 years after March 27, 2020, and annually thereafter",provision,https://uscode.house.gov/view.xhtml?req=granuleid:USC-prelim-title42-section297t&num=0&edition=prelim,/us/usc/t42/s297t/d
42 U.S.C. 300aa-1 note,Secretary of Health and Human Services,biennial,"June 30, 1987, and on June 30 of each second year thereafter",note,https://uscode.house.gov/view.xhtml?req=granuleid:USC-prelim-title42-section300aa-1&num=0&edition=prelim,/us/usc/t42/s300aa–1/note/4
42 U.S.C. 300b-10(e),Advisory Committee on Heritable Disorders in Newborns and Children,annual,"Not later than 3 years after April 24, 2008, and each fiscal year thereafter",provision,https://uscode.house.gov/view.xhtml?req=granuleid:USC-prelim-title42-section300b-10&num=0&edition=prelim,/us/usc/t42/s300b–10/e
42 U.S.C. 300b-17,Secretary of Health and Human Services,biennial,"not later than 1 year after December 18, 2014",provision,https://uscode.house.gov/view.xhtml?req=granuleid:USC-prelim-title42-section300b-17&num=0&edition=prelim,/us/usc/t42/s300b–17
42 U.S.C. 300cc-1,the Secretary,annual,annually; not less than quarterly for fiscal year 1989,provision,https://uscode.house.gov/view.xhtml?req=granuleid:USC-prelim-title42-section300cc-1&num=0&edition=prelim,/us/usc/t42/s300cc–1
42 U.S.C. 300cc-1(e),not specified,quarterly,not less than quarterly,provision,https://uscode.house.gov/view.xhtml?req=granuleid:USC-prelim-title42-section300cc-1&num=0&edition=prelim,/us/usc/t42/s300cc–1/e
42 U.S.C. 300c-14,Secretary of Health and Human Services,biennial,"Not later than 2 years after December 31, 2020",provision,https://uscode.house.gov/view.xhtml?req=granuleid:USC-prelim-title42-section300c-14&num=0&edition=prelim,/us/usc/t42/s300c–14
42 U.S.C. 300d-52(g),the Secretary,biennial,,provision,https://uscode.house.gov/view.xhtml?req=granuleid:USC-prelim-title42-section300d-52&num=0&edition=prelim,/us/usc/t42/s300d–52/g
42 U.S.C. 300d-73(h),the Secretary,biennial,"Not later than 2 years after December 20, 2019, and every 2 years thereafter",provision,https://uscode.house.gov/view.xhtml?req=granuleid:USC-prelim-title42-section300d-73&num=0&edition=prelim,/us/usc/t42/s300d–73/h
42 U.S.C. 300d-91(e),the Secretary,biennial,Not less than once every 2 years,provision,https://uscode.house.gov/view.xhtml?req=granuleid:USC-prelim-title42-section300d-91&num=0&edition=prelim,/us/usc/t42/s300d–91/e
42 U.S.C. 300ee-22,Secretary,annual,,provision,https://uscode.house.gov/view.xhtml?req=granuleid:USC-prelim-title42-section300ee-22&num=0&edition=prelim,/us/usc/t42/s300ee–22
42 U.S.C. 300e-14,The Secretary,annual,,provision,https://uscode.house.gov/view.xhtml?req=granuleid:USC-prelim-title42-section300e-14&num=0&edition=prelim,/us/usc/t42/s300e–14
42 U.S.C. 300ff-81,the Secretary,biennial,,provision,https://uscode.house.gov/view.xhtml?req=granuleid:USC-prelim-title42-section300ff-81&num=0&edition=prelim,/us/usc/t42/s300ff–81
42 U.S.C. 300ff-82,the Secretary,annual,,provision,https://uscode.house.gov/view.xhtml?req=granuleid:USC-prelim-title42-section300ff-82&num=0&edition=prelim,/us/usc/t42/s300ff–82
42 U.S.C. 300hh,Secretary of Health and Human Services,annual,each fiscal year,provision,https://uscode.house.gov/view.xhtml?req=granuleid:USC-prelim-title42-section300hh&num=0&edition=prelim,/us/usc/t42/s300hh
42 U.S.C. 300hh-1(a)(1),the Secretary,multi-year,Beginning in 2018,provision,https://uscode.house.gov/view.xhtml?req=granuleid:USC-prelim-title42-section300hh-1&num=0&edition=prelim,/us/usc/t42/s300hh–1/a/1
42 U.S.C. 300hh-10(b)(7),Assistant Secretary for Preparedness and Response,annual,March 15 of each year,provision,https://uscode.house.gov/view.xhtml?req=granuleid:USC-prelim-title42-section300hh-10&num=0&edition=prelim,/us/usc/t42/s300hh–10/b/7
42 U.S.C. 300hh-10(d)(1),Assistant Secretary for Preparedness and Response,biennial,"March 15, 2020",provision,https://uscode.house.gov/view.xhtml?req=granuleid:USC-prelim-title42-section300hh-10&num=0&edition=prelim,/us/usc/t42/s300hh–10/d/1
42 U.S.C. 300hh-10(g),Assistant Secretary for Preparedness and Response,annual,Each fiscal year,provision,https://uscode.house.gov/view.xhtml?req=granuleid:USC-prelim-title42-section300hh-10&num=0&edition=prelim,/us/usc/t42/s300hh–10/g
42 U.S.C. 300hh-13,Secretary of Health and Human Services,other,"Not later than 180 days after June 12, 2002, and periodically thereafter",provision,https://uscode.house.gov/view.xhtml?req=granuleid:USC-prelim-title42-section300hh-13&num=0&edition=prelim,/us/usc/t42/s300hh–13
42 U.S.C. 300hh-13(d),the Secretary,periodic,"Not later than 180 days after June 12, 2002",provision,https://uscode.house.gov/view.xhtml?req=granuleid:USC-prelim-title42-section300hh-13&num=0&edition=prelim,/us/usc/t42/s300hh–13/d
42 U.S.C. 300hh-3(i),Director of the Office of Pandemic Preparedness and Response Policy,biennial,"not later than 18 months after December 29, 2022",provision,https://uscode.house.gov/view.xhtml?req=granuleid:USC-prelim-title42-section300hh-3&num=0&edition=prelim,/us/usc/t42/s300hh–3/i
42 U.S.C. 300hh-35,the Secretary,annual,"Not later than 1 year after December 29, 2022, and annually thereafter for each of the subsequent 4 years",provision,https://uscode.house.gov/view.xhtml?req=granuleid:USC-prelim-title42-section300hh-35&num=0&edition=prelim,/us/usc/t42/s300hh–35
42 U.S.C. 300h-8(e),the Administrator,biennial,"Not later than 3 years after August 6, 1996, and every 3 years thereafter",provision,https://uscode.house.gov/view.xhtml?req=granuleid:USC-prelim-title42-section300h-8&num=0&edition=prelim,/us/usc/t42/s300h–8/e
42 U.S.C. 300jj-35,the Secretary,annual,"Not later than 1 year after February 17, 2009, and annually thereafter",provision,https://uscode.house.gov/view.xhtml?req=granuleid:USC-prelim-title42-section300jj-35&num=0&edition=prelim,/us/usc/t42/s300jj–35
42 U.S.C. 300j-1a,Administrator of the Environmental Protection Agency,annual,Each year,provision,https://uscode.house.gov/view.xhtml?req=granuleid:USC-prelim-title42-section300j-1a&num=0&edition=prelim,/us/usc/t42/s300j–1a
42 U.S.C. 300j-27(c),Advisory Committee,annual,Annually for 5 years and thereafter as determined necessary by the Secretary or as required by Congress,provision,https://uscode.house.gov/view.xhtml?req=granuleid:USC-prelim-title42-section300j-27&num=0&edition=prelim,/us/usc/t42/s300j–27/c
42 U.S.C. 300n-4,the Secretary,annual,"not later than 1 year after April 20, 2007, and annually thereafter",provision,https://uscode.house.gov/view.xhtml?req=granuleid:USC-prelim-title42-section300n-4&num=0&edition=prelim,/us/usc/t42/s300n–4
42 U.S.C. 300u-16 note,Secretary of Health and Human Services,annual,Not later than one year after the date of enactment of this Act,note,https://uscode.house.gov/view.xhtml?req=granuleid:USC-prelim-title42-section300u-16&num=0&edition=prelim,/us/usc/t42/s300u–16/note/0
42 U.S.C. 300u-6(f),the Secretary,biennial,Not later than February 1 of fiscal year 1999 and of each second year thereafter,provision,https://uscode.house.gov/view.xhtml?req=granuleid:USC-prelim-title42-section300u-6&num=0&edition=prelim,/us/usc/t42/s300u–6/f
42 U.S.C. 300u-6 note,Secretary of Health and Human Services,biennial,"Not later than 1 year after the date of enactment of this section, and biennially thereafter",note,https://uscode.house.gov/view.xhtml?req=granuleid:USC-prelim-title42-section300u-6&num=0&edition=prelim,/us/usc/t42/s300u–6/note/1
42 U.S.C. 300u-8,The Secretary (via the Surgeon General),biennial,not later than February 1 of 1995 and of every second year thereafter,provision,https://uscode.house.gov/view.xhtml?req=granuleid:USC-prelim-title42-section300u-8&num=0&edition=prelim,/us/usc/t42/s300u–8
42 U.S.C. 3011(d)(3),The Director,annual,,provision,https://uscode.house.gov/view.xhtml?req=granuleid:USC-prelim-title42-section3011&num=0&edition=prelim,/us/usc/t42/s3011/d/3
42 U.S.C. 3011(g),the director,annual,"Not later than December 31, 2020, and annually thereafter",provision,https://uscode.house.gov/view.xhtml?req=granuleid:USC-prelim-title42-section3011&num=0&edition=prelim,/us/usc/t42/s3011/g
42 U.S.C. 3030g-23(b)(2),Assistant Secretary,event-driven,,provision,https://uscode.house.gov/view.xhtml?req=granuleid:USC-prelim-title42-section3030g-23&num=0&edition=prelim,/us/usc/t42/s3030g–23/b/2
42 U.S.C. 3030s-1 note,Assistant Secretary [for Aging],annual,"Not later than 18 months after the date of enactment of this Act, and annually thereafter",note,https://uscode.house.gov/view.xhtml?req=granuleid:USC-prelim-title42-section3030s-1&num=0&edition=prelim,/us/usc/t42/s3030s–1/note/0
42 U.S.C. 3032g,The Assistant Secretary,annual,,provision,https://uscode.house.gov/view.xhtml?req=granuleid:USC-prelim-title42-section3032g&num=0&edition=prelim,/us/usc/t42/s3032g
42 U.S.C. 3033a,Assistant Secretary,annual,Not later than January 1 following each fiscal year,provision,https://uscode.house.gov/view.xhtml?req=granuleid:USC-prelim-title42-section3033a&num=0&edition=prelim,/us/usc/t42/s3033a
42 U.S.C. 3198,Office of Tribal Economic Development,multi-year,"Not later than 1 year after January 4, 2025",provision,https://uscode.house.gov/view.xhtml?req=granuleid:USC-prelim-title42-section3198&num=0&edition=prelim,/us/usc/t42/s3198
42 U.S.C. 3199(b)(4),Secretary,annual,For any fiscal year during which the Secretary exercises the authority under this subsection,provision,https://uscode.house.gov/view.xhtml?req=granuleid:USC-prelim-title42-section3199&num=0&edition=prelim,/us/usc/t42/s3199/b/4
42 U.S.C. 3199(d),the Secretary,annual,"Not later than July 1, 2026",provision,https://uscode.house.gov/view.xhtml?req=granuleid:USC-prelim-title42-section3199&num=0&edition=prelim,/us/usc/t42/s3199/d
42 U.S.C. 3548,"the Secretary, the Government National Mortgage Association, and the Office of Federal Housing Enterprise Oversight",semiannual,semi-annually,provision,https://uscode.house.gov/view.xhtml?req=granuleid:USC-prelim-title42-section3548&num=0&edition=prelim,/us/usc/t42/s3548
42 U.S.C. 3938,the corporation,annual,within six months after the end of its fiscal year,provision,https://uscode.house.gov/view.xhtml?req=granuleid:USC-prelim-title42-section3938&num=0&edition=prelim,/us/usc/t42/s3938
42 U.S.C. 4022(b),the Administrator,biennial,"Not later than 2 years after September 23, 1994, and not less than every 2 years thereafter",provision,https://uscode.house.gov/view.xhtml?req=granuleid:USC-prelim-title42-section4022&num=0&edition=prelim,/us/usc/t42/s4022/b
42 U.S.C. 4027,The Administrator,biennial,,provision,https://uscode.house.gov/view.xhtml?req=granuleid:USC-prelim-title42-section4027&num=0&edition=prelim,/us/usc/t42/s4027
42 U.S.C. 4027a,Administrator,annual,not later than 3 months following the end of each fiscal year,provision,https://uscode.house.gov/view.xhtml?req=granuleid:USC-prelim-title42-section4027a&num=0&edition=prelim,/us/usc/t42/s4027a
42 U.S.C. 405b(h),the Commissioner,annual,,provision,https://uscode.house.gov/view.xhtml?req=granuleid:USC-prelim-title42-section405b&num=0&edition=prelim,/us/usc/t42/s405b/h
42 U.S.C. 4101a(l),The Administrator,annual,,provision,https://uscode.house.gov/view.xhtml?req=granuleid:USC-prelim-title42-section4101a&num=0&edition=prelim,/us/usc/t42/s4101a/l
42 U.S.C. 4104c(f),the Administrator,biennial,"not later than 1 year after July 6, 2012, and biennially thereafter",provision,https://uscode.house.gov/view.xhtml?req=granuleid:USC-prelim-title42-section4104c&num=0&edition=prelim,/us/usc/t42/s4104c/f
42 U.S.C. 4104d(g),The Administrator,biennial,"not later than the expiration of the 1-year period beginning on September 23, 1994",provision,https://uscode.house.gov/view.xhtml?req=granuleid:USC-prelim-title42-section4104d&num=0&edition=prelim,/us/usc/t42/s4104d/g
42 U.S.C. 4275,the Commission,annual,on or before January 31 of each year,provision,https://uscode.house.gov/view.xhtml?req=granuleid:USC-prelim-title42-section4275&num=0&edition=prelim,/us/usc/t42/s4275
42 U.S.C. 434(c),the Commissioner,periodic,at least 90 days prior to operation,provision,https://uscode.house.gov/view.xhtml?req=granuleid:USC-prelim-title42-section434&num=0&edition=prelim,/us/usc/t42/s434/c
42 U.S.C. 434(d)(1),the Commissioner,annual,On or before September 30 of each year,provision,https://uscode.house.gov/view.xhtml?req=granuleid:USC-prelim-title42-section434&num=0&edition=prelim,/us/usc/t42/s434/d/1
42 U.S.C. 4361b,Administrator of the Environmental Protection Agency,annual,each annual revision of the five-year plan,provision,https://uscode.house.gov/view.xhtml?req=granuleid:USC-prelim-title42-section4361b&num=0&edition=prelim,/us/usc/t42/s4361b
42 U.S.C. 4362,Task Force on Environmental Cancer and Heart and Lung Disease,annual,"not later than one year after August 7, 1977",provision,https://uscode.house.gov/view.xhtml?req=granuleid:USC-prelim-title42-section4362&num=0&edition=prelim,/us/usc/t42/s4362
42 U.S.C. 4368b(i),the Administrator,annual,,provision,https://uscode.house.gov/view.xhtml?req=granuleid:USC-prelim-title42-section4368b&num=0&edition=prelim,/us/usc/t42/s4368b/i
42 U.S.C. 4503,the President,biennial,"not later than June 1, 1993, and not later than the first day of June of every odd-numbered year thereafter",provision,https://uscode.house.gov/view.xhtml?req=granuleid:USC-prelim-title42-section4503&num=0&edition=prelim,/us/usc/t42/s4503
42 U.S.C. 4903(b),the President,annual,each January,provision,https://uscode.house.gov/view.xhtml?req=granuleid:USC-prelim-title42-section4903&num=0&edition=prelim,/us/usc/t42/s4903/b
42 U.S.C. 5106(a)(7)(F),Secretary,annual,,provision,https://uscode.house.gov/view.xhtml?req=granuleid:USC-prelim-title42-section5106&num=0&edition=prelim,/us/usc/t42/s5106/a/7/F
42 U.S.C. 5106(a)(7)(G),the Secretary,other,,provision,https://uscode.house.gov/view.xhtml?req=granuleid:USC-prelim-title42-section5106&num=0&edition=prelim,/us/usc/t42/s5106/a/7/G
42 U.S.C. 5106a(e),Secretary,annual,Within 6 months after receiving the State reports under subsection (d),provision,https://uscode.house.gov/view.xhtml?req=granuleid:USC-prelim-title42-section5106a&num=0&edition=prelim,/us/usc/t42/s5106a/e
42 U.S.C. 5106f(b),the Secretary,biennial,"Not later than 2 years after December 20, 2010",provision,https://uscode.house.gov/view.xhtml?req=granuleid:USC-prelim-title42-section5106f&num=0&edition=prelim,/us/usc/t42/s5106f/b
42 U.S.C. 5106f-1,"Secretary of Health and Human Services, acting through the Director of the National Center on Child Abuse and Neglect",annual,"April 30, 1993",provision,https://uscode.house.gov/view.xhtml?req=granuleid:USC-prelim-title42-section5106f-1&num=0&edition=prelim,/us/usc/t42/s5106f–1
42 U.S.C. 5113(d),the Secretary,other,,provision,https://uscode.house.gov/view.xhtml?req=granuleid:USC-prelim-title42-section5113&num=0&edition=prelim,/us/usc/t42/s5113/d
42 U.S.C. 5133(l),Administrator of the Federal Emergency Management Agency,event-driven,,provision,https://uscode.house.gov/view.xhtml?req=granuleid:USC-prelim-title42-section5133&num=0&edition=prelim,/us/usc/t42/s5133/l
42 U.S.C. 5136a,the Administrator,annual,"Not later than 1 year after December 23, 2022, and annually thereafter",provision,https://uscode.house.gov/view.xhtml?req=granuleid:USC-prelim-title42-section5136a&num=0&edition=prelim,/us/usc/t42/s5136a
42 U.S.C. 5165e note,Administrator,annual,Not later than November 30 of each year for 7 years beginning on the date of enactment of this Act,note,https://uscode.house.gov/view.xhtml?req=granuleid:USC-prelim-title42-section5165e&num=0&edition=prelim,/us/usc/t42/s5165e/note/0
42 U.S.C. 5187 note,Administrator of the Federal Emergency Management Agency,annual,not later than 1 year after the date of enactment of this Act and annually thereafter,note,https://uscode.house.gov/view.xhtml?req=granuleid:USC-prelim-title42-section5187&num=0&edition=prelim,/us/usc/t42/s5187/note/0
42 U.S.C. 5189h(d),Administrator of the Federal Emergency Management Agency,annual,Not later than 10 days after the last day of the fiscal year,provision,https://uscode.house.gov/view.xhtml?req=granuleid:USC-prelim-title42-section5189h&num=0&edition=prelim,/us/usc/t42/s5189h/d
42 U.S.C. 5195 note,Secretary of Homeland Security,annual,,note,https://uscode.house.gov/view.xhtml?req=granuleid:USC-prelim-title42-section5195&num=0&edition=prelim,/us/usc/t42/s5195/note/55
42 U.S.C. 5196(j)(8),The Administrator,annual,,provision,https://uscode.house.gov/view.xhtml?req=granuleid:USC-prelim-title42-section5196&num=0&edition=prelim,/us/usc/t42/s5196/j/8
42 U.S.C. 5197c,Administrator,annual,,provision,https://uscode.house.gov/view.xhtml?req=granuleid:USC-prelim-title42-section5197c&num=0&edition=prelim,/us/usc/t42/s5197c
42 U.S.C. 5304 note,Secretary of Housing and Urban Development,annual,,note,https://uscode.house.gov/view.xhtml?req=granuleid:USC-prelim-title42-section5304&num=0&edition=prelim,/us/usc/t42/s5304/note/0
42 U.S.C. 5307 note,Secretary,annual,,note,https://uscode.house.gov/view.xhtml?req=granuleid:USC-prelim-title42-section5307&num=0&edition=prelim,/us/usc/t42/s5307/note/1
42 U.S.C. 5313a,the Secretary,annual,,provision,https://uscode.house.gov/view.xhtml?req=granuleid:USC-prelim-title42-section5313a&num=0&edition=prelim,/us/usc/t42/s5313a
42 U.S.C. 5848,The Commission,annual,annual,provision,https://uscode.house.gov/view.xhtml?req=granuleid:USC-prelim-title42-section5848&num=0&edition=prelim,/us/usc/t42/s5848
42 U.S.C. 5849,The Commission,annual,prior to February 1 of each succeeding year,provision,https://uscode.house.gov/view.xhtml?req=granuleid:USC-prelim-title42-section5849&num=0&edition=prelim,/us/usc/t42/s5849
42 U.S.C. 5850,the Commission,annual,"on or before January 1, 1978",provision,https://uscode.house.gov/view.xhtml?req=granuleid:USC-prelim-title42-section5850&num=0&edition=prelim,/us/usc/t42/s5850
42 U.S.C. 5852(a),Nuclear Regulatory Commission,event-driven,upon such transfers,provision,https://uscode.house.gov/view.xhtml?req=granuleid:USC-prelim-title42-section5852&num=0&edition=prelim,/us/usc/t42/s5852/a
42 U.S.C. 5854,Chairman of the Nuclear Regulatory Commission,weekly,not later than 1 day after beginning functions; not later than 1 day after relinquishing authority; not later than 1 day after submission to the Commission,provision,https://uscode.house.gov/view.xhtml?req=granuleid:USC-prelim-title42-section5854&num=0&edition=prelim,/us/usc/t42/s5854
42 U.S.C. 5877,Administrator; Commission,annual,as soon as practicable after the end of each fiscal year; within one year after the Administrator first takes office,provision,https://uscode.house.gov/view.xhtml?req=granuleid:USC-prelim-title42-section5877&num=0&edition=prelim,/us/usc/t42/s5877
42 U.S.C. 5877(c),the Commission,annual,as soon as practicable after the end of each fiscal year,provision,https://uscode.house.gov/view.xhtml?req=granuleid:USC-prelim-title42-section5877&num=0&edition=prelim,/us/usc/t42/s5877/c
42 U.S.C. 5877 note,Nuclear Regulatory Commission,annual,,note,https://uscode.house.gov/view.xhtml?req=granuleid:USC-prelim-title42-section5877&num=0&edition=prelim,/us/usc/t42/s5877/note/1
42 U.S.C. 5878,The Administrator,other,,provision,https://uscode.house.gov/view.xhtml?req=granuleid:USC-prelim-title42-section5878&num=0&edition=prelim,/us/usc/t42/s5878
42 U.S.C. 5907a,the Secretary,annual,"no later than October 1, 1977",provision,https://uscode.house.gov/view.xhtml?req=granuleid:USC-prelim-title42-section5907a&num=0&edition=prelim,/us/usc/t42/s5907a
42 U.S.C. 6216,"the Secretary, acting through the Administrator of the Energy Information Agency",annual,On or before September 1 of each year,provision,https://uscode.house.gov/view.xhtml?req=granuleid:USC-prelim-title42-section6216&num=0&edition=prelim,/us/usc/t42/s6216
42 U.S.C. 628d,the Secretary,biennial,,provision,https://uscode.house.gov/view.xhtml?req=granuleid:USC-prelim-title42-section628d&num=0&edition=prelim,/us/usc/t42/s628d
42 U.S.C. 6295(m),the Secretary,other,every 180 days,provision,https://uscode.house.gov/view.xhtml?req=granuleid:USC-prelim-title42-section6295&num=0&edition=prelim,/us/usc/t42/s6295/m
42 U.S.C. 6295(m)(5)(B),the Secretary,event-driven,promptly,provision,https://uscode.house.gov/view.xhtml?req=granuleid:USC-prelim-title42-section6295&num=0&edition=prelim,/us/usc/t42/s6295/m/5/B
42 U.S.C. 629b(c),the Secretary,annual,not later than September 30 of each year,provision,https://uscode.house.gov/view.xhtml?req=granuleid:USC-prelim-title42-section629b&num=0&edition=prelim,/us/usc/t42/s629b/c
42 U.S.C. 629b(c)(2),State,annual,,provision,https://uscode.house.gov/view.xhtml?req=granuleid:USC-prelim-title42-section629b&num=0&edition=prelim,/us/usc/t42/s629b/c/2
42 U.S.C. 6308,the Secretary,annual,,provision,https://uscode.house.gov/view.xhtml?req=granuleid:USC-prelim-title42-section6308&num=0&edition=prelim,/us/usc/t42/s6308
42 U.S.C. 6364(5),Administrator of General Services,annual,"Not later than 2 years after December 4, 2015, and annually thereafter for 10 years",provision,https://uscode.house.gov/view.xhtml?req=granuleid:USC-prelim-title42-section6364&num=0&edition=prelim,/us/usc/t42/s6364/5
42 U.S.C. 6505,President; Secretary of the Interior,semiannual,"six months after April 5, 1976; one year after transfer of jurisdiction; January 1, 1980; three years after April 5, 1976",provision,https://uscode.house.gov/view.xhtml?req=granuleid:USC-prelim-title42-section6505&num=0&edition=prelim,/us/usc/t42/s6505
42 U.S.C. 6604(g),Working Group,annual,"Not later than 1 year after January 6, 2017, and annually thereafter for 3 years",provision,https://uscode.house.gov/view.xhtml?req=granuleid:USC-prelim-title42-section6604&num=0&edition=prelim,/us/usc/t42/s6604/g
42 U.S.C. 6614(a),the Director,annual,,provision,https://uscode.house.gov/view.xhtml?req=granuleid:USC-prelim-title42-section6614&num=0&edition=prelim,/us/usc/t42/s6614/a
42 U.S.C. 6618,Director,annual,,provision,https://uscode.house.gov/view.xhtml?req=granuleid:USC-prelim-title42-section6618&num=0&edition=prelim,/us/usc/t42/s6618
42 U.S.C. 6625(e),Director of the Office of Science and Technology Policy,biennial,,provision,https://uscode.house.gov/view.xhtml?req=granuleid:USC-prelim-title42-section6625&num=0&edition=prelim,/us/usc/t42/s6625/e
42 U.S.C. 6625(h),Director of the Office of Science and Technology Policy,annual,"not later than 60 days after January 6, 2017, and annually thereafter",provision,https://uscode.house.gov/view.xhtml?req=granuleid:USC-prelim-title42-section6625&num=0&edition=prelim,/us/usc/t42/s6625/h
42 U.S.C. 6892,Comptroller General,annual,"Each fiscal year ending before October 1, 1979",provision,https://uscode.house.gov/view.xhtml?req=granuleid:USC-prelim-title42-section6892&num=0&edition=prelim,/us/usc/t42/s6892
42 U.S.C. 6906,Administrator,annual,"June 1, 1978, and of each succeeding calendar year",provision,https://uscode.house.gov/view.xhtml?req=granuleid:USC-prelim-title42-section6906&num=0&edition=prelim,/us/usc/t42/s6906
42 U.S.C. 6915,the Administrator,annual,not later than ninety days after the end of each fiscal year,provision,https://uscode.house.gov/view.xhtml?req=granuleid:USC-prelim-title42-section6915&num=0&edition=prelim,/us/usc/t42/s6915
42 U.S.C. 6921(j),the Administrator,biennial,Not later than every 24 months,provision,https://uscode.house.gov/view.xhtml?req=granuleid:USC-prelim-title42-section6921&num=0&edition=prelim,/us/usc/t42/s6921/j
42 U.S.C. 6927(b),Administrator of the EPA,event-driven,upon written request of any duly authorized committee of the Congress,provision,https://uscode.house.gov/view.xhtml?req=granuleid:USC-prelim-title42-section6927&num=0&edition=prelim,/us/usc/t42/s6927/b
42 U.S.C. 6939f(c),the Secretary,annual,not later than 60 days after the end of each Federal fiscal year,provision,https://uscode.house.gov/view.xhtml?req=granuleid:USC-prelim-title42-section6939f&num=0&edition=prelim,/us/usc/t42/s6939f/c
42 U.S.C. 6939g(d),the Administrator,biennial,For each 2-fiscal-year period,provision,https://uscode.house.gov/view.xhtml?req=granuleid:USC-prelim-title42-section6939g&num=0&edition=prelim,/us/usc/t42/s6939g/d
42 U.S.C. 6945(d)(4),the Administrator,annual,"not later than December 31, 2017, and December 31 of each year thereafter",provision,https://uscode.house.gov/view.xhtml?req=granuleid:USC-prelim-title42-section6945&num=0&edition=prelim,/us/usc/t42/s6945/d/4
42 U.S.C. 6961(a),the President,annual,each January,provision,https://uscode.house.gov/view.xhtml?req=granuleid:USC-prelim-title42-section6961&num=0&edition=prelim,/us/usc/t42/s6961/a
42 U.S.C. 6991 note,the State or the Denali Commission,annual,"Not later than 1 year after the date on which the State or the Denali Commission receives a grant under subsection (c), and annually thereafter",note,https://uscode.house.gov/view.xhtml?req=granuleid:USC-prelim-title42-section6991&num=0&edition=prelim,/us/usc/t42/s6991/note/0
42 U.S.C. 6992e,the President,annual,each January,provision,https://uscode.house.gov/view.xhtml?req=granuleid:USC-prelim-title42-section6992e&num=0&edition=prelim,/us/usc/t42/s6992e
42 U.S.C. 7144b note,Secretary of Energy,quarterly,"Not later than 90 days after the date of the enactment of this Act, and quarterly thereafter",note,https://uscode.house.gov/view.xhtml?req=granuleid:USC-prelim-title42-section7144b&num=0&edition=prelim,/us/usc/t42/s7144b/note/0
42 U.S.C. 7171(j),the Commission,event-driven,"whenever the Commission submits to the Secretary, the President, or the Office of Management and Budget, any legislative recommendation or testimony, or comments on legislation, prepared for submission to Congress",provision,https://uscode.house.gov/view.xhtml?req=granuleid:USC-prelim-title42-section7171&num=0&edition=prelim,/us/usc/t42/s7171/j
42 U.S.C. 7171 note,Chairman of the Federal Energy Regulatory Commission,biennial,"not later than 1 year after the date of enactment of this Act, and every 2 years thereafter for 10 years",note,https://uscode.house.gov/view.xhtml?req=granuleid:USC-prelim-title42-section7171&num=0&edition=prelim,/us/usc/t42/s7171/note/0
42 U.S.C. 7267(1),the Secretary,annual,as soon as practicable after the end of each fiscal year,provision,https://uscode.house.gov/view.xhtml?req=granuleid:USC-prelim-title42-section7267&num=0&edition=prelim,/us/usc/t42/s7267/1
42 U.S.C. 7270c,the Secretary,annual,Not later than January 31 each year,provision,https://uscode.house.gov/view.xhtml?req=granuleid:USC-prelim-title42-section7270c&num=0&edition=prelim,/us/usc/t42/s7270c
42 U.S.C. 7274 note,Secretary of Energy,other,not later than 30 days after the end of each quarter of fiscal years 1991 and 1992,note,https://uscode.house.gov/view.xhtml?req=granuleid:USC-prelim-title42-section7274&num=0&edition=prelim,/us/usc/t42/s7274/note/0
42 U.S.C. 7277,Energy Information Administration,quarterly,March 1986; within 90 days after the end of each quarter,provision,https://uscode.house.gov/view.xhtml?req=granuleid:USC-prelim-title42-section7277&num=0&edition=prelim,/us/usc/t42/s7277
42 U.S.C. 7277(c),not specified,quarterly,March 1986; within 90 days after the end of each quarter,provision,https://uscode.house.gov/view.xhtml?req=granuleid:USC-prelim-title42-section7277&num=0&edition=prelim,/us/usc/t42/s7277/c
42 U.S.C. 7279,Secretary of Energy,annual,as submitted with the budget of the President,provision,https://uscode.house.gov/view.xhtml?req=granuleid:USC-prelim-title42-section7279&num=0&edition=prelim,/us/usc/t42/s7279
42 U.S.C. 7279a,Secretary of Energy,annual,at the time that the President’s budget is submitted to Congress,provision,https://uscode.house.gov/view.xhtml?req=granuleid:USC-prelim-title42-section7279a&num=0&edition=prelim,/us/usc/t42/s7279a
42 U.S.C. 7373,the Secretary,annual,,provision,https://uscode.house.gov/view.xhtml?req=granuleid:USC-prelim-title42-section7373&num=0&edition=prelim,/us/usc/t42/s7373
42 U.S.C. 7381a(e),the Secretary,annual,as part of the annual budget submission for a fiscal year,provision,https://uscode.house.gov/view.xhtml?req=granuleid:USC-prelim-title42-section7381a&num=0&edition=prelim,/us/usc/t42/s7381a/e
42 U.S.C. 7381c-3(e),the Secretary,biennial,"not later than 2 years after August 9, 2022",provision,https://uscode.house.gov/view.xhtml?req=granuleid:USC-prelim-title42-section7381c-3&num=0&edition=prelim,/us/usc/t42/s7381c–3/e
42 U.S.C. 7381n(e),the Secretary,annual,with the annual budget submission of the Secretary,provision,https://uscode.house.gov/view.xhtml?req=granuleid:USC-prelim-title42-section7381n&num=0&edition=prelim,/us/usc/t42/s7381n/e
42 U.S.C. 7382c(b),the Secretary,annual,not later than August 31 of each year in which fellowships are awarded,provision,https://uscode.house.gov/view.xhtml?req=granuleid:USC-prelim-title42-section7382c&num=0&edition=prelim,/us/usc/t42/s7382c/b
42 U.S.C. 7383(d),"Commission on Safeguards, Security, and Counterintelligence at Department of Energy Facilities",annual,February 15 each year,provision,https://uscode.house.gov/view.xhtml?req=granuleid:USC-prelim-title42-section7383&num=0&edition=prelim,/us/usc/t42/s7383/d
42 U.S.C. 7492(b),the Administrator,other,"Within 24 months after November 15, 1990, and every 5 years thereafter",provision,https://uscode.house.gov/view.xhtml?req=granuleid:USC-prelim-title42-section7492&num=0&edition=prelim,/us/usc/t42/s7492/b
42 U.S.C. 7661f(d),Small Business Ombudsman,periodic,,provision,https://uscode.house.gov/view.xhtml?req=granuleid:USC-prelim-title42-section7661f&num=0&edition=prelim,/us/usc/t42/s7661f/d
42 U.S.C. 7661f(d)(2),Small Business Ombudsman,other,,provision,https://uscode.house.gov/view.xhtml?req=granuleid:USC-prelim-title42-section7661f&num=0&edition=prelim,/us/usc/t42/s7661f/d/2
42 U.S.C. 7709,Scientific Earthquake Studies Advisory Committee,annual,on or before September 30 of each year,provision,https://uscode.house.gov/view.xhtml?req=granuleid:USC-prelim-title42-section7709&num=0&edition=prelim,/us/usc/t42/s7709
42 U.S.C. 8007(b),the Secretary,annual,,provision,https://uscode.house.gov/view.xhtml?req=granuleid:USC-prelim-title42-section8007&num=0&edition=prelim,/us/usc/t42/s8007/b
42 U.S.C. 8012(i),the Secretary,annual,,provision,https://uscode.house.gov/view.xhtml?req=granuleid:USC-prelim-title42-section8012&num=0&edition=prelim,/us/usc/t42/s8012/i
42 U.S.C. 8107,the corporation,annual,as part of the annual budget required by chapter 11 of title 31,provision,https://uscode.house.gov/view.xhtml?req=granuleid:USC-prelim-title42-section8107&num=0&edition=prelim,/us/usc/t42/s8107
42 U.S.C. 8233,the President,annual,"within one year from November 9, 1978",provision,https://uscode.house.gov/view.xhtml?req=granuleid:USC-prelim-title42-section8233&num=0&edition=prelim,/us/usc/t42/s8233
42 U.S.C. 8235g,the Secretary,annual,with the annual report on the activities of the Department of Energy required by section 7267 of this title,provision,https://uscode.house.gov/view.xhtml?req=granuleid:USC-prelim-title42-section8235g&num=0&edition=prelim,/us/usc/t42/s8235g
42 U.S.C. 8255,the President,annual,along with each budget that is submitted to the Congress under section 1105 of title 31,provision,https://uscode.house.gov/view.xhtml?req=granuleid:USC-prelim-title42-section8255&num=0&edition=prelim,/us/usc/t42/s8255
42 U.S.C. 8262a,the Administrator of General Services,annual,"not later than one year after October 24, 1992",provision,https://uscode.house.gov/view.xhtml?req=granuleid:USC-prelim-title42-section8262a&num=0&edition=prelim,/us/usc/t42/s8262a
42 U.S.C. 8262c(d),The Secretary,annual,,provision,https://uscode.house.gov/view.xhtml?req=granuleid:USC-prelim-title42-section8262c&num=0&edition=prelim,/us/usc/t42/s8262c/d
42 U.S.C. 8262i,Postmaster General,annual,"Not later than one year after October 24, 1992, and not later than January 1 of each year thereafter",provision,https://uscode.house.gov/view.xhtml?req=granuleid:USC-prelim-title42-section8262i&num=0&edition=prelim,/us/usc/t42/s8262i
42 U.S.C. 8275,the Secretary,annual,,provision,https://uscode.house.gov/view.xhtml?req=granuleid:USC-prelim-title42-section8275&num=0&edition=prelim,/us/usc/t42/s8275
42 U.S.C. 8287b,Secretary of Energy,periodic,,provision,https://uscode.house.gov/view.xhtml?req=granuleid:USC-prelim-title42-section8287b&num=0&edition=prelim,/us/usc/t42/s8287b
42 U.S.C. 8511(d)(3)(A),the President,annual,"Before the end of the 12th month following the establishment of any conservation target, and annually thereafter",provision,https://uscode.house.gov/view.xhtml?req=granuleid:USC-prelim-title42-section8511&num=0&edition=prelim,/us/usc/t42/s8511/d/3/A
42 U.S.C. 8532(a),the Secretary,periodic,,provision,https://uscode.house.gov/view.xhtml?req=granuleid:USC-prelim-title42-section8532&num=0&edition=prelim,/us/usc/t42/s8532/a
42 U.S.C. 8629,the Secretary,annual,no later than June 30 of each fiscal year,provision,https://uscode.house.gov/view.xhtml?req=granuleid:USC-prelim-title42-section8629&num=0&edition=prelim,/us/usc/t42/s8629
42 U.S.C. 8818(c)(1),The Office of Alcohol Fuels,annual,annual,provision,https://uscode.house.gov/view.xhtml?req=granuleid:USC-prelim-title42-section8818&num=0&edition=prelim,/us/usc/t42/s8818/c/1
42 U.S.C. 8903(b)(14),the entity responsible for the comprehensive plan,periodic,,provision,https://uscode.house.gov/view.xhtml?req=granuleid:USC-prelim-title42-section8903&num=0&edition=prelim,/us/usc/t42/s8903/b/14
42 U.S.C. 8903(e),Task Force,annual,January 15 of each year,provision,https://uscode.house.gov/view.xhtml?req=granuleid:USC-prelim-title42-section8903&num=0&edition=prelim,/us/usc/t42/s8903/e
42 U.S.C. 903(b)(3),Social Security Advisory Board,other,,provision,https://uscode.house.gov/view.xhtml?req=granuleid:USC-prelim-title42-section903&num=0&edition=prelim,/us/usc/t42/s903/b/3
42 U.S.C. 904(b),Commissioner,annual,annually,provision,https://uscode.house.gov/view.xhtml?req=granuleid:USC-prelim-title42-section904&num=0&edition=prelim,/us/usc/t42/s904/b
42 U.S.C. 904(b)(1)(A),the President,annual,together with the President’s annual budget,provision,https://uscode.house.gov/view.xhtml?req=granuleid:USC-prelim-title42-section904&num=0&edition=prelim,/us/usc/t42/s904/b/1/A
42 U.S.C. 9203(c),the Secretary,annual,Concurrently with the submission of the President’s annual budget,provision,https://uscode.house.gov/view.xhtml?req=granuleid:USC-prelim-title42-section9203&num=0&edition=prelim,/us/usc/t42/s9203/c
42 U.S.C. 9604(i)(10),Administrator of ATSDR,biennial,"Two years after October 17, 1986, and every 2 years thereafter",provision,https://uscode.house.gov/view.xhtml?req=granuleid:USC-prelim-title42-section9604&num=0&edition=prelim,/us/usc/t42/s9604/i/10
42 U.S.C. 9831 note,Secretary of Health and Human Services,annual,not later than 2 years after the date of enactment of this Act,note,https://uscode.house.gov/view.xhtml?req=granuleid:USC-prelim-title42-section9831&num=0&edition=prelim,/us/usc/t42/s9831/note/1
42 U.S.C. 9843(e),the Secretary,annual,not later than 90 days after the end of the fiscal year,provision,https://uscode.house.gov/view.xhtml?req=granuleid:USC-prelim-title42-section9843&num=0&edition=prelim,/us/usc/t42/s9843/e
42 U.S.C. 9843a(a)(2),the Secretary,annual,annually,provision,https://uscode.house.gov/view.xhtml?req=granuleid:USC-prelim-title42-section9843a&num=0&edition=prelim,/us/usc/t42/s9843a/a/2
42 U.S.C. 9844(l),the Secretary,annual,"Not later than 18 months after December 12, 2007, and annually thereafter",provision,https://uscode.house.gov/view.xhtml?req=granuleid:USC-prelim-title42-section9844&num=0&edition=prelim,/us/usc/t42/s9844/l
42 U.S.C. 9846(a)(10),the Secretary,biennial,At least once during every 2-year period,provision,https://uscode.house.gov/view.xhtml?req=granuleid:USC-prelim-title42-section9846&num=0&edition=prelim,/us/usc/t42/s9846/a/10
42 U.S.C. 9846(c),the Secretary,annual,Not later than 30 days after the date the Secretary completes the annual review,provision,https://uscode.house.gov/view.xhtml?req=granuleid:USC-prelim-title42-section9846&num=0&edition=prelim,/us/usc/t42/s9846/c
42 U.S.C. 9858r,the Comptroller General of the United States,biennial,"not later than 2 years after November 19, 2014",provision,https://uscode.house.gov/view.xhtml?req=granuleid:USC-prelim-title42-section9858r&num=0&edition=prelim,/us/usc/t42/s9858r
42 U.S.C. 9914,the Secretary,annual,annually,provision,https://uscode.house.gov/view.xhtml?req=granuleid:USC-prelim-title42-section9914&num=0&edition=prelim,/us/usc/t42/s9914
42 U.S.C. 9917(b),Secretary,annual,"At the end of each fiscal year beginning after September 30, 1999",provision,https://uscode.house.gov/view.xhtml?req=granuleid:USC-prelim-title42-section9917&num=0&edition=prelim,/us/usc/t42/s9917/b
42 U.S.C. 9921(c),Secretary,annual,,provision,https://uscode.house.gov/view.xhtml?req=granuleid:USC-prelim-title42-section9921&num=0&edition=prelim,/us/usc/t42/s9921/c
42 U.S.C. 9922(c),the Secretary,annual,For each fiscal year,provision,https://uscode.house.gov/view.xhtml?req=granuleid:USC-prelim-title42-section9922&num=0&edition=prelim,/us/usc/t42/s9922/c
43 U.S.C. 1478(c),the Secretary,annual,"Not later than 1 year after January 4, 2025",provision,https://uscode.house.gov/view.xhtml?req=granuleid:USC-prelim-title43-section1478&num=0&edition=prelim,/us/usc/t43/s1478/c
43 U.S.C. 1511,Secretary of the Interior,biennial,"on or before June 30, 1971 (first report); not later than June 30, 1977 (final report)",provision,https://uscode.house.gov/view.xhtml?req=granuleid:USC-prelim-title43-section1511&num=0&edition=prelim,/us/usc/t43/s1511
43 U.S.C. 1543(i),the entity managing the Lower Colorado River Basin Development Fund,annual,,provision,https://uscode.house.gov/view.xhtml?req=granuleid:USC-prelim-title43-section1543&num=0&edition=prelim,/us/usc/t43/s1543/i
43 U.S.C. 1552(b),the Secretary,annual,"Beginning January 1, 1972",provision,https://uscode.house.gov/view.xhtml?req=granuleid:USC-prelim-title43-section1552&num=0&edition=prelim,/us/usc/t43/s1552/b
43 U.S.C. 1596,the Secretary,biennial,every two years thereafter,provision,https://uscode.house.gov/view.xhtml?req=granuleid:USC-prelim-title43-section1596&num=0&edition=prelim,/us/usc/t43/s1596
43 U.S.C. 1596 note,Secretary,biennial,,note,https://uscode.house.gov/view.xhtml?req=granuleid:USC-prelim-title43-section1596&num=0&edition=prelim,/us/usc/t43/s1596/note/0
43 U.S.C. 1600f,Secretary of the Interior,annual,on or before January 15 of each fiscal year,provision,https://uscode.house.gov/view.xhtml?req=granuleid:USC-prelim-title43-section1600f&num=0&edition=prelim,/us/usc/t43/s1600f
43 U.S.C. 1600f note,Secretary,annual,,note,https://uscode.house.gov/view.xhtml?req=granuleid:USC-prelim-title43-section1600f&num=0&edition=prelim,/us/usc/t43/s1600f/note/0
43 U.S.C. 1741,the Secretary,annual,no later than one hundred and twenty days after the end of each fiscal year,provision,https://uscode.house.gov/view.xhtml?req=granuleid:USC-prelim-title43-section1741&num=0&edition=prelim,/us/usc/t43/s1741
43 U.S.C. 1743,the Secretary,annual,June 1 of each calendar year,provision,https://uscode.house.gov/view.xhtml?req=granuleid:USC-prelim-title43-section1743&num=0&edition=prelim,/us/usc/t43/s1743
43 U.S.C. 1748a(h),the Secretary concerned,annual,"first week of March, May, July, and potentially September of each year",provision,https://uscode.house.gov/view.xhtml?req=granuleid:USC-prelim-title43-section1748a&num=0&edition=prelim,/us/usc/t43/s1748a/h
43 U.S.C. 1748a(h)(3),the Secretary concerned,other,"first week of March, May, July, and potentially September of each year",provision,https://uscode.house.gov/view.xhtml?req=granuleid:USC-prelim-title43-section1748a&num=0&edition=prelim,/us/usc/t43/s1748a/h/3
43 U.S.C. 1748a-2,Secretary of the Interior or the Secretary of Agriculture,annual,Not later than 180 days after the end of the fiscal year for which additional new budget authority is used,provision,https://uscode.house.gov/view.xhtml?req=granuleid:USC-prelim-title43-section1748a-2&num=0&edition=prelim,/us/usc/t43/s1748a–2
43 U.S.C. 1748d,the Secretary and the Secretary of Interior,annual,"Not later than 180 days after December 20, 2018",provision,https://uscode.house.gov/view.xhtml?req=granuleid:USC-prelim-title43-section1748d&num=0&edition=prelim,/us/usc/t43/s1748d
43 U.S.C. 1864,Secretary of the Interior,annual,June 1 of each calendar year,provision,https://uscode.house.gov/view.xhtml?req=granuleid:USC-prelim-title43-section1864&num=0&edition=prelim,/us/usc/t43/s1864
43 U.S.C. 1865,Secretary of the Interior,biennial,June 30 of every odd numbered year,provision,https://uscode.house.gov/view.xhtml?req=granuleid:USC-prelim-title43-section1865&num=0&edition=prelim,/us/usc/t43/s1865
43 U.S.C. 2246,the President,annual,annual budget submittal,provision,https://uscode.house.gov/view.xhtml?req=granuleid:USC-prelim-title43-section2246&num=0&edition=prelim,/us/usc/t43/s2246
43 U.S.C. 2431,the Secretary,biennial,not later than 1 year after the date on which the eligibility criteria are published in the Federal Register under section 2422(a) of this title,provision,https://uscode.house.gov/view.xhtml?req=granuleid:USC-prelim-title43-section2431&num=0&edition=prelim,/us/usc/t43/s2431
43 U.S.C. 3002(f),the Secretary,annual,"February 1 of the first fiscal year beginning after December 27, 2020, and each February 1 thereafter",provision,https://uscode.house.gov/view.xhtml?req=granuleid:USC-prelim-title43-section3002&num=0&edition=prelim,/us/usc/t43/s3002/f
43 U.S.C. 31c(b),"the Secretary, acting through the Director",biennial,"not later than 1 year after March 12, 2019 (for strategic plan); biennially (for report)",provision,https://uscode.house.gov/view.xhtml?req=granuleid:USC-prelim-title43-section31c&num=0&edition=prelim,/us/usc/t43/s31c/b
43 U.S.C. 31g,the Secretary,biennial,"Not later than 3 years after March 30, 2009, and biennially thereafter",provision,https://uscode.house.gov/view.xhtml?req=granuleid:USC-prelim-title43-section31g&num=0&edition=prelim,/us/usc/t43/s31g
43 U.S.C. 373e,Secretary of the Interior,annual,,provision,https://uscode.house.gov/view.xhtml?req=granuleid:USC-prelim-title43-section373e&num=0&edition=prelim,/us/usc/t43/s373e
43 U.S.C. 390g-2(c)(1),the Secretary,annual,"Within twelve months after the initiation of phase II, and at annual intervals thereafter",provision,https://uscode.house.gov/view.xhtml?req=granuleid:USC-prelim-title43-section390g-2&num=0&edition=prelim,/us/usc/t43/s390g–2/c/1
43 U.S.C. 414,not specified,annual,annually,provision,https://uscode.house.gov/view.xhtml?req=granuleid:USC-prelim-title43-section414&num=0&edition=prelim,/us/usc/t43/s414
43 U.S.C. 620d(g),Upper Colorado River Basin Fund,annual,,provision,https://uscode.house.gov/view.xhtml?req=granuleid:USC-prelim-title43-section620d&num=0&edition=prelim,/us/usc/t43/s620d/g
43 U.S.C. 620e,the Secretary,annual,January 1 of each year,provision,https://uscode.house.gov/view.xhtml?req=granuleid:USC-prelim-title43-section620e&num=0&edition=prelim,/us/usc/t43/s620e
44 U.S.C. 1115,Director of the Government Publishing Office,annual,at its first meeting,provision,https://uscode.house.gov/view.xhtml?req=granuleid:USC-prelim-title44-section1115&num=0&edition=prelim,/us/usc/t44/s1115
44 U.S.C. 1301,Secretary of Agriculture,annual,,provision,https://uscode.house.gov/view.xhtml?req=granuleid:USC-prelim-title44-section1301&num=0&edition=prelim,/us/usc/t44/s1301
44 U.S.C. 1313,Commissioner of Education,other,,provision,https://uscode.house.gov/view.xhtml?req=granuleid:USC-prelim-title44-section1313&num=0&edition=prelim,/us/usc/t44/s1313
44 U.S.C. 1323,Interstate Commerce Commission,annual,,provision,https://uscode.house.gov/view.xhtml?req=granuleid:USC-prelim-title44-section1323&num=0&edition=prelim,/us/usc/t44/s1323
44 U.S.C. 1325,Commissioner of Labor Statistics,other,,provision,https://uscode.house.gov/view.xhtml?req=granuleid:USC-prelim-title44-section1325&num=0&edition=prelim,/us/usc/t44/s1325
44 U.S.C. 1330,Director of the Government Publishing Office,monthly,monthly,provision,https://uscode.house.gov/view.xhtml?req=granuleid:USC-prelim-title44-section1330&num=0&edition=prelim,/us/usc/t44/s1330
44 U.S.C. 1332,Veterans' organizations,annual,,provision,https://uscode.house.gov/view.xhtml?req=granuleid:USC-prelim-title44-section1332&num=0&edition=prelim,/us/usc/t44/s1332
44 U.S.C. 1333,Librarian of Congress,annual,,provision,https://uscode.house.gov/view.xhtml?req=granuleid:USC-prelim-title44-section1333&num=0&edition=prelim,/us/usc/t44/s1333
44 U.S.C. 2119,the Archivist,annual,Not later than December 31st of each year,provision,https://uscode.house.gov/view.xhtml?req=granuleid:USC-prelim-title44-section2119&num=0&edition=prelim,/us/usc/t44/s2119
44 U.S.C. 2120 note,the Archivist of the United States,annual,December 31st of each year,note,https://uscode.house.gov/view.xhtml?req=granuleid:USC-prelim-title44-section2120&num=0&edition=prelim,/us/usc/t44/s2120/note/0
44 U.S.C. 2504(a),The Chairman of the Commission,biennial,,provision,https://uscode.house.gov/view.xhtml?req=granuleid:USC-prelim-title44-section2504&num=0&edition=prelim,/us/usc/t44/s2504/a
44 U.S.C. 309(d),the Inspector General of the Government Publishing Office,annual,each year,provision,https://uscode.house.gov/view.xhtml?req=granuleid:USC-prelim-title44-section309&num=0&edition=prelim,/us/usc/t44/s309/d
44 U.S.C. 3303a,the Archivist,annual,,provision,https://uscode.house.gov/view.xhtml?req=granuleid:USC-prelim-title44-section3303a&num=0&edition=prelim,/us/usc/t44/s3303a
44 U.S.C. 3604(f),The Director,annual,,provision,https://uscode.house.gov/view.xhtml?req=granuleid:USC-prelim-title44-section3604&num=0&edition=prelim,/us/usc/t44/s3604/f
44 U.S.C. 3606,the Director,annual,March 1 of each year,provision,https://uscode.house.gov/view.xhtml?req=granuleid:USC-prelim-title44-section3606&num=0&edition=prelim,/us/usc/t44/s3606
44 U.S.C. 3903(c)(2)(A)(ii),Inspector General,event-driven,after providing notice,provision,https://uscode.house.gov/view.xhtml?req=granuleid:USC-prelim-title44-section3903&num=0&edition=prelim,/us/usc/t44/s3903/c/2/A/ii
44 U.S.C. 3903(c)(3),the Inspector General,semiannual,"Before the first grant of authority under paragraph (1), and semiannually thereafter",provision,https://uscode.house.gov/view.xhtml?req=granuleid:USC-prelim-title44-section3903&num=0&edition=prelim,/us/usc/t44/s3903/c/3
44 U.S.C. 3903(c)(3)(B),Inspector General,event-driven,upon suspension of authority,provision,https://uscode.house.gov/view.xhtml?req=granuleid:USC-prelim-title44-section3903&num=0&edition=prelim,/us/usc/t44/s3903/c/3/B
44 U.S.C. 508,Director of the Government Publishing Office,annual,At the beginning of each session of Congress,provision,https://uscode.house.gov/view.xhtml?req=granuleid:USC-prelim-title44-section508&num=0&edition=prelim,/us/usc/t44/s508
44 U.S.C. 515,Director of the Government Publishing Office,event-driven,upon contractor default,provision,https://uscode.house.gov/view.xhtml?req=granuleid:USC-prelim-title44-section515&num=0&edition=prelim,/us/usc/t44/s515
44 U.S.C. 722,Director of the Government Publishing Office,annual,,provision,https://uscode.house.gov/view.xhtml?req=granuleid:USC-prelim-title44-section722&num=0&edition=prelim,/us/usc/t44/s722
45 U.S.C. 360(c),The Board,annual,,provision,https://uscode.house.gov/view.xhtml?req=granuleid:USC-prelim-title45-section360&num=0&edition=prelim,/us/usc/t45/s360/c
45 U.S.C. 712(d)(1),The Association,annual,not later than 90 days after the end of each fiscal year,provision,https://uscode.house.gov/view.xhtml?req=granuleid:USC-prelim-title45-section712&num=0&edition=prelim,/us/usc/t45/s712/d/1
45 U.S.C. 712(d)(3),The Association,quarterly,no later than 30 days after the end of each fiscal quarter,provision,https://uscode.house.gov/view.xhtml?req=granuleid:USC-prelim-title45-section712&num=0&edition=prelim,/us/usc/t45/s712/d/3
45 U.S.C. 712(e),The Chairman of the Association,annual,,provision,https://uscode.house.gov/view.xhtml?req=granuleid:USC-prelim-title45-section712&num=0&edition=prelim,/us/usc/t45/s712/e
45 U.S.C. 712(f),The Chairman of the Association,event-driven,whenever the Association submits any budget estimate or request to the Office of Management and Budget,provision,https://uscode.house.gov/view.xhtml?req=granuleid:USC-prelim-title45-section712&num=0&edition=prelim,/us/usc/t45/s712/f
45 U.S.C. 724(b),the Commission,other,,provision,https://uscode.house.gov/view.xhtml?req=granuleid:USC-prelim-title45-section724&num=0&edition=prelim,/us/usc/t45/s724/b
45 U.S.C. 741(h),The Corporation,annual,not later than 90 days after the end of each fiscal year,provision,https://uscode.house.gov/view.xhtml?req=granuleid:USC-prelim-title45-section741&num=0&edition=prelim,/us/usc/t45/s741/h
45 U.S.C. 747(b),The Association,annual,within 150 days after the end of the fiscal year of the Corporation,provision,https://uscode.house.gov/view.xhtml?req=granuleid:USC-prelim-title45-section747&num=0&edition=prelim,/us/usc/t45/s747/b
45 U.S.C. 747(c),The Association,annual,"Within 90 days after November 1, 1978 (for methodological info); end of first calendar quarter after 90-day period (for first monitoring report)",provision,https://uscode.house.gov/view.xhtml?req=granuleid:USC-prelim-title45-section747&num=0&edition=prelim,/us/usc/t45/s747/c
45 U.S.C. 747(c)(1),The Association,other,,provision,https://uscode.house.gov/view.xhtml?req=granuleid:USC-prelim-title45-section747&num=0&edition=prelim,/us/usc/t45/s747/c/1
45 U.S.C. 919,the Board,semiannual,every 6 months,provision,https://uscode.house.gov/view.xhtml?req=granuleid:USC-prelim-title45-section919&num=0&edition=prelim,/us/usc/t45/s919
46 U.S.C. 10105,the Commandant,annual,not later than 1 year after the date of enactment of the Don Young Coast Guard Authorization Act of 2022,provision,https://uscode.house.gov/view.xhtml?req=granuleid:USC-prelim-title46-section10105&num=0&edition=prelim,/us/usc/t46/s10105
46 U.S.C. 3316(f),the Secretary,annual,"Not later than 2 years after the date of the enactment of the Howard Coble Coast Guard and Maritime Transportation Act of 2014, and for each year of the subsequent 2-year period",provision,https://uscode.house.gov/view.xhtml?req=granuleid:USC-prelim-title46-section3316&num=0&edition=prelim,/us/usc/t46/s3316/f
46 U.S.C. 4502 note,Secretary of the department in which the Coast Guard is operating,biennial,"one year after the date of enactment of this Act, and every 4 years thereafter",note,https://uscode.house.gov/view.xhtml?req=granuleid:USC-prelim-title46-section4502&num=0&edition=prelim,/us/usc/t46/s4502/note/3
46 U.S.C. 50114 note,the Administrator of the Maritime Administration,semiannual,Not less than twice annually,note,https://uscode.house.gov/view.xhtml?req=granuleid:USC-prelim-title46-section50114&num=0&edition=prelim,/us/usc/t46/s50114/note/0
46 U.S.C. 50308(i),Maritime Administrator,annual,during the year covered by the report,provision,https://uscode.house.gov/view.xhtml?req=granuleid:USC-prelim-title46-section50308&num=0&edition=prelim,/us/usc/t46/s50308/i
46 U.S.C. 70001(e),the Secretary,biennial,not later than 1 year after the date of the enactment of this paragraph,provision,https://uscode.house.gov/view.xhtml?req=granuleid:USC-prelim-title46-section70001&num=0&edition=prelim,/us/usc/t46/s70001/e
46 U.S.C. 70107(m)(5),Inspector General of the department in which the Coast Guard is operating,annual,,provision,https://uscode.house.gov/view.xhtml?req=granuleid:USC-prelim-title46-section70107&num=0&edition=prelim,/us/usc/t46/s70107/m/5
46 U.S.C. 70122(e),the Secretary,annual,concurrent with the President’s budget submission for each fiscal year,provision,https://uscode.house.gov/view.xhtml?req=granuleid:USC-prelim-title46-section70122&num=0&edition=prelim,/us/usc/t46/s70122/e
47 U.S.C. 1306(b)(4),Assistant Secretary,annual,"Not later than 1 year after the date on which the Assistant Secretary establishes the Office under paragraph (1), and annually thereafter",provision,https://uscode.house.gov/view.xhtml?req=granuleid:USC-prelim-title47-section1306&num=0&edition=prelim,/us/usc/t47/s1306/b/4
47 U.S.C. 1306(c)(4),Inspector General of the Department of Commerce,annual,After completing each audit,provision,https://uscode.house.gov/view.xhtml?req=granuleid:USC-prelim-title47-section1306&num=0&edition=prelim,/us/usc/t47/s1306/c/4
47 U.S.C. 1307(c),Office of Internet Connectivity and Growth,annual,"Not later than 1 year after December 27, 2020, and every year thereafter",provision,https://uscode.house.gov/view.xhtml?req=granuleid:USC-prelim-title47-section1307&num=0&edition=prelim,/us/usc/t47/s1307/c
47 U.S.C. 1429,independent auditor,annual,,provision,https://uscode.house.gov/view.xhtml?req=granuleid:USC-prelim-title47-section1429&num=0&edition=prelim,/us/usc/t47/s1429
47 U.S.C. 1429(a),Secretary of Commerce,annual,,provision,https://uscode.house.gov/view.xhtml?req=granuleid:USC-prelim-title47-section1429&num=0&edition=prelim,/us/usc/t47/s1429/a
47 U.S.C. 1429(b)(2)(A),independent auditor,other,,provision,https://uscode.house.gov/view.xhtml?req=granuleid:USC-prelim-title47-section1429&num=0&edition=prelim,/us/usc/t47/s1429/b/2/A
47 U.S.C. 1430,First Responder Network Authority,annual,"Not later than 1 year after February 22, 2012, and each year thereafter",provision,https://uscode.house.gov/view.xhtml?req=granuleid:USC-prelim-title47-section1430&num=0&edition=prelim,/us/usc/t47/s1430
47 U.S.C. 163,the Commission,biennial,In the last quarter of every even-numbered year,provision,https://uscode.house.gov/view.xhtml?req=granuleid:USC-prelim-title47-section163&num=0&edition=prelim,/us/usc/t47/s163
47 U.S.C. 1705(f)(2),Inspector General of the Department and the Comptroller General of the United States,other,"6 months after the date on which the first grant is awarded under this section, and every 6 months thereafter until all of the grant funds awarded under this section are expended",provision,https://uscode.house.gov/view.xhtml?req=granuleid:USC-prelim-title47-section1705&num=0&edition=prelim,/us/usc/t47/s1705/f/2
47 U.S.C. 1725(a),Assistant Secretary,annual,"Not later than 1 year after the date on which the Assistant Secretary begins awarding grants under section 1723(d)(1) of this title, and annually thereafter",provision,https://uscode.house.gov/view.xhtml?req=granuleid:USC-prelim-title47-section1725&num=0&edition=prelim,/us/usc/t47/s1725/a
47 U.S.C. 227b-2,the Commission,annual,"Not later than 1 year after December 30, 2019, and annually thereafter",provision,https://uscode.house.gov/view.xhtml?req=granuleid:USC-prelim-title47-section227b-2&num=0&edition=prelim,/us/usc/t47/s227b–2
47 U.S.C. 251a,the Commission,annual,"not later than 2 years after October 17, 2020",provision,https://uscode.house.gov/view.xhtml?req=granuleid:USC-prelim-title47-section251a&num=0&edition=prelim,/us/usc/t47/s251a
47 U.S.C. 309a,the Commission,annual,"April 1, 2019",provision,https://uscode.house.gov/view.xhtml?req=granuleid:USC-prelim-title47-section309a&num=0&edition=prelim,/us/usc/t47/s309a
47 U.S.C. 315 note,Federal Communications Commission,annual,,note,https://uscode.house.gov/view.xhtml?req=granuleid:USC-prelim-title47-section315&num=0&edition=prelim,/us/usc/t47/s315/note/0
47 U.S.C. 511(c),the Commission,annual,"Not later than 1 year after January 24, 2020, and annually thereafter",provision,https://uscode.house.gov/view.xhtml?req=granuleid:USC-prelim-title47-section511&num=0&edition=prelim,/us/usc/t47/s511/c
47 U.S.C. 615a-1(f)(2),the Commission,annual,"within 1 year after the date of enactment of the New and Emerging Technologies 911 Improvement Act of 2008, and annually thereafter",provision,https://uscode.house.gov/view.xhtml?req=granuleid:USC-prelim-title47-section615a-1&num=0&edition=prelim,/us/usc/t47/s615a–1/f/2
47 U.S.C. 618(b),the Commission,biennial,"Every two years after October 8, 2010",provision,https://uscode.house.gov/view.xhtml?req=granuleid:USC-prelim-title47-section618&num=0&edition=prelim,/us/usc/t47/s618/b
47 U.S.C. 646,the Commission,annual,Each fiscal year,provision,https://uscode.house.gov/view.xhtml?req=granuleid:USC-prelim-title47-section646&num=0&edition=prelim,/us/usc/t47/s646
47 U.S.C. 904,the Secretary,event-driven,prior to the effective date of reassignment (90 legislative days before),provision,https://uscode.house.gov/view.xhtml?req=granuleid:USC-prelim-title47-section904&num=0&edition=prelim,/us/usc/t47/s904
47 U.S.C. 928 note,National Telecommunications and Information Administration,annual,,note,https://uscode.house.gov/view.xhtml?req=granuleid:USC-prelim-title47-section928&num=0&edition=prelim,/us/usc/t47/s928/note/0
47 U.S.C. 941(h),the registry,annual,,provision,https://uscode.house.gov/view.xhtml?req=granuleid:USC-prelim-title47-section941&num=0&edition=prelim,/us/usc/t47/s941/h
48 U.S.C. 1422 note,Governor and Lieutenant Governor,annual,,note,https://uscode.house.gov/view.xhtml?req=granuleid:USC-prelim-title48-section1422&num=0&edition=prelim,/us/usc/t48/s1422/note/1
48 U.S.C. 1428d,Governor of Guam,annual,annual,provision,https://uscode.house.gov/view.xhtml?req=granuleid:USC-prelim-title48-section1428d&num=0&edition=prelim,/us/usc/t48/s1428d
48 U.S.C. 1492a,Secretary,annual,Not later than 30 days after the date on which the Secretary receives a report submitted by the team under subsection (e),provision,https://uscode.house.gov/view.xhtml?req=granuleid:USC-prelim-title48-section1492a&num=0&edition=prelim,/us/usc/t48/s1492a
48 U.S.C. 1492a(f),Secretary,event-driven,Not later than 30 days after the date on which the Secretary receives a report submitted by the team under subsection (e),provision,https://uscode.house.gov/view.xhtml?req=granuleid:USC-prelim-title48-section1492a&num=0&edition=prelim,/us/usc/t48/s1492a/f
48 U.S.C. 1575(g),the legislature,annual,each year,provision,https://uscode.house.gov/view.xhtml?req=granuleid:USC-prelim-title48-section1575&num=0&edition=prelim,/us/usc/t48/s1575/g
48 U.S.C. 1668,Governor of American Samoa,annual,within one hundred and twenty days after the close of the fiscal year,provision,https://uscode.house.gov/view.xhtml?req=granuleid:USC-prelim-title48-section1668&num=0&edition=prelim,/us/usc/t48/s1668
48 U.S.C. 1692,"chief executives of the governments of the Marshall Islands, the Federated States of Micronesia, Palau, and the Northern Mariana Islands",annual,within one hundred and twenty days after the close of the fiscal year,provision,https://uscode.house.gov/view.xhtml?req=granuleid:USC-prelim-title48-section1692&num=0&edition=prelim,/us/usc/t48/s1692
48 U.S.C. 1902(a)(4),The President,annual,,provision,https://uscode.house.gov/view.xhtml?req=granuleid:USC-prelim-title48-section1902&num=0&edition=prelim,/us/usc/t48/s1902/a/4
48 U.S.C. 1902(c)(4),the President,annual,Not later than 180 days after the end of the United States fiscal year,provision,https://uscode.house.gov/view.xhtml?req=granuleid:USC-prelim-title48-section1902&num=0&edition=prelim,/us/usc/t48/s1902/c/4
48 U.S.C. 1903(a)(4),The President,annual,,provision,https://uscode.house.gov/view.xhtml?req=granuleid:USC-prelim-title48-section1903&num=0&edition=prelim,/us/usc/t48/s1903/a/4
48 U.S.C. 1903(e),Government of the Marshall Islands,annual,,provision,https://uscode.house.gov/view.xhtml?req=granuleid:USC-prelim-title48-section1903&num=0&edition=prelim,/us/usc/t48/s1903/e
48 U.S.C. 1903(m)(4),the President,annual,Not later than 180 days after the end of the United States fiscal year with respect to which such funds were provided,provision,https://uscode.house.gov/view.xhtml?req=granuleid:USC-prelim-title48-section1903&num=0&edition=prelim,/us/usc/t48/s1903/m/4
48 U.S.C. 1903 note,the Secretary of the Interior,annual,"not later than January 1, 1982",note,https://uscode.house.gov/view.xhtml?req=granuleid:USC-prelim-title48-section1903&num=0&edition=prelim,/us/usc/t48/s1903/note/2
48 U.S.C. 1910,the President,annual,not later than 180 days after the end of the United States fiscal year,provision,https://uscode.house.gov/view.xhtml?req=granuleid:USC-prelim-title48-section1910&num=0&edition=prelim,/us/usc/t48/s1910
48 U.S.C. 1933(k),Departments of Energy and Interior,annual,December 1 of each fiscal year,provision,https://uscode.house.gov/view.xhtml?req=granuleid:USC-prelim-title48-section1933&num=0&edition=prelim,/us/usc/t48/s1933/k
48 U.S.C. 1974(c)(4),Secretary of State,annual,"Not later than 180 days after December 22, 2023",provision,https://uscode.house.gov/view.xhtml?req=granuleid:USC-prelim-title48-section1974&num=0&edition=prelim,/us/usc/t48/s1974/c/4
48 U.S.C. 1988(i),Secretary of State,annual,"beginning 1 year from March 9, 2024",provision,https://uscode.house.gov/view.xhtml?req=granuleid:USC-prelim-title48-section1988&num=0&edition=prelim,/us/usc/t48/s1988/i
48 U.S.C. 2002,Secretary of the Interior,other,"Not later than one year after January 14, 1986, and each five years thereafter",provision,https://uscode.house.gov/view.xhtml?req=granuleid:USC-prelim-title48-section2002&num=0&edition=prelim,/us/usc/t48/s2002
48 U.S.C. 2127(a),Oversight Board,annual,each fiscal year during which the Oversight Board is in operation,provision,https://uscode.house.gov/view.xhtml?req=granuleid:USC-prelim-title48-section2127&num=0&edition=prelim,/us/usc/t48/s2127/a
48 U.S.C. 2148,Oversight Board,annual,Not later than 30 days after the last day of each fiscal year,provision,https://uscode.house.gov/view.xhtml?req=granuleid:USC-prelim-title48-section2148&num=0&edition=prelim,/us/usc/t48/s2148
48 U.S.C. 2198,Comptroller General of the United States,biennial,"Not later than one year after June 30, 2016, and thereafter not less than once every two years",provision,https://uscode.house.gov/view.xhtml?req=granuleid:USC-prelim-title48-section2198&num=0&edition=prelim,/us/usc/t48/s2198
49 U.S.C. 114 note,Administrator of the TSA,annual,In conjunction with the submission of the Department’s annual budget request to the Office of Management and Budget,note,https://uscode.house.gov/view.xhtml?req=granuleid:USC-prelim-title49-section114&num=0&edition=prelim,/us/usc/t49/s114/note/11
49 U.S.C. 114 note,the Administrator,annual,not later than 120 days after the date that annual risk-based priorities are developed under subsection (a),note,https://uscode.house.gov/view.xhtml?req=granuleid:USC-prelim-title49-section114&num=0&edition=prelim,/us/usc/t49/s114/note/15
49 U.S.C. 114 note,Secretary of Homeland Security,semiannual,,note,https://uscode.house.gov/view.xhtml?req=granuleid:USC-prelim-title49-section114&num=0&edition=prelim,/us/usc/t49/s114/note/20
49 U.S.C. 114 note,Under Secretary of Transportation for Security,annual,"Not later than 6 months after the date of enactment of this Act, and annually thereafter until the Under Secretary has implemented or decided not to take each of the actions specified in subsection (a)",note,https://uscode.house.gov/view.xhtml?req=granuleid:USC-prelim-title49-section114&num=0&edition=prelim,/us/usc/t49/s114/note/26
49 U.S.C. 114(s)(4),Secretary of Homeland Security,biennial,April 1 of each even-numbered year; annually in conjunction with budget submission; end of each fiscal year,provision,https://uscode.house.gov/view.xhtml?req=granuleid:USC-prelim-title49-section114&num=0&edition=prelim,/us/usc/t49/s114/s/4
49 U.S.C. 114(s)(4)(B),Secretary of Homeland Security,annual,"each year, in conjunction with the submission of the budget to Congress",provision,https://uscode.house.gov/view.xhtml?req=granuleid:USC-prelim-title49-section114&num=0&edition=prelim,/us/usc/t49/s114/s/4/B
49 U.S.C. 114(t)(6),Secretary of Homeland Security,annual,,provision,https://uscode.house.gov/view.xhtml?req=granuleid:USC-prelim-title49-section114&num=0&edition=prelim,/us/usc/t49/s114/t/6
49 U.S.C. 116(h)(4),the Secretary,quarterly,"not later than 90 days after the date of enactment of this section, and every 90 days thereafter",provision,https://uscode.house.gov/view.xhtml?req=granuleid:USC-prelim-title49-section116&num=0&edition=prelim,/us/usc/t49/s116/h/4
49 U.S.C. 1301 note,Surface Transportation Board,annual,Not later than 180 days after the date of enactment of this Act,note,https://uscode.house.gov/view.xhtml?req=granuleid:USC-prelim-title49-section1301&num=0&edition=prelim,/us/usc/t49/s1301/note/6
49 U.S.C. 1304,The Board,annual,,provision,https://uscode.house.gov/view.xhtml?req=granuleid:USC-prelim-title49-section1304&num=0&edition=prelim,/us/usc/t49/s1304
49 U.S.C. 1304 note,Surface Transportation Board,quarterly,not later than 60 days after the date of the enactment of this Act,note,https://uscode.house.gov/view.xhtml?req=granuleid:USC-prelim-title49-section1304&num=0&edition=prelim,/us/usc/t49/s1304/note/0
49 U.S.C. 1326(b)(1),the Inspector General,other,,provision,https://uscode.house.gov/view.xhtml?req=granuleid:USC-prelim-title49-section1326&num=0&edition=prelim,/us/usc/t49/s1326/b/1
49 U.S.C. 1326(b)(3),the Inspector General,periodic,,provision,https://uscode.house.gov/view.xhtml?req=granuleid:USC-prelim-title49-section1326&num=0&edition=prelim,/us/usc/t49/s1326/b/3
49 U.S.C. 20155 note,the Secretary,annual,not later than 60 days after the date that both the collection of the data under subsection (b) and the survey under subsection (c) are complete,note,https://uscode.house.gov/view.xhtml?req=granuleid:USC-prelim-title49-section20155&num=0&edition=prelim,/us/usc/t49/s20155/note/2
49 U.S.C. 20162 note,the Secretary,event-driven,upon determination of failure to cooperate,note,https://uscode.house.gov/view.xhtml?req=granuleid:USC-prelim-title49-section20162&num=0&edition=prelim,/us/usc/t49/s20162/note/0
49 U.S.C. 22402 note,the Secretary of Transportation,semiannual,"not later than 6 months after the date of enactment of this Act, and every 6 months thereafter",note,https://uscode.house.gov/view.xhtml?req=granuleid:USC-prelim-title49-section22402&num=0&edition=prelim,/us/usc/t49/s22402/note/1
49 U.S.C. 24711 note,Secretary of Transportation,biennial,"not later than 4 years after the date of implementation of the pilot program under section 24711 of title 49, United States Code",note,https://uscode.house.gov/view.xhtml?req=granuleid:USC-prelim-title49-section24711&num=0&edition=prelim,/us/usc/t49/s24711/note/1
49 U.S.C. 24712(a)(7),State-Supported Route Committee,event-driven,Not later than 30 days after the adoption of the revised cost methodology policy,provision,https://uscode.house.gov/view.xhtml?req=granuleid:USC-prelim-title49-section24712&num=0&edition=prelim,/us/usc/t49/s24712/a/7
49 U.S.C. 24911(j),the Secretary,annual,not later than the first Monday in February of each year,provision,https://uscode.house.gov/view.xhtml?req=granuleid:USC-prelim-title49-section24911&num=0&edition=prelim,/us/usc/t49/s24911/j
49 U.S.C. 25101(g),the Secretary,annual,"Not later than 1 year after the establishment of the program under this section, and by February 1st of each year thereafter",provision,https://uscode.house.gov/view.xhtml?req=granuleid:USC-prelim-title49-section25101&num=0&edition=prelim,/us/usc/t49/s25101/g
49 U.S.C. 310(f),Secretary of Transportation; Inspector General of the Department of Transportation,biennial,Not later than 2 years after the date of enactment (for Secretary); Not later than 3 years after the date of enactment (for IG),provision,https://uscode.house.gov/view.xhtml?req=granuleid:USC-prelim-title49-section310&num=0&edition=prelim,/us/usc/t49/s310/f
49 U.S.C. 41728 note,the Secretary,annual,Upon completion of each annual report required under subsection (c),note,https://uscode.house.gov/view.xhtml?req=granuleid:USC-prelim-title49-section41728&num=0&edition=prelim,/us/usc/t49/s41728/note/2
49 U.S.C. 41728 note,the Secretary of Transportation,annual,"not later than 1 year after the date of enactment of this Act, and annually thereafter",note,https://uscode.house.gov/view.xhtml?req=granuleid:USC-prelim-title49-section41728&num=0&edition=prelim,/us/usc/t49/s41728/note/3
49 U.S.C. 41743(f),Secretary of the Department of Transportation,other,,provision,https://uscode.house.gov/view.xhtml?req=granuleid:USC-prelim-title49-section41743&num=0&edition=prelim,/us/usc/t49/s41743/f
49 U.S.C. 44745(i),the Administrator,annual,1 year after the date of enactment of the FAA Reauthorization Act of 2024,provision,https://uscode.house.gov/view.xhtml?req=granuleid:USC-prelim-title49-section44745&num=0&edition=prelim,/us/usc/t49/s44745/i
49 U.S.C. 44803 note,The Administrator,annual,,note,https://uscode.house.gov/view.xhtml?req=granuleid:USC-prelim-title49-section44803&num=0&edition=prelim,/us/usc/t49/s44803/note/0
49 U.S.C. 44810(f),The Administrator,annual,,provision,https://uscode.house.gov/view.xhtml?req=granuleid:USC-prelim-title49-section44810&num=0&edition=prelim,/us/usc/t49/s44810/f
49 U.S.C. 44925(b),Administrator of the Transportation Security Administration,other,,provision,https://uscode.house.gov/view.xhtml?req=granuleid:USC-prelim-title49-section44925&num=0&edition=prelim,/us/usc/t49/s44925/b
49 U.S.C. 44927(f),Administrator of the Transportation Security Administration,annual,Each year,provision,https://uscode.house.gov/view.xhtml?req=granuleid:USC-prelim-title49-section44927&num=0&edition=prelim,/us/usc/t49/s44927/f
49 U.S.C. 44942,Administrator of the Transportation Security Administration,annual,each year,provision,https://uscode.house.gov/view.xhtml?req=granuleid:USC-prelim-title49-section44942&num=0&edition=prelim,/us/usc/t49/s44942
49 U.S.C. 44942(a)(1),Administrator of the Transportation Security Administration,other,,provision,https://uscode.house.gov/view.xhtml?req=granuleid:USC-prelim-title49-section44942&num=0&edition=prelim,/us/usc/t49/s44942/a/1
49 U.S.C. 45303(d),Administrator,annual,on the same day each year as the President submits the annual budget to Congress,provision,https://uscode.house.gov/view.xhtml?req=granuleid:USC-prelim-title49-section45303&num=0&edition=prelim,/us/usc/t49/s45303/d
49 U.S.C. 45303(g)(2),the Administrator and the Chief Operating Officer,biennial,Not later than 15 days after completing the calculations under subparagraph (A),provision,https://uscode.house.gov/view.xhtml?req=granuleid:USC-prelim-title49-section45303&num=0&edition=prelim,/us/usc/t49/s45303/g/2
49 U.S.C. 47171(q)(1),the Secretary,annual,,provision,https://uscode.house.gov/view.xhtml?req=granuleid:USC-prelim-title49-section47171&num=0&edition=prelim,/us/usc/t49/s47171/q/1
49 U.S.C. 49106(g),Comptroller General,periodic,,provision,https://uscode.house.gov/view.xhtml?req=granuleid:USC-prelim-title49-section49106&num=0&edition=prelim,/us/usc/t49/s49106/g
49 U.S.C. 6501(d),the Secretary,annual,annually,provision,https://uscode.house.gov/view.xhtml?req=granuleid:USC-prelim-title49-section6501&num=0&edition=prelim,/us/usc/t49/s6501/d
49 U.S.C. 6502,the Secretary,annual,In conjunction with each of the annual budget requests submitted by the President under section 1105 of title 31,provision,https://uscode.house.gov/view.xhtml?req=granuleid:USC-prelim-title49-section6502&num=0&edition=prelim,/us/usc/t49/s6502
5 U.S.C. 10102,the Administrator,annual,"Not later than 6 months after the date of enactment of this chapter; Not later than May 1, 2007, and May 1st of each of the next 5 succeeding years",provision,https://uscode.house.gov/view.xhtml?req=granuleid:USC-prelim-title5-section10102&num=0&edition=prelim,/us/usc/t5/s10102
5 U.S.C. 10104(f),The Agency,annual,annually for each of the 5 years during which this section is in effect,provision,https://uscode.house.gov/view.xhtml?req=granuleid:USC-prelim-title5-section10104&num=0&edition=prelim,/us/usc/t5/s10104/f
5 U.S.C. 10105(f),Office of Personnel Management,annual,annually for each of the first 5 years during which this section is in effect,provision,https://uscode.house.gov/view.xhtml?req=granuleid:USC-prelim-title5-section10105&num=0&edition=prelim,/us/usc/t5/s10105/f
5 U.S.C. 10106,the Administrator,quarterly,"not later than 3 months after the date of enactment of this chapter, and every 3 months thereafter until 5 years after the date of enactment",provision,https://uscode.house.gov/view.xhtml?req=granuleid:USC-prelim-title5-section10106&num=0&edition=prelim,/us/usc/t5/s10106
5 U.S.C. 1101 note,Federal Labor Relations Authority,annual,,note,https://uscode.house.gov/view.xhtml?req=granuleid:USC-prelim-title5-section1101&num=0&edition=prelim,/us/usc/t5/s1101/note/19
5 U.S.C. 1206,The Board,annual,,provision,https://uscode.house.gov/view.xhtml?req=granuleid:USC-prelim-title5-section1206&num=0&edition=prelim,/us/usc/t5/s1206
5 U.S.C. 1218,Special Counsel,annual,on an annual basis,provision,https://uscode.house.gov/view.xhtml?req=granuleid:USC-prelim-title5-section1218&num=0&edition=prelim,/us/usc/t5/s1218
5 U.S.C. 2952,head of each Executive department or military department,annual,at the beginning of each regular session of Congress,provision,https://uscode.house.gov/view.xhtml?req=granuleid:USC-prelim-title5-section2952&num=0&edition=prelim,/us/usc/t5/s2952
5 U.S.C. 2953,Executive agency,event-driven,"when submitting or transmitting a report, recommendation, or other communication of an official nature relating to proposed legislation/expansion",provision,https://uscode.house.gov/view.xhtml?req=granuleid:USC-prelim-title5-section2953&num=0&edition=prelim,/us/usc/t5/s2953
5 U.S.C. 3101 note,the Departments and agencies funded under this Act,annual,"not later than 30 days after the date of enactment of this Act, and annually thereafter",note,https://uscode.house.gov/view.xhtml?req=granuleid:USC-prelim-title5-section3101&num=0&edition=prelim,/us/usc/t5/s3101/note/0
5 U.S.C. 3101 note,Director of the Office of Personnel Management,annual,annual,note,https://uscode.house.gov/view.xhtml?req=granuleid:USC-prelim-title5-section3101&num=0&edition=prelim,/us/usc/t5/s3101/note/1
5 U.S.C. 3101 note,Office of Management and Budget,quarterly,on the first date of each quarter of each applicable fiscal year,note,https://uscode.house.gov/view.xhtml?req=granuleid:USC-prelim-title5-section3101&num=0&edition=prelim,/us/usc/t5/s3101/note/2
5 U.S.C. 3151(e),the Attorney General,annual,at the time the budget is submitted by the President to the Congress for the next fiscal year,provision,https://uscode.house.gov/view.xhtml?req=granuleid:USC-prelim-title5-section3151&num=0&edition=prelim,/us/usc/t5/s3151/e
5 U.S.C. 3304 note,the Director,annual,"Not later than 1 year after the date of enactment of this Act, and each year thereafter ending with the fifth publication and submission of the report",note,https://uscode.house.gov/view.xhtml?req=granuleid:USC-prelim-title5-section3304&num=0&edition=prelim,/us/usc/t5/s3304/note/0
5 U.S.C. 3349e,the President,annual,within 30 days after the end of such period and not later than June 1 of each year thereafter,provision,https://uscode.house.gov/view.xhtml?req=granuleid:USC-prelim-title5-section3349e&num=0&edition=prelim,/us/usc/t5/s3349e
5 U.S.C. 3703,agency which fails to comply with paragraph (1),event-driven,within 90 days after the end of such year,provision,https://uscode.house.gov/view.xhtml?req=granuleid:USC-prelim-title5-section3703&num=0&edition=prelim,/us/usc/t5/s3703
5 U.S.C. 3703(e)(3),An agency which fails to comply with paragraph (1),annual,within 90 days after the end of such year,provision,https://uscode.house.gov/view.xhtml?req=granuleid:USC-prelim-title5-section3703&num=0&edition=prelim,/us/usc/t5/s3703/e/3
5 U.S.C. 3706,Office of Personnel Management,semiannual,not later than April 30 and October 31 of each year,provision,https://uscode.house.gov/view.xhtml?req=granuleid:USC-prelim-title5-section3706&num=0&edition=prelim,/us/usc/t5/s3706
5 U.S.C. 4304,Comptroller General,other,from time to time,provision,https://uscode.house.gov/view.xhtml?req=granuleid:USC-prelim-title5-section4304&num=0&edition=prelim,/us/usc/t5/s4304
5 U.S.C. 5406,Chief Human Capital Officers Council,annual,,provision,https://uscode.house.gov/view.xhtml?req=granuleid:USC-prelim-title5-section5406&num=0&edition=prelim,/us/usc/t5/s5406
5 U.S.C. 552b(j),Each agency subject to the requirements of this section,annual,annually,provision,https://uscode.house.gov/view.xhtml?req=granuleid:USC-prelim-title5-section552b&num=0&edition=prelim,/us/usc/t5/s552b/j
5 U.S.C. 5711(f),the Director of the Patent and Trademark Office,annual,,provision,https://uscode.house.gov/view.xhtml?req=granuleid:USC-prelim-title5-section5711&num=0&edition=prelim,/us/usc/t5/s5711/f
5 U.S.C. 5739,Administrator of General Services,event-driven,at least 30 days before the effective date of the program or extension,provision,https://uscode.house.gov/view.xhtml?req=granuleid:USC-prelim-title5-section5739&num=0&edition=prelim,/us/usc/t5/s5739
5 U.S.C. 5943,the President,annual,,provision,https://uscode.house.gov/view.xhtml?req=granuleid:USC-prelim-title5-section5943&num=0&edition=prelim,/us/usc/t5/s5943
5 U.S.C. 5943 note,Secretary of the Treasury,annual,,note,https://uscode.house.gov/view.xhtml?req=granuleid:USC-prelim-title5-section5943&num=0&edition=prelim,/us/usc/t5/s5943/note/0
5 U.S.C. 595(c),Chairman of the Conference,annual,,provision,https://uscode.house.gov/view.xhtml?req=granuleid:USC-prelim-title5-section595&num=0&edition=prelim,/us/usc/t5/s595/c
5 U.S.C. 612,Chief Counsel for Advocacy of the Small Business Administration,annual,,provision,https://uscode.house.gov/view.xhtml?req=granuleid:USC-prelim-title5-section612&num=0&edition=prelim,/us/usc/t5/s612
5 U.S.C. 6501 note,each Department or agency,semiannual,6 months after the date of enactment of this Act and every 6 months thereafter,note,https://uscode.house.gov/view.xhtml?req=granuleid:USC-prelim-title5-section6501&num=0&edition=prelim,/us/usc/t5/s6501/note/1
5 U.S.C. 6506(b),Director of the Office of Personnel Management,annual,Not later than 18 months after the date of enactment of this chapter,provision,https://uscode.house.gov/view.xhtml?req=granuleid:USC-prelim-title5-section6506&num=0&edition=prelim,/us/usc/t5/s6506/b
5 U.S.C. 6506(c),Comptroller General,annual,Not later than 18 months after the date of enactment of this chapter and on an annual basis thereafter; and not later than 6 months after the submission of the first report to Congress required under subsection (b),provision,https://uscode.house.gov/view.xhtml?req=granuleid:USC-prelim-title5-section6506&num=0&edition=prelim,/us/usc/t5/s6506/c
5 U.S.C. 6506(d)(2),Chair and Vice Chair of the Chief Human Capital Officers Council,annual,,provision,https://uscode.house.gov/view.xhtml?req=granuleid:USC-prelim-title5-section6506&num=0&edition=prelim,/us/usc/t5/s6506/d/2
5 U.S.C. 7104,Federal Labor Relations Authority,annual,,provision,https://uscode.house.gov/view.xhtml?req=granuleid:USC-prelim-title5-section7104&num=0&edition=prelim,/us/usc/t5/s7104
5 U.S.C. 7201,the Office,annual,Not later than January 31 of each year,provision,https://uscode.house.gov/view.xhtml?req=granuleid:USC-prelim-title5-section7201&num=0&edition=prelim,/us/usc/t5/s7201
5 U.S.C. 7531,the President,event-driven,any designation,provision,https://uscode.house.gov/view.xhtml?req=granuleid:USC-prelim-title5-section7531&num=0&edition=prelim,/us/usc/t5/s7531
5 U.S.C. 7905,agencies designated by the President,biennial,"before January 1, 1995, and at least every 2 years thereafter",provision,https://uscode.house.gov/view.xhtml?req=granuleid:USC-prelim-title5-section7905&num=0&edition=prelim,/us/usc/t5/s7905
5 U.S.C. 7905(d),designated agencies,biennial,"before January 1, 1995, and at least every 2 years thereafter",provision,https://uscode.house.gov/view.xhtml?req=granuleid:USC-prelim-title5-section7905&num=0&edition=prelim,/us/usc/t5/s7905/d
5 U.S.C. 8350 note,Federal Retirement Thrift Investment Board,annual,,note,https://uscode.house.gov/view.xhtml?req=granuleid:USC-prelim-title5-section8350&num=0&edition=prelim,/us/usc/t5/s8350/note/0
5 U.S.C. 8903c note,The Director of the Office,annual,,note,https://uscode.house.gov/view.xhtml?req=granuleid:USC-prelim-title5-section8903c&num=0&edition=prelim,/us/usc/t5/s8903c/note/1
5 U.S.C. 9815(1),The Administrator,annual,not later than February 28 of each of the next 6 years beginning after the date of enactment of this chapter,provision,https://uscode.house.gov/view.xhtml?req=granuleid:USC-prelim-title5-section9815&num=0&edition=prelim,/us/usc/t5/s9815/1
50 U.S.C. 1521a,Under Secretary of Defense (Comptroller),annual,Beginning with respect to the budget request for fiscal year 2004,provision,https://uscode.house.gov/view.xhtml?req=granuleid:USC-prelim-title50-section1521a&num=0&edition=prelim,/us/usc/t50/s1521a
50 U.S.C. 1523(b),Department of Defense,annual,annual,provision,https://uscode.house.gov/view.xhtml?req=granuleid:USC-prelim-title50-section1523&num=0&edition=prelim,/us/usc/t50/s1523/b
50 U.S.C. 1523(b)(6),not specified,annual,annual,provision,https://uscode.house.gov/view.xhtml?req=granuleid:USC-prelim-title50-section1523&num=0&edition=prelim,/us/usc/t50/s1523/b/6
50 U.S.C. 1549,the President,annual,Not later than March 1 of each year; Not later than 30 days after the date on which a change is made,provision,https://uscode.house.gov/view.xhtml?req=granuleid:USC-prelim-title50-section1549&num=0&edition=prelim,/us/usc/t50/s1549
50 U.S.C. 1549(c),not specified,annual,during the preceding year,provision,https://uscode.house.gov/view.xhtml?req=granuleid:USC-prelim-title50-section1549&num=0&edition=prelim,/us/usc/t50/s1549/c
50 U.S.C. 167d(e),Secretary of the Interior,annual,"Not later than 1 year after October 2, 2013, and annually thereafter",provision,https://uscode.house.gov/view.xhtml?req=granuleid:USC-prelim-title50-section167d&num=0&edition=prelim,/us/usc/t50/s167d/e
50 U.S.C. 1706(d),the President,semiannual,every six months,provision,https://uscode.house.gov/view.xhtml?req=granuleid:USC-prelim-title50-section1706&num=0&edition=prelim,/us/usc/t50/s1706/d
50 U.S.C. 1709(a),the President,annual,"Not later than 180 days after January 5, 2023",provision,https://uscode.house.gov/view.xhtml?req=granuleid:USC-prelim-title50-section1709&num=0&edition=prelim,/us/usc/t50/s1709/a
50 U.S.C. 1709 note,Secretary of State,annual,at least 90 days before the deadline for submission of the annual report to the appropriate congressional committees,note,https://uscode.house.gov/view.xhtml?req=granuleid:USC-prelim-title50-section1709&num=0&edition=prelim,/us/usc/t50/s1709/note/0
50 U.S.C. 1801 note,Federal Bureau of Investigation,annual,Not later than December 31 of each calendar year,note,https://uscode.house.gov/view.xhtml?req=granuleid:USC-prelim-title50-section1801&num=0&edition=prelim,/us/usc/t50/s1801/note/0
50 U.S.C. 1807,the Attorney General,annual,In April of each year,provision,https://uscode.house.gov/view.xhtml?req=granuleid:USC-prelim-title50-section1807&num=0&edition=prelim,/us/usc/t50/s1807
50 U.S.C. 1808,Attorney General; Permanent Select Committee on Intelligence and the Senate Select Committee on Intelligence,semiannual,"semiannual; on or before one year after October 25, 1978, and on the same day each year for four years thereafter",provision,https://uscode.house.gov/view.xhtml?req=granuleid:USC-prelim-title50-section1808&num=0&edition=prelim,/us/usc/t50/s1808
50 U.S.C. 1808(a)(2),Attorney General,other,,provision,https://uscode.house.gov/view.xhtml?req=granuleid:USC-prelim-title50-section1808&num=0&edition=prelim,/us/usc/t50/s1808/a/2
50 U.S.C. 1808(b),Permanent Select Committee on Intelligence and the Senate Select Committee on Intelligence,annual,"On or before one year after October 25, 1978, and on the same day each year for four years thereafter",provision,https://uscode.house.gov/view.xhtml?req=granuleid:USC-prelim-title50-section1808&num=0&edition=prelim,/us/usc/t50/s1808/b
50 U.S.C. 1813(b)(3),head of the element of the intelligence community responsible for such retention,event-driven,not later than 30 days after the date such retention is extended (for threat reporting); upon extension (for certification),provision,https://uscode.house.gov/view.xhtml?req=granuleid:USC-prelim-title50-section1813&num=0&edition=prelim,/us/usc/t50/s1813/b/3
50 U.S.C. 1813(b)(3)(B)(vi),the agency/entity retaining the communications,annual,,provision,https://uscode.house.gov/view.xhtml?req=granuleid:USC-prelim-title50-section1813&num=0&edition=prelim,/us/usc/t50/s1813/b/3/B/vi
50 U.S.C. 1826,Attorney General,semiannual,semiannual,provision,https://uscode.house.gov/view.xhtml?req=granuleid:USC-prelim-title50-section1826&num=0&edition=prelim,/us/usc/t50/s1826
50 U.S.C. 1846,the Attorney General,semiannual,semiannual basis,provision,https://uscode.house.gov/view.xhtml?req=granuleid:USC-prelim-title50-section1846&num=0&edition=prelim,/us/usc/t50/s1846
50 U.S.C. 1863,Attorney General,semiannual,semiannual,provision,https://uscode.house.gov/view.xhtml?req=granuleid:USC-prelim-title50-section1863&num=0&edition=prelim,/us/usc/t50/s1863
50 U.S.C. 1871(a),the Attorney General,semiannual,semiannual,provision,https://uscode.house.gov/view.xhtml?req=granuleid:USC-prelim-title50-section1871&num=0&edition=prelim,/us/usc/t50/s1871/a
50 U.S.C. 1881f,the Attorney General,semiannual,Not less frequently than once every 6 months,provision,https://uscode.house.gov/view.xhtml?req=granuleid:USC-prelim-title50-section1881f&num=0&edition=prelim,/us/usc/t50/s1881f
50 U.S.C. 1881f(b),not specified in provided text (refers to 'Each report under subsection (a)'),other,during the reporting period,provision,https://uscode.house.gov/view.xhtml?req=granuleid:USC-prelim-title50-section1881f&num=0&edition=prelim,/us/usc/t50/s1881f/b
50 U.S.C. 1881f(b)(1),the entity responsible for reports under subsection (a),other,during the reporting period,provision,https://uscode.house.gov/view.xhtml?req=granuleid:USC-prelim-title50-section1881f&num=0&edition=prelim,/us/usc/t50/s1881f/b/1
50 U.S.C. 1881f(b)(1)(G),not specified,other,,provision,https://uscode.house.gov/view.xhtml?req=granuleid:USC-prelim-title50-section1881f&num=0&edition=prelim,/us/usc/t50/s1881f/b/1/G
50 U.S.C. 1881f(b)(1)(G)(i),the entity responsible for reports under subsection (a),other,,provision,https://uscode.house.gov/view.xhtml?req=granuleid:USC-prelim-title50-section1881f&num=0&edition=prelim,/us/usc/t50/s1881f/b/1/G/i
50 U.S.C. 1881f(b)(1)(G)(ii),intelligence community element,other,,provision,https://uscode.house.gov/view.xhtml?req=granuleid:USC-prelim-title50-section1881f&num=0&edition=prelim,/us/usc/t50/s1881f/b/1/G/ii
50 U.S.C. 1881f(b)(3),the entity responsible for reports under subsection (a),other,,provision,https://uscode.house.gov/view.xhtml?req=granuleid:USC-prelim-title50-section1881f&num=0&edition=prelim,/us/usc/t50/s1881f/b/3
50 U.S.C. 1881f(b)(3)(C),Attorney General,event-driven,,provision,https://uscode.house.gov/view.xhtml?req=granuleid:USC-prelim-title50-section1881f&num=0&edition=prelim,/us/usc/t50/s1881f/b/3/C
50 U.S.C. 1885c,the Attorney General,semiannual,Not less frequently than once every 6 months,provision,https://uscode.house.gov/view.xhtml?req=granuleid:USC-prelim-title50-section1885c&num=0&edition=prelim,/us/usc/t50/s1885c
50 U.S.C. 1902(g),the Secretary,annual,annually,provision,https://uscode.house.gov/view.xhtml?req=granuleid:USC-prelim-title50-section1902&num=0&edition=prelim,/us/usc/t50/s1902/g
50 U.S.C. 1906,the Secretary,annual,at the time that the President’s budget for the next fiscal year is submitted to Congress pursuant to section 1105 of title 31,provision,https://uscode.house.gov/view.xhtml?req=granuleid:USC-prelim-title50-section1906&num=0&edition=prelim,/us/usc/t50/s1906
50 U.S.C. 1906(a)(3),not specified,annual,date provided in section 3106 of this title,provision,https://uscode.house.gov/view.xhtml?req=granuleid:USC-prelim-title50-section1906&num=0&edition=prelim,/us/usc/t50/s1906/a/3
50 U.S.C. 2301 note,Secretary of Energy,event-driven,Not later than 30 days after the receipt of an amount contributed under subsection (a),note,https://uscode.house.gov/view.xhtml?req=granuleid:USC-prelim-title50-section2301&num=0&edition=prelim,/us/usc/t50/s2301/note/0
50 U.S.C. 2368(a),the President,annual,"not later than March 1, 2003, and annually thereafter",provision,https://uscode.house.gov/view.xhtml?req=granuleid:USC-prelim-title50-section2368&num=0&edition=prelim,/us/usc/t50/s2368/a
50 U.S.C. 2368 note,,annual,,note,https://uscode.house.gov/view.xhtml?req=granuleid:USC-prelim-title50-section2368&num=0&edition=prelim,/us/usc/t50/s2368/note/1
50 U.S.C. 2426(a),the Administrator,annual,Not later than February 1 of each year,provision,https://uscode.house.gov/view.xhtml?req=granuleid:USC-prelim-title50-section2426&num=0&edition=prelim,/us/usc/t50/s2426/a
50 U.S.C. 2426(a)(2),not specified,annual,annually,provision,https://uscode.house.gov/view.xhtml?req=granuleid:USC-prelim-title50-section2426&num=0&edition=prelim,/us/usc/t50/s2426/a/2
50 U.S.C. 2426(b),the Administrator,annual,Not later than February 1 of each year,provision,https://uscode.house.gov/view.xhtml?req=granuleid:USC-prelim-title50-section2426&num=0&edition=prelim,/us/usc/t50/s2426/b
50 U.S.C. 2426(b)(2),not specified,annual,annual,provision,https://uscode.house.gov/view.xhtml?req=granuleid:USC-prelim-title50-section2426&num=0&edition=prelim,/us/usc/t50/s2426/b/2
50 U.S.C. 2426(e),the Administrator,event-driven,upon exercise of waiver authority,provision,https://uscode.house.gov/view.xhtml?req=granuleid:USC-prelim-title50-section2426&num=0&edition=prelim,/us/usc/t50/s2426/e
50 U.S.C. 2441a,the Administrator,annual,In conjunction with the submission of the budget of the President to Congress pursuant to section 1105 of title 31,provision,https://uscode.house.gov/view.xhtml?req=granuleid:USC-prelim-title50-section2441a&num=0&edition=prelim,/us/usc/t50/s2441a
50 U.S.C. 2443,the Administrator,annual,At or about the time that the President’s budget is submitted to Congress; Not later than December 31 of each year,provision,https://uscode.house.gov/view.xhtml?req=granuleid:USC-prelim-title50-section2443&num=0&edition=prelim,/us/usc/t50/s2443
50 U.S.C. 2451(b),the Administrator,annual,in support of each such budget,provision,https://uscode.house.gov/view.xhtml?req=granuleid:USC-prelim-title50-section2451&num=0&edition=prelim,/us/usc/t50/s2451/b
50 U.S.C. 2454,The Administrator,semiannual,not later than 30 days after the end of that fiscal half,provision,https://uscode.house.gov/view.xhtml?req=granuleid:USC-prelim-title50-section2454&num=0&edition=prelim,/us/usc/t50/s2454
50 U.S.C. 3038(c),Director of the Defense Intelligence Agency,annual,Not later than December 31 of each year,provision,https://uscode.house.gov/view.xhtml?req=granuleid:USC-prelim-title50-section3038&num=0&edition=prelim,/us/usc/t50/s3038/c
50 U.S.C. 3041a(d)(6),Advisory Board,annual,March 31 of each year,provision,https://uscode.house.gov/view.xhtml?req=granuleid:USC-prelim-title50-section3041a&num=0&edition=prelim,/us/usc/t50/s3041a/d/6
50 U.S.C. 3043a,Director of National Intelligence,multi-year,not later than 45 days after the date of the completion of such strategy,provision,https://uscode.house.gov/view.xhtml?req=granuleid:USC-prelim-title50-section3043a&num=0&edition=prelim,/us/usc/t50/s3043a
50 U.S.C. 3043b,the Director of National Intelligence,annual,"Not later than the first Monday in February 2021, and each year thereafter",provision,https://uscode.house.gov/view.xhtml?req=granuleid:USC-prelim-title50-section3043b&num=0&edition=prelim,/us/usc/t50/s3043b
50 U.S.C. 3044,Chief Information Officer of the Intelligence Community,biennial,,provision,https://uscode.house.gov/view.xhtml?req=granuleid:USC-prelim-title50-section3044&num=0&edition=prelim,/us/usc/t50/s3044
50 U.S.C. 3045 note,Director of the National Geospatial-Intelligence Agency,annual,"not later than 270 days after the date of the enactment of this Act, and annually thereafter during the life of the partnership",note,https://uscode.house.gov/view.xhtml?req=granuleid:USC-prelim-title50-section3045&num=0&edition=prelim,/us/usc/t50/s3045/note/0
50 U.S.C. 3055,Secretary of the Treasury,annual,annual; within 24 hours of designation,provision,https://uscode.house.gov/view.xhtml?req=granuleid:USC-prelim-title50-section3055&num=0&edition=prelim,/us/usc/t50/s3055
50 U.S.C. 3059(b)(4),Foreign Malign Influence Center,other,,provision,https://uscode.house.gov/view.xhtml?req=granuleid:USC-prelim-title50-section3059&num=0&edition=prelim,/us/usc/t50/s3059/b/4
50 U.S.C. 3059(d),the Director of the Center,annual,not less than once each year,provision,https://uscode.house.gov/view.xhtml?req=granuleid:USC-prelim-title50-section3059&num=0&edition=prelim,/us/usc/t50/s3059/d
50 U.S.C. 3072a,Director of the Federal Bureau of Investigation,annual,"Not later than one year after December 13, 2003, and annually thereafter",provision,https://uscode.house.gov/view.xhtml?req=granuleid:USC-prelim-title50-section3072a&num=0&edition=prelim,/us/usc/t50/s3072a
50 U.S.C. 3092(a)(1),"the Director of National Intelligence and the heads of all departments, agencies, and other entities of the United States Government involved in intelligence activities",other,,provision,https://uscode.house.gov/view.xhtml?req=granuleid:USC-prelim-title50-section3092&num=0&edition=prelim,/us/usc/t50/s3092/a/1
50 U.S.C. 3097(c),the President,event-driven,in the budget justification materials submitted in support of such budget,provision,https://uscode.house.gov/view.xhtml?req=granuleid:USC-prelim-title50-section3097&num=0&edition=prelim,/us/usc/t50/s3097/c
50 U.S.C. 3097(d),the President,annual,in support of the budget of the President,provision,https://uscode.house.gov/view.xhtml?req=granuleid:USC-prelim-title50-section3097&num=0&edition=prelim,/us/usc/t50/s3097/d
50 U.S.C. 3103(a)(1),Director of National Intelligence,other,,provision,https://uscode.house.gov/view.xhtml?req=granuleid:USC-prelim-title50-section3103&num=0&edition=prelim,/us/usc/t50/s3103/a/1
50 U.S.C. 3105a,Director of National Intelligence,annual,Not later than 5 days after the date on which the President submits to Congress the budget for each fiscal year,provision,https://uscode.house.gov/view.xhtml?req=granuleid:USC-prelim-title50-section3105a&num=0&edition=prelim,/us/usc/t50/s3105a
50 U.S.C. 3107,the head of each element of the intelligence community,annual,annually,provision,https://uscode.house.gov/view.xhtml?req=granuleid:USC-prelim-title50-section3107&num=0&edition=prelim,/us/usc/t50/s3107
50 U.S.C. 3108,the chief financial officer of each covered entity,annual,each year,provision,https://uscode.house.gov/view.xhtml?req=granuleid:USC-prelim-title50-section3108&num=0&edition=prelim,/us/usc/t50/s3108
50 U.S.C. 3110,Director of National Intelligence,annual,annually,provision,https://uscode.house.gov/view.xhtml?req=granuleid:USC-prelim-title50-section3110&num=0&edition=prelim,/us/usc/t50/s3110
50 U.S.C. 3111,Director of the Federal Bureau of Investigation,quarterly,not less frequently than once each quarter; upon issuance of guidelines; not later than 15 days after update to guidelines,provision,https://uscode.house.gov/view.xhtml?req=granuleid:USC-prelim-title50-section3111&num=0&edition=prelim,/us/usc/t50/s3111
50 U.S.C. 3111a,Director of the Federal Bureau of Investigation,annual,"Not later than 30 days after December 18, 2025, and annually thereafter",provision,https://uscode.house.gov/view.xhtml?req=granuleid:USC-prelim-title50-section3111a&num=0&edition=prelim,/us/usc/t50/s3111a
50 U.S.C. 3112,Director of National Intelligence,annual,January 31 of each year,provision,https://uscode.house.gov/view.xhtml?req=granuleid:USC-prelim-title50-section3112&num=0&edition=prelim,/us/usc/t50/s3112
50 U.S.C. 3113,the head of each element of the intelligence community,annual,Not later than 10 days after the date on which the budget of the President for a fiscal year is submitted to Congress,provision,https://uscode.house.gov/view.xhtml?req=granuleid:USC-prelim-title50-section3113&num=0&edition=prelim,/us/usc/t50/s3113
50 U.S.C. 3115,Director of National Intelligence,annual,Not later than 45 days after the date on which the President submits to Congress the budget for each fiscal year,provision,https://uscode.house.gov/view.xhtml?req=granuleid:USC-prelim-title50-section3115&num=0&edition=prelim,/us/usc/t50/s3115
50 U.S.C. 3232a(b),Director of National Intelligence,annual,"Not later than 90 days after December 23, 2022, and annually thereafter for seven years",provision,https://uscode.house.gov/view.xhtml?req=granuleid:USC-prelim-title50-section3232a&num=0&edition=prelim,/us/usc/t50/s3232a/b
50 U.S.C. 3235,covered official; Assistant Attorney General for National Security of the Department of Justice,semiannual,Not less frequently than once every 6 months,provision,https://uscode.house.gov/view.xhtml?req=granuleid:USC-prelim-title50-section3235&num=0&edition=prelim,/us/usc/t50/s3235
50 U.S.C. 3235(b),each covered official,semiannual,not less frequently than once every 6 months,provision,https://uscode.house.gov/view.xhtml?req=granuleid:USC-prelim-title50-section3235&num=0&edition=prelim,/us/usc/t50/s3235/b
50 U.S.C. 3235(c),Assistant Attorney General for National Security of the Department of Justice,semiannual,Not less frequently than once every 6 months,provision,https://uscode.house.gov/view.xhtml?req=granuleid:USC-prelim-title50-section3235&num=0&edition=prelim,/us/usc/t50/s3235/c
50 U.S.C. 3236(e),Inspector General of the Intelligence Community,annual,Not less frequently than once each year,provision,https://uscode.house.gov/view.xhtml?req=granuleid:USC-prelim-title50-section3236&num=0&edition=prelim,/us/usc/t50/s3236/e
50 U.S.C. 3238,Director of the National Counterintelligence and Security Center,annual,,provision,https://uscode.house.gov/view.xhtml?req=granuleid:USC-prelim-title50-section3238&num=0&edition=prelim,/us/usc/t50/s3238
50 U.S.C. 3240,Director of National Intelligence,annual,,provision,https://uscode.house.gov/view.xhtml?req=granuleid:USC-prelim-title50-section3240&num=0&edition=prelim,/us/usc/t50/s3240
50 U.S.C. 3241,Director of National Intelligence,biennial,"until the date that is 10 years after March 15, 2022",provision,https://uscode.house.gov/view.xhtml?req=granuleid:USC-prelim-title50-section3241&num=0&edition=prelim,/us/usc/t50/s3241
50 U.S.C. 3242,"Director of the Central Intelligence Agency and the Director of the National Security Agency, in coordination with the Director of National Intelligence",annual,On an annual basis through 2026,provision,https://uscode.house.gov/view.xhtml?req=granuleid:USC-prelim-title50-section3242&num=0&edition=prelim,/us/usc/t50/s3242
50 U.S.C. 3243(b),the Director,periodic,,provision,https://uscode.house.gov/view.xhtml?req=granuleid:USC-prelim-title50-section3243&num=0&edition=prelim,/us/usc/t50/s3243/b
50 U.S.C. 3244,Director of National Intelligence,annual,Not later than March 1 of each fiscal year,provision,https://uscode.house.gov/view.xhtml?req=granuleid:USC-prelim-title50-section3244&num=0&edition=prelim,/us/usc/t50/s3244
50 U.S.C. 3301,Director of National Intelligence,annual,each year at or about the same time that the budget is submitted to Congress pursuant to section 1105(a) of title 31,provision,https://uscode.house.gov/view.xhtml?req=granuleid:USC-prelim-title50-section3301&num=0&edition=prelim,/us/usc/t50/s3301
50 U.S.C. 3302,Director of Central Intelligence,annual,annual submission of the National Foreign Intelligence Program,provision,https://uscode.house.gov/view.xhtml?req=granuleid:USC-prelim-title50-section3302&num=0&edition=prelim,/us/usc/t50/s3302
50 U.S.C. 3306,the President,event-driven,at the time of the submission of the budget for the fiscal year for which such disclosure is waived or postponed,provision,https://uscode.house.gov/view.xhtml?req=granuleid:USC-prelim-title50-section3306&num=0&edition=prelim,/us/usc/t50/s3306
50 U.S.C. 3306 note,President,annual,not later than 90 days after the date of the enactment of this Act and not later than 90 days after the beginning of each fiscal year thereafter,note,https://uscode.house.gov/view.xhtml?req=granuleid:USC-prelim-title50-section3306&num=0&edition=prelim,/us/usc/t50/s3306/note/0
50 U.S.C. 3313,each head of an element of the intelligence community,annual,concurrent with the annual budget request submitted by the President to Congress,provision,https://uscode.house.gov/view.xhtml?req=granuleid:USC-prelim-title50-section3313&num=0&edition=prelim,/us/usc/t50/s3313
50 U.S.C. 3314,the Director of the National Security Agency,annual,"not later than 120 days after May 5, 2017, and annually thereafter",provision,https://uscode.house.gov/view.xhtml?req=granuleid:USC-prelim-title50-section3314&num=0&edition=prelim,/us/usc/t50/s3314
50 U.S.C. 3316a(c),the Director of National Intelligence,annual,not less frequently than once each calendar year,provision,https://uscode.house.gov/view.xhtml?req=granuleid:USC-prelim-title50-section3316a&num=0&edition=prelim,/us/usc/t50/s3316a/c
50 U.S.C. 3334b(c),Director of National Intelligence,annual,Not later than March 31 of each year,provision,https://uscode.house.gov/view.xhtml?req=granuleid:USC-prelim-title50-section3334b&num=0&edition=prelim,/us/usc/t50/s3334b/c
50 U.S.C. 3334c,"Director of National Intelligence, in coordination with the Under Secretary of Homeland Security for Intelligence and Analysis, the Director of the Federal Bureau of Investigation, the Director of the Central Intelligence Agency, and the Director of the Defense Counterintelligence and Security Agency",annual,120 days after submission of the report required under section 5703,provision,https://uscode.house.gov/view.xhtml?req=granuleid:USC-prelim-title50-section3334c&num=0&edition=prelim,/us/usc/t50/s3334c
50 U.S.C. 3334k(g),Director of National Intelligence,biennial,"Not later than 180 days after March 15, 2022",provision,https://uscode.house.gov/view.xhtml?req=granuleid:USC-prelim-title50-section3334k&num=0&edition=prelim,/us/usc/t50/s3334k/g
50 U.S.C. 3334l(c),Director of the Defense Intelligence Agency,annual,"on an annual basis during the 3-year period beginning on December 23, 2022",provision,https://uscode.house.gov/view.xhtml?req=granuleid:USC-prelim-title50-section3334l&num=0&edition=prelim,/us/usc/t50/s3334l/c
50 U.S.C. 3343(c),head of a Federal agency,annual,Not later than February 1 of each year,provision,https://uscode.house.gov/view.xhtml?req=granuleid:USC-prelim-title50-section3343&num=0&edition=prelim,/us/usc/t50/s3343/c
50 U.S.C. 3345(a),Director of Central Intelligence,other,,provision,https://uscode.house.gov/view.xhtml?req=granuleid:USC-prelim-title50-section3345&num=0&edition=prelim,/us/usc/t50/s3345/a
50 U.S.C. 3348(a),head of each covered department or agency,annual,February 1 of each year,provision,https://uscode.house.gov/view.xhtml?req=granuleid:USC-prelim-title50-section3348&num=0&edition=prelim,/us/usc/t50/s3348/a
50 U.S.C. 3348(b),head of each covered department or agency,annual,Not later than February 1 of each year,provision,https://uscode.house.gov/view.xhtml?req=granuleid:USC-prelim-title50-section3348&num=0&edition=prelim,/us/usc/t50/s3348/b
50 U.S.C. 3348(e),head of a covered department or agency,event-driven,upon exercise of waiver authority,provision,https://uscode.house.gov/view.xhtml?req=granuleid:USC-prelim-title50-section3348&num=0&edition=prelim,/us/usc/t50/s3348/e
50 U.S.C. 3352d,Security Executive Agent,annual,not less frequently than once each year,provision,https://uscode.house.gov/view.xhtml?req=granuleid:USC-prelim-title50-section3352d&num=0&edition=prelim,/us/usc/t50/s3352d
50 U.S.C. 3352e,Director of National Intelligence,biennial,"Not later than 180 days after December 20, 2019",provision,https://uscode.house.gov/view.xhtml?req=granuleid:USC-prelim-title50-section3352e&num=0&edition=prelim,/us/usc/t50/s3352e
50 U.S.C. 3355b(a),the head of any agency with the authority under an Executive order to classify information,annual,on an annual basis,provision,https://uscode.house.gov/view.xhtml?req=granuleid:USC-prelim-title50-section3355b&num=0&edition=prelim,/us/usc/t50/s3355b/a
50 U.S.C. 3355b(e)(3),the Board,event-driven,upon submission of recommendations to the President,provision,https://uscode.house.gov/view.xhtml?req=granuleid:USC-prelim-title50-section3355b&num=0&edition=prelim,/us/usc/t50/s3355b/e/3
50 U.S.C. 3355f(b),the President,annual,each fiscal year,provision,https://uscode.house.gov/view.xhtml?req=granuleid:USC-prelim-title50-section3355f&num=0&edition=prelim,/us/usc/t50/s3355f/b
50 U.S.C. 3369(d),Director of the Center,annual,"not later than August 1, 2021; not less frequently than once each year",provision,https://uscode.house.gov/view.xhtml?req=granuleid:USC-prelim-title50-section3369&num=0&edition=prelim,/us/usc/t50/s3369/d
50 U.S.C. 3369b,Director of National Intelligence,annual,"Not later than 180 days after December 20, 2019, and not less frequently than once each year thereafter",provision,https://uscode.house.gov/view.xhtml?req=granuleid:USC-prelim-title50-section3369b&num=0&edition=prelim,/us/usc/t50/s3369b
50 U.S.C. 3370,Supply Chain and Counterintelligence Risk Management Task Force,annual,annually,provision,https://uscode.house.gov/view.xhtml?req=granuleid:USC-prelim-title50-section3370&num=0&edition=prelim,/us/usc/t50/s3370
50 U.S.C. 3370b(b)(6),the Working Group,biennial,"not later than 60 days after December 23, 2022",provision,https://uscode.house.gov/view.xhtml?req=granuleid:USC-prelim-title50-section3370b&num=0&edition=prelim,/us/usc/t50/s3370b/b/6
50 U.S.C. 3372,Director of National Intelligence,annual,"Not later than 1 year after December 27, 2020",provision,https://uscode.house.gov/view.xhtml?req=granuleid:USC-prelim-title50-section3372&num=0&edition=prelim,/us/usc/t50/s3372
50 U.S.C. 3515a(d),The Director,annual,March 31 each year; or not later than 7 days after making such determination,provision,https://uscode.house.gov/view.xhtml?req=granuleid:USC-prelim-title50-section3515a&num=0&edition=prelim,/us/usc/t50/s3515a/d
50 U.S.C. 3515a(g)(2),the Director,quarterly,"Not later than 90 days after December 18, 2025",provision,https://uscode.house.gov/view.xhtml?req=granuleid:USC-prelim-title50-section3515a&num=0&edition=prelim,/us/usc/t50/s3515a/g/2
50 U.S.C. 3515a(j),the Director,annual,"each fiscal year after fiscal year 2026, or not later than 7 days after the date on which such a request is submitted to Congress",provision,https://uscode.house.gov/view.xhtml?req=granuleid:USC-prelim-title50-section3515a&num=0&edition=prelim,/us/usc/t50/s3515a/j
50 U.S.C. 3525,Ombudsman for Analytic Objectivity,quarterly,annual basis; quarterly basis,provision,https://uscode.house.gov/view.xhtml?req=granuleid:USC-prelim-title50-section3525&num=0&edition=prelim,/us/usc/t50/s3525
50 U.S.C. 3527,the Director,annual,,provision,https://uscode.house.gov/view.xhtml?req=granuleid:USC-prelim-title50-section3527&num=0&edition=prelim,/us/usc/t50/s3527
50 U.S.C. 3531(b),the Director,semiannual,Not less frequently than once every 180 days,provision,https://uscode.house.gov/view.xhtml?req=granuleid:USC-prelim-title50-section3531&num=0&edition=prelim,/us/usc/t50/s3531/b
50 U.S.C. 3531(d),the Director,annual,not less frequently than once every 365 days,provision,https://uscode.house.gov/view.xhtml?req=granuleid:USC-prelim-title50-section3531&num=0&edition=prelim,/us/usc/t50/s3531/d
50 U.S.C. 3735,Secretary of Defense,semiannual,not later than 15 days before any obligation of Cooperative Threat Reduction funds for such activities during the covered semiannual period,provision,https://uscode.house.gov/view.xhtml?req=granuleid:USC-prelim-title50-section3735&num=0&edition=prelim,/us/usc/t50/s3735
50 U.S.C. 3743(a),Secretary of Defense,annual,In any year in which the President submits to Congress the budget for a fiscal year that requests funds for the Department of Defense for activities or assistance under the Program,provision,https://uscode.house.gov/view.xhtml?req=granuleid:USC-prelim-title50-section3743&num=0&edition=prelim,/us/usc/t50/s3743/a
50 U.S.C. 3743(c)(3),Secretary of Defense,annual,fiscal year preceding the submission of the report,provision,https://uscode.house.gov/view.xhtml?req=granuleid:USC-prelim-title50-section3743&num=0&edition=prelim,/us/usc/t50/s3743/c/3
50 U.S.C. 3803(k)(9),the Commission and the Secretary of Defense,semiannual,"Six months following the commencement of induction of persons into the National Security Training Corps, and semiannually thereafter",provision,https://uscode.house.gov/view.xhtml?req=granuleid:USC-prelim-title50-section3803&num=0&edition=prelim,/us/usc/t50/s3803/k/9
50 U.S.C. 4216(g),Board of Directors of the Fund,annual,Not later than 12 months after the first meeting of the Board and every 12 months thereafter,provision,https://uscode.house.gov/view.xhtml?req=granuleid:USC-prelim-title50-section4216&num=0&edition=prelim,/us/usc/t50/s4216/g
50 U.S.C. 4233(b),The Secretary,annual,not later than 60 days after the end of each fiscal year,provision,https://uscode.house.gov/view.xhtml?req=granuleid:USC-prelim-title50-section4233&num=0&edition=prelim,/us/usc/t50/s4233/b
50 U.S.C. 4511 note,"the Secretary of Homeland Security, in cooperation with the Secretary of Commerce, the Secretary of Transportation, the Secretary of Defense, and the Secretary of Energy",annual,not later than 6 months after the last day of fiscal year 2007 and each subsequent fiscal year,note,https://uscode.house.gov/view.xhtml?req=granuleid:USC-prelim-title50-section4511&num=0&edition=prelim,/us/usc/t50/s4511/note/1
50 U.S.C. 4553 note,Defense Production Act Committee,annual,,note,https://uscode.house.gov/view.xhtml?req=granuleid:USC-prelim-title50-section4553&num=0&edition=prelim,/us/usc/t50/s4553/note/2
50 U.S.C. 4553 note,the Secretary of Commerce,annual,,note,https://uscode.house.gov/view.xhtml?req=granuleid:USC-prelim-title50-section4553&num=0&edition=prelim,/us/usc/t50/s4553/note/8
50 U.S.C. 4567,Defense Production Act Committee,annual,March 31,provision,https://uscode.house.gov/view.xhtml?req=granuleid:USC-prelim-title50-section4567&num=0&edition=prelim,/us/usc/t50/s4567
50 U.S.C. 4568,The President,annual,annual,provision,https://uscode.house.gov/view.xhtml?req=granuleid:USC-prelim-title50-section4568&num=0&edition=prelim,/us/usc/t50/s4568
50 U.S.C. 4568 note,interagency team,annual,,note,https://uscode.house.gov/view.xhtml?req=granuleid:USC-prelim-title50-section4568&num=0&edition=prelim,/us/usc/t50/s4568/note/2
50 U.S.C. 4583(a),the Secretary,annual,"not later than 18 months after December 18, 2025",provision,https://uscode.house.gov/view.xhtml?req=granuleid:USC-prelim-title50-section4583&num=0&edition=prelim,/us/usc/t50/s4583/a
50 U.S.C. 4583(d),"the Secretary and the Secretary of Commerce, or their designee",annual,"not later than one year after December 18, 2025",provision,https://uscode.house.gov/view.xhtml?req=granuleid:USC-prelim-title50-section4583&num=0&edition=prelim,/us/usc/t50/s4583/d
50 U.S.C. 4584,the Secretary,annual,Not later than one year after the date of the regulations implementing enactment of this subchapter,provision,https://uscode.house.gov/view.xhtml?req=granuleid:USC-prelim-title50-section4584&num=0&edition=prelim,/us/usc/t50/s4584
50 U.S.C. 4815(e),the Secretary,annual,"not later than one year after August 19, 2025",provision,https://uscode.house.gov/view.xhtml?req=granuleid:USC-prelim-title50-section4815&num=0&edition=prelim,/us/usc/t50/s4815/e
50 U.S.C. 4817(f)(6),Emerging Technology and Research Advisory Committee,annual,,provision,https://uscode.house.gov/view.xhtml?req=granuleid:USC-prelim-title50-section4817&num=0&edition=prelim,/us/usc/t50/s4817/f/6
50 U.S.C. 515,The Administrator,semiannual,,provision,https://uscode.house.gov/view.xhtml?req=granuleid:USC-prelim-title50-section515&num=0&edition=prelim,/us/usc/t50/s515
50 U.S.C. 98h-1,Strategic and Critical Materials Board of Directors,annual,annual,provision,https://uscode.house.gov/view.xhtml?req=granuleid:USC-prelim-title50-section98h-1&num=0&edition=prelim,/us/usc/t50/s98h–1
50 U.S.C. 98h-2(b),National Defense Stockpile Manager,annual,Not later than February 15 of each fiscal year,provision,https://uscode.house.gov/view.xhtml?req=granuleid:USC-prelim-title50-section98h-2&num=0&edition=prelim,/us/usc/t50/s98h–2/b
51 U.S.C. 20149 note,Administrator of the National Aeronautics and Space Administration,annual,"not later than the date of submission of the President’s annual budget request for that fiscal year under section 1105 of title 31, United States Code",note,https://uscode.house.gov/view.xhtml?req=granuleid:USC-prelim-title51-section20149&num=0&edition=prelim,/us/usc/t51/s20149/note/0
51 U.S.C. 60126(a),The Secretary,annual,"not later than 180 days after the date of enactment of the U.S. Commercial Space Launch Competitiveness Act, and annually thereafter",provision,https://uscode.house.gov/view.xhtml?req=granuleid:USC-prelim-title51-section60126&num=0&edition=prelim,/us/usc/t51/s60126/a
52 U.S.C. 20102,Federal Election Commission,biennial,Not later than April 30 of each odd-numbered year,provision,https://uscode.house.gov/view.xhtml?req=granuleid:USC-prelim-title52-section20102&num=0&edition=prelim,/us/usc/t52/s20102
52 U.S.C. 20308(b),Presidential designee,biennial,Not later than September 30 of each odd-numbered year,provision,https://uscode.house.gov/view.xhtml?req=granuleid:USC-prelim-title52-section20308&num=0&edition=prelim,/us/usc/t52/s20308/b
52 U.S.C. 20927,the Commission,annual,Not later than January 31 of each year,provision,https://uscode.house.gov/view.xhtml?req=granuleid:USC-prelim-title52-section20927&num=0&edition=prelim,/us/usc/t52/s20927
52 U.S.C. 21025,Secretary,annual,With respect to each fiscal year for which the Secretary makes payments under this subpart,provision,https://uscode.house.gov/view.xhtml?req=granuleid:USC-prelim-title52-section21025&num=0&edition=prelim,/us/usc/t52/s21025
52 U.S.C. 21051,The Commission,annual,,provision,https://uscode.house.gov/view.xhtml?req=granuleid:USC-prelim-title52-section21051&num=0&edition=prelim,/us/usc/t52/s21051
54 U.S.C. 101919(b),National Park Service Concessions Management Advisory Board,annual,,provision,https://uscode.house.gov/view.xhtml?req=granuleid:USC-prelim-title54-section101919&num=0&edition=prelim,/us/usc/t54/s101919/b
54 U.S.C. 304109,the Council,event-driven,whenever the Council submits any budget estimate or request to the President or the Office of Management and Budget,provision,https://uscode.house.gov/view.xhtml?req=granuleid:USC-prelim-title54-section304109&num=0&edition=prelim,/us/usc/t54/s304109
54 U.S.C. 308106,the Secretary,other,"not later than 2 years after the date of the enactment of this section, and every 10 years thereafter",provision,https://uscode.house.gov/view.xhtml?req=granuleid:USC-prelim-title54-section308106&num=0&edition=prelim,/us/usc/t54/s308106
54 U.S.C. 308903,Secretary,annual,not later than 30 days before the date on which the Secretary provides grants for a fiscal year under the program,provision,https://uscode.house.gov/view.xhtml?req=granuleid:USC-prelim-title54-section308903&num=0&edition=prelim,/us/usc/t54/s308903
54 U.S.C. 311102,Secretary of the Interior,annual,Not later than 30 days before the date on which the Secretary provides grants for a fiscal year under the program,provision,https://uscode.house.gov/view.xhtml?req=granuleid:USC-prelim-title54-section311102&num=0&edition=prelim,/us/usc/t54/s311102
6 U.S.C. 106(d),"The Secretaries of Health and Human Services, Defense, Agriculture, and Homeland Security",biennial,"not later than 1 year after January 1, 2021",provision,https://uscode.house.gov/view.xhtml?req=granuleid:USC-prelim-title6-section106&num=0&edition=prelim,/us/usc/t6/s106/d
6 U.S.C. 1112 note,Administrator of the Transportation Security Administration,annual,"not later than 90 days after the date of enactment of this Act, and annually thereafter",note,https://uscode.house.gov/view.xhtml?req=granuleid:USC-prelim-title6-section1112&num=0&edition=prelim,/us/usc/t6/s1112/note/0
6 U.S.C. 1137a,Secretary of Homeland Security,annual,"not later than one year after the date on which the Secretary first implements the program, and annually thereafter",provision,https://uscode.house.gov/view.xhtml?req=granuleid:USC-prelim-title6-section1137a&num=0&edition=prelim,/us/usc/t6/s1137a
6 U.S.C. 1141,the Secretary,annual,Not later than March 31 of each year,provision,https://uscode.house.gov/view.xhtml?req=granuleid:USC-prelim-title6-section1141&num=0&edition=prelim,/us/usc/t6/s1141
6 U.S.C. 1161(f),the Secretary,annual,each year,provision,https://uscode.house.gov/view.xhtml?req=granuleid:USC-prelim-title6-section1161&num=0&edition=prelim,/us/usc/t6/s1161/f
6 U.S.C. 125,Under Secretary for Intelligence and Analysis of the Department of Homeland Security,annual,"For each fiscal year, along with the budget materials",provision,https://uscode.house.gov/view.xhtml?req=granuleid:USC-prelim-title6-section125&num=0&edition=prelim,/us/usc/t6/s125
6 U.S.C. 125 note,Department of Homeland Security,annual,,note,https://uscode.house.gov/view.xhtml?req=granuleid:USC-prelim-title6-section125&num=0&edition=prelim,/us/usc/t6/s125/note/1
6 U.S.C. 146,the Secretary,annual,annual,provision,https://uscode.house.gov/view.xhtml?req=granuleid:USC-prelim-title6-section146&num=0&edition=prelim,/us/usc/t6/s146
6 U.S.C. 1531,Secretary of State,annual,annual,provision,https://uscode.house.gov/view.xhtml?req=granuleid:USC-prelim-title6-section1531&num=0&edition=prelim,/us/usc/t6/s1531
6 U.S.C. 195d(f),Social media working group,annual,During each year in which the Group meets,provision,https://uscode.house.gov/view.xhtml?req=granuleid:USC-prelim-title6-section195d&num=0&edition=prelim,/us/usc/t6/s195d/f
6 U.S.C. 195d(f)(5),Social media working group,event-driven,During each year in which the Group meets,provision,https://uscode.house.gov/view.xhtml?req=granuleid:USC-prelim-title6-section195d&num=0&edition=prelim,/us/usc/t6/s195d/f/5
6 U.S.C. 195e(b),the Secretary,annual,"Not later than January 1, 2017",provision,https://uscode.house.gov/view.xhtml?req=granuleid:USC-prelim-title6-section195e&num=0&edition=prelim,/us/usc/t6/s195e/b
6 U.S.C. 204(d),Surface Transportation Security Advisory Committee,annual,annual,provision,https://uscode.house.gov/view.xhtml?req=granuleid:USC-prelim-title6-section204&num=0&edition=prelim,/us/usc/t6/s204/d
6 U.S.C. 204(e),the Administrator,event-driven,Not later than 30 days after the date the Administrator submits feedback under paragraph (2),provision,https://uscode.house.gov/view.xhtml?req=granuleid:USC-prelim-title6-section204&num=0&edition=prelim,/us/usc/t6/s204/e
6 U.S.C. 204(e)(4),the Administrator,quarterly,Not later than 90 days after the date the Administrator receives a recommendation from the Advisory Committee under subsection (d)(2) that the Administrator agrees with,provision,https://uscode.house.gov/view.xhtml?req=granuleid:USC-prelim-title6-section204&num=0&edition=prelim,/us/usc/t6/s204/e/4
6 U.S.C. 211(g),Executive Assistant Commissioner,annual,"Not later than 30 days after February 24, 2016, and annually thereafter",provision,https://uscode.house.gov/view.xhtml?req=granuleid:USC-prelim-title6-section211&num=0&edition=prelim,/us/usc/t6/s211/g
6 U.S.C. 211(k)(5),the Inspector General of the Department of Homeland Security,annual,"during each of the three calendar years beginning in the calendar year that begins after February 24, 2016",provision,https://uscode.house.gov/view.xhtml?req=granuleid:USC-prelim-title6-section211&num=0&edition=prelim,/us/usc/t6/s211/k/5
6 U.S.C. 211(k)(7),The Commissioner,annual,"annually, with the annual budget of the United States Government",provision,https://uscode.house.gov/view.xhtml?req=granuleid:USC-prelim-title6-section211&num=0&edition=prelim,/us/usc/t6/s211/k/7
6 U.S.C. 211(n)(1)(C),The Commissioner,annual,"each of the five calendar years beginning in the calendar year that begins after February 24, 2016",provision,https://uscode.house.gov/view.xhtml?req=granuleid:USC-prelim-title6-section211&num=0&edition=prelim,/us/usc/t6/s211/n/1/C
6 U.S.C. 211 note,the Secretary of Homeland Security,biennial,"Not later than 1 year after the submission of the plan under subsection (b), and biennially thereafter for the following 6 years",note,https://uscode.house.gov/view.xhtml?req=granuleid:USC-prelim-title6-section211&num=0&edition=prelim,/us/usc/t6/s211/note/0
6 U.S.C. 211 note,"the Secretary of Homeland Security, in consultation with the Secretary of Defense",annual,"not later than 180 days after the date of the enactment of this Act, and by December 31 of each of the next 3 years thereafter",note,https://uscode.house.gov/view.xhtml?req=granuleid:USC-prelim-title6-section211&num=0&edition=prelim,/us/usc/t6/s211/note/8
6 U.S.C. 214,the President,annual,each budget transmitted to Congress under section 1105 of title 31,provision,https://uscode.house.gov/view.xhtml?req=granuleid:USC-prelim-title6-section214&num=0&edition=prelim,/us/usc/t6/s214
6 U.S.C. 220,the Commissioner,biennial,"Not later than September 30, 2007, and each 2-year period thereafter",provision,https://uscode.house.gov/view.xhtml?req=granuleid:USC-prelim-title6-section220&num=0&edition=prelim,/us/usc/t6/s220
6 U.S.C. 223(g),the Secretary and the Comptroller General of the United States,annual,annually; not later than 270 days after receiving the first report and biennially thereafter; not later than 60 days after the end of each fiscal year through FY 2026; not later than 30 days before updating metrics,provision,https://uscode.house.gov/view.xhtml?req=granuleid:USC-prelim-title6-section223&num=0&edition=prelim,/us/usc/t6/s223/g
6 U.S.C. 223(g)(2),Comptroller General of the United States,biennial,Not later than 270 days after receiving the first report under paragraph (1)(A),provision,https://uscode.house.gov/view.xhtml?req=granuleid:USC-prelim-title6-section223&num=0&edition=prelim,/us/usc/t6/s223/g/2
6 U.S.C. 224(a),Commissioner of U.S. Customs and Border Protection,annual,"Not later than 1 year after December 31, 2020",provision,https://uscode.house.gov/view.xhtml?req=granuleid:USC-prelim-title6-section224&num=0&edition=prelim,/us/usc/t6/s224/a
6 U.S.C. 224(b),Commissioner of U.S. Customs and Border Protection,annual,"Not later than 1 year after December 31, 2020",provision,https://uscode.house.gov/view.xhtml?req=granuleid:USC-prelim-title6-section224&num=0&edition=prelim,/us/usc/t6/s224/b
6 U.S.C. 225(b),Secretary of Homeland Security; Comptroller General of the United States,biennial,"Not later than one year after December 23, 2022, and biennially thereafter (for Secretary); Not later than one year after the submission of each of the first three reports (for Comptroller General)",provision,https://uscode.house.gov/view.xhtml?req=granuleid:USC-prelim-title6-section225&num=0&edition=prelim,/us/usc/t6/s225/b
6 U.S.C. 242b,CCHT Director; Secretary of Homeland Security,annual,"Not later than 1 year after December 27, 2022",provision,https://uscode.house.gov/view.xhtml?req=granuleid:USC-prelim-title6-section242b&num=0&edition=prelim,/us/usc/t6/s242b
6 U.S.C. 242b(c),Secretary of Homeland Security,annual,"Not later than 1 year after December 27, 2022, and annually thereafter",provision,https://uscode.house.gov/view.xhtml?req=granuleid:USC-prelim-title6-section242b&num=0&edition=prelim,/us/usc/t6/s242b/c
6 U.S.C. 243,the Secretary,biennial,"Not later than 180 days after October 5, 2018, and biennially thereafter",provision,https://uscode.house.gov/view.xhtml?req=granuleid:USC-prelim-title6-section243&num=0&edition=prelim,/us/usc/t6/s243
6 U.S.C. 244,the Secretary,annual,"Not later than 180 days after October 5, 2018, and annually thereafter",provision,https://uscode.house.gov/view.xhtml?req=granuleid:USC-prelim-title6-section244&num=0&edition=prelim,/us/usc/t6/s244
6 U.S.C. 257,Secretary of Homeland Security,annual,during the preceding fiscal year,provision,https://uscode.house.gov/view.xhtml?req=granuleid:USC-prelim-title6-section257&num=0&edition=prelim,/us/usc/t6/s257
6 U.S.C. 272(c),Ombudsman,annual,Not later than June 30 of each calendar year,provision,https://uscode.house.gov/view.xhtml?req=granuleid:USC-prelim-title6-section272&num=0&edition=prelim,/us/usc/t6/s272/c
6 U.S.C. 279 note,Secretary of Health and Human Services,monthly,Within 60 days of bringing such a facility online,note,https://uscode.house.gov/view.xhtml?req=granuleid:USC-prelim-title6-section279&num=0&edition=prelim,/us/usc/t6/s279/note/0
6 U.S.C. 279 note,the Secretary of Health and Human Services,monthly,"not later than 14 days after the date of enactment of this Act, and monthly thereafter",note,https://uscode.house.gov/view.xhtml?req=granuleid:USC-prelim-title6-section279&num=0&edition=prelim,/us/usc/t6/s279/note/1
6 U.S.C. 293,Government Accountability Office,other,after the second and fourth years of its operation,provision,https://uscode.house.gov/view.xhtml?req=granuleid:USC-prelim-title6-section293&num=0&edition=prelim,/us/usc/t6/s293
6 U.S.C. 297(c),The Secretary,other,"not later than 120 days after the effective date of this chapter, and every 6 months thereafter until the termination of fiscal year 2005",provision,https://uscode.house.gov/view.xhtml?req=granuleid:USC-prelim-title6-section297&num=0&edition=prelim,/us/usc/t6/s297/c
6 U.S.C. 297(d)(1),Comptroller General of the United States,other,Not later than 18 months after the date on which the transfer of functions specified under section 251 of this title takes effect,provision,https://uscode.house.gov/view.xhtml?req=granuleid:USC-prelim-title6-section297&num=0&edition=prelim,/us/usc/t6/s297/d/1
6 U.S.C. 297(d)(1)(B),Comptroller General of the United States,semiannual,Not later than 18 months after the date on which the transfer of functions specified under section 251 of this title takes effect,provision,https://uscode.house.gov/view.xhtml?req=granuleid:USC-prelim-title6-section297&num=0&edition=prelim,/us/usc/t6/s297/d/1/B
6 U.S.C. 298,the Secretary,annual,"One year after November 25, 2002, and each year thereafter",provision,https://uscode.house.gov/view.xhtml?req=granuleid:USC-prelim-title6-section298&num=0&edition=prelim,/us/usc/t6/s298
6 U.S.C. 301(k),the Commissioner of U.S. Customs and Border Protection,annual,not later than 15 days before entering into a fee agreement,provision,https://uscode.house.gov/view.xhtml?req=granuleid:USC-prelim-title6-section301&num=0&edition=prelim,/us/usc/t6/s301/k
6 U.S.C. 301a(c)(7),Commissioner of U.S. Customs and Border Protection,annual,,provision,https://uscode.house.gov/view.xhtml?req=granuleid:USC-prelim-title6-section301a&num=0&edition=prelim,/us/usc/t6/s301a/c/7
6 U.S.C. 301a(d),Comptroller General of the United States,biennial,,provision,https://uscode.house.gov/view.xhtml?req=granuleid:USC-prelim-title6-section301a&num=0&edition=prelim,/us/usc/t6/s301a/d
6 U.S.C. 321n,the Secretary,annual,annually,provision,https://uscode.house.gov/view.xhtml?req=granuleid:USC-prelim-title6-section321n&num=0&edition=prelim,/us/usc/t6/s321n
6 U.S.C. 321o-1(j),The Administrator,annual,,provision,https://uscode.house.gov/view.xhtml?req=granuleid:USC-prelim-title6-section321o-1&num=0&edition=prelim,/us/usc/t6/s321o–1/j
6 U.S.C. 341(a),Under Secretary for Management,semiannual,every six months,provision,https://uscode.house.gov/view.xhtml?req=granuleid:USC-prelim-title6-section341&num=0&edition=prelim,/us/usc/t6/s341/a
6 U.S.C. 341(a)(10),"The Secretary, acting through the Under Secretary for Management",event-driven,before December 1 of each year in which a Presidential election is held,provision,https://uscode.house.gov/view.xhtml?req=granuleid:USC-prelim-title6-section341&num=0&edition=prelim,/us/usc/t6/s341/a/10
6 U.S.C. 341(c)(6),Under Secretary for Management,annual,As part of the annual budget process,provision,https://uscode.house.gov/view.xhtml?req=granuleid:USC-prelim-title6-section341&num=0&edition=prelim,/us/usc/t6/s341/c/6
6 U.S.C. 353,the Secretary,annual,"Not later than one year after December 27, 2021, and annually thereafter through 2027",provision,https://uscode.house.gov/view.xhtml?req=granuleid:USC-prelim-title6-section353&num=0&edition=prelim,/us/usc/t6/s353
6 U.S.C. 382(e),Secretary of Homeland Security,annual,at the time that the President’s budget is submitted under section 1105(a) of title 31,provision,https://uscode.house.gov/view.xhtml?req=granuleid:USC-prelim-title6-section382&num=0&edition=prelim,/us/usc/t6/s382/e
6 U.S.C. 391(c)(2),the Secretary,annual,,provision,https://uscode.house.gov/view.xhtml?req=granuleid:USC-prelim-title6-section391&num=0&edition=prelim,/us/usc/t6/s391/c/2
6 U.S.C. 391 note,Department of Homeland Security,quarterly,quarterly updates,note,https://uscode.house.gov/view.xhtml?req=granuleid:USC-prelim-title6-section391&num=0&edition=prelim,/us/usc/t6/s391/note/1
6 U.S.C. 397(d),the Secretary,annual,"Not later than one year after December 23, 2022",provision,https://uscode.house.gov/view.xhtml?req=granuleid:USC-prelim-title6-section397&num=0&edition=prelim,/us/usc/t6/s397/d
6 U.S.C. 427(b),Comptroller General,other,,provision,https://uscode.house.gov/view.xhtml?req=granuleid:USC-prelim-title6-section427&num=0&edition=prelim,/us/usc/t6/s427/b
6 U.S.C. 453,the President,annual,"fiscal year 2004, and for each subsequent fiscal year",provision,https://uscode.house.gov/view.xhtml?req=granuleid:USC-prelim-title6-section453&num=0&edition=prelim,/us/usc/t6/s453
6 U.S.C. 454 note,Secretary of Homeland Security,annual,"at the time the President’s budget proposal is submitted pursuant to section 1105(a) of title 31, United States Code",note,https://uscode.house.gov/view.xhtml?req=granuleid:USC-prelim-title6-section454&num=0&edition=prelim,/us/usc/t6/s454/note/0
6 U.S.C. 458(f),Director of the Office of Counternarcotics Enforcement,annual,not later than 30 days after the submission by the President to Congress of any request for expenditures for the Department; not later than February 1 of each year,provision,https://uscode.house.gov/view.xhtml?req=granuleid:USC-prelim-title6-section458&num=0&edition=prelim,/us/usc/t6/s458/f
6 U.S.C. 458(f)(1),Director of the Office of Counternarcotics Enforcement,event-driven,not later than 30 days after the submission by the President to Congress of any request for expenditures for the Department,provision,https://uscode.house.gov/view.xhtml?req=granuleid:USC-prelim-title6-section458&num=0&edition=prelim,/us/usc/t6/s458/f/1
6 U.S.C. 471,Secretary of Homeland Security,annual,"180 days after January 17, 2014, and annually thereafter beginning with the submission of the President’s budget proposal for fiscal year 2016",provision,https://uscode.house.gov/view.xhtml?req=granuleid:USC-prelim-title6-section471&num=0&edition=prelim,/us/usc/t6/s471
6 U.S.C. 473(b)(7),CEIU,annual,"Not later than 1 year after May 29, 2015, and annually for the following 4 years",provision,https://uscode.house.gov/view.xhtml?req=granuleid:USC-prelim-title6-section473&num=0&edition=prelim,/us/usc/t6/s473/b/7
6 U.S.C. 475,the Executive Associate Director of Homeland Security Investigations,annual,"during the 5-year period beginning on December 23, 2022",provision,https://uscode.house.gov/view.xhtml?req=granuleid:USC-prelim-title6-section475&num=0&edition=prelim,/us/usc/t6/s475
6 U.S.C. 475(c)(4)(A),Executive Associate Director of Homeland Security Investigations,other,,provision,https://uscode.house.gov/view.xhtml?req=granuleid:USC-prelim-title6-section475&num=0&edition=prelim,/us/usc/t6/s475/c/4/A
6 U.S.C. 475a(f),head of the Office of Small and Disadvantaged Business Utilization,annual,"not later than one year after December 23, 2022",provision,https://uscode.house.gov/view.xhtml?req=granuleid:USC-prelim-title6-section475a&num=0&edition=prelim,/us/usc/t6/s475a/f
6 U.S.C. 481 note,Secretary of Homeland Security,quarterly,"starting July 1, 2007",note,https://uscode.house.gov/view.xhtml?req=granuleid:USC-prelim-title6-section481&num=0&edition=prelim,/us/usc/t6/s481/note/0
6 U.S.C. 591 note,Secretary of Homeland Security,annual,"not later than one year after the date of the enactment of this Act, and annually thereafter",note,https://uscode.house.gov/view.xhtml?req=granuleid:USC-prelim-title6-section591&num=0&edition=prelim,/us/usc/t6/s591/note/2
6 U.S.C. 609a(e),The Administrator,annual,annually for each of fiscal years 2022 through 2028,provision,https://uscode.house.gov/view.xhtml?req=granuleid:USC-prelim-title6-section609a&num=0&edition=prelim,/us/usc/t6/s609a/e
6 U.S.C. 613(c),the Administrator,biennial,Not later than 1 year after the date on which the initial report is required to be submitted under subsection (b),provision,https://uscode.house.gov/view.xhtml?req=granuleid:USC-prelim-title6-section613&num=0&edition=prelim,/us/usc/t6/s613/c
6 U.S.C. 645a,Executive Associate Director of Homeland Security Investigations,annual,"Not later than 1 year after December 21, 2018, and annually thereafter",provision,https://uscode.house.gov/view.xhtml?req=granuleid:USC-prelim-title6-section645a&num=0&edition=prelim,/us/usc/t6/s645a
6 U.S.C. 665a,the Secretary,annual,"Not later than 1 year after December 27, 2020, and on an annual basis thereafter",provision,https://uscode.house.gov/view.xhtml?req=granuleid:USC-prelim-title6-section665a&num=0&edition=prelim,/us/usc/t6/s665a
6 U.S.C. 665e(b),the Director,annual,"not less frequently than once per year after January 1, 2021",provision,https://uscode.house.gov/view.xhtml?req=granuleid:USC-prelim-title6-section665e&num=0&edition=prelim,/us/usc/t6/s665e/b
6 U.S.C. 665f(c),the Secretary,annual,"Not later than 1 year after the establishment of CETAP, and annually thereafter",provision,https://uscode.house.gov/view.xhtml?req=granuleid:USC-prelim-title6-section665f&num=0&edition=prelim,/us/usc/t6/s665f/c
6 U.S.C. 665l,Secretary of Homeland Security,annual,"Not later than 180 days after December 23, 2022, and annually thereafter",provision,https://uscode.house.gov/view.xhtml?req=granuleid:USC-prelim-title6-section665l&num=0&edition=prelim,/us/usc/t6/s665l
6 U.S.C. 665m(g),Director,annual,annually,provision,https://uscode.house.gov/view.xhtml?req=granuleid:USC-prelim-title6-section665m&num=0&edition=prelim,/us/usc/t6/s665m/g
6 U.S.C. 665n,the Director,annual,"Not later than one year after December 23, 2022",provision,https://uscode.house.gov/view.xhtml?req=granuleid:USC-prelim-title6-section665n&num=0&edition=prelim,/us/usc/t6/s665n
6 U.S.C. 746(b),Administrator,event-driven,promptly,provision,https://uscode.house.gov/view.xhtml?req=granuleid:USC-prelim-title6-section746&num=0&edition=prelim,/us/usc/t6/s746/b
6 U.S.C. 752(a),the Administrator,annual,"Not later than 12 months after October 4, 2006, and annually thereafter",provision,https://uscode.house.gov/view.xhtml?req=granuleid:USC-prelim-title6-section752&num=0&edition=prelim,/us/usc/t6/s752/a
6 U.S.C. 752(b),The Administrator,annual,annually,provision,https://uscode.house.gov/view.xhtml?req=granuleid:USC-prelim-title6-section752&num=0&edition=prelim,/us/usc/t6/s752/b
6 U.S.C. 753(d),the President,annual,,provision,https://uscode.house.gov/view.xhtml?req=granuleid:USC-prelim-title6-section753&num=0&edition=prelim,/us/usc/t6/s753/d
6 U.S.C. 765(b),Director of the Office of Civil and Defense Mobilization,annual,,provision,https://uscode.house.gov/view.xhtml?req=granuleid:USC-prelim-title6-section765&num=0&edition=prelim,/us/usc/t6/s765/b
6 U.S.C. 791(d),the Administrator,quarterly,"at the end of each fiscal quarter, beginning with the first fiscal quarter occurring at least 90 days after October 4, 2006",provision,https://uscode.house.gov/view.xhtml?req=granuleid:USC-prelim-title6-section791&num=0&edition=prelim,/us/usc/t6/s791/d
6 U.S.C. 793,Federal agency receiving oversight funds,annual,,provision,https://uscode.house.gov/view.xhtml?req=granuleid:USC-prelim-title6-section793&num=0&edition=prelim,/us/usc/t6/s793
6 U.S.C. 941(g)(2),the Secretary,other,"not later than 270 days after October 5, 2018, and triennially thereafter",provision,https://uscode.house.gov/view.xhtml?req=granuleid:USC-prelim-title6-section941&num=0&edition=prelim,/us/usc/t6/s941/g/2
6 U.S.C. 971,the Secretary,annual,the same date that the President’s budget is submitted to the Congress,provision,https://uscode.house.gov/view.xhtml?req=granuleid:USC-prelim-title6-section971&num=0&edition=prelim,/us/usc/t6/s971
6 U.S.C. 982(c),the Secretary,other,"Not later than 6 months after the submission of a report under section 981(d) of this title, and every 6 months thereafter",provision,https://uscode.house.gov/view.xhtml?req=granuleid:USC-prelim-title6-section982&num=0&edition=prelim,/us/usc/t6/s982/c
7 U.S.C. 136a(h)(4),the Administrator,annual,not later than March 1 of each year,provision,https://uscode.house.gov/view.xhtml?req=granuleid:USC-prelim-title7-section136a&num=0&edition=prelim,/us/usc/t7/s136a/h/4
7 U.S.C. 136a-1(k)(10),Inspector General,annual,annual,provision,https://uscode.house.gov/view.xhtml?req=granuleid:USC-prelim-title7-section136a-1&num=0&edition=prelim,/us/usc/t7/s136a–1/k/10
7 U.S.C. 136i-1,Secretary of Agriculture and the Administrator of the Environmental Protection Agency,annual,not later than April 1 of each year,provision,https://uscode.house.gov/view.xhtml?req=granuleid:USC-prelim-title7-section136i-1&num=0&edition=prelim,/us/usc/t7/s136i–1
7 U.S.C. 136w-8(i),Inspector General of the Environmental Protection Agency,annual,,provision,https://uscode.house.gov/view.xhtml?req=granuleid:USC-prelim-title7-section136w-8&num=0&edition=prelim,/us/usc/t7/s136w–8/i
7 U.S.C. 1421a,Secretary of Agriculture,annual,not later than the date of the final announcement for the programs by the Secretary for any 1 year,provision,https://uscode.house.gov/view.xhtml?req=granuleid:USC-prelim-title7-section1421a&num=0&edition=prelim,/us/usc/t7/s1421a
7 U.S.C. 1444a(c),Secretary of Agriculture,annual,,provision,https://uscode.house.gov/view.xhtml?req=granuleid:USC-prelim-title7-section1444a&num=0&edition=prelim,/us/usc/t7/s1444a/c
7 U.S.C. 1515(i),the Secretary,annual,annual,provision,https://uscode.house.gov/view.xhtml?req=granuleid:USC-prelim-title7-section1515&num=0&edition=prelim,/us/usc/t7/s1515/i
7 U.S.C. 1639r,the Secretary,annual,,provision,https://uscode.house.gov/view.xhtml?req=granuleid:USC-prelim-title7-section1639r&num=0&edition=prelim,/us/usc/t7/s1639r
7 U.S.C. 1726c(e)(3),the Secretary,annual,Each year,provision,https://uscode.house.gov/view.xhtml?req=granuleid:USC-prelim-title7-section1726c&num=0&edition=prelim,/us/usc/t7/s1726c/e/3
7 U.S.C. 1736o-1(h),The Secretary,annual,,provision,https://uscode.house.gov/view.xhtml?req=granuleid:USC-prelim-title7-section1736o-1&num=0&edition=prelim,/us/usc/t7/s1736o–1/h
7 U.S.C. 1738m,the President,annual,December 31 of each fiscal year,provision,https://uscode.house.gov/view.xhtml?req=granuleid:USC-prelim-title7-section1738m&num=0&edition=prelim,/us/usc/t7/s1738m
7 U.S.C. 1738q,Secretary of State and Secretary of the Treasury,annual,not less than 15 days prior to any formal negotiation; 30 days prior to entry into force; not later than February 1 of each year,provision,https://uscode.house.gov/view.xhtml?req=granuleid:USC-prelim-title7-section1738q&num=0&edition=prelim,/us/usc/t7/s1738q
7 U.S.C. 1738q(c),"Secretary of State or the Secretary of the Treasury, as appropriate",annual,not later than February 1 of each year,provision,https://uscode.house.gov/view.xhtml?req=granuleid:USC-prelim-title7-section1738q&num=0&edition=prelim,/us/usc/t7/s1738q/c
7 U.S.C. 1748,the Secretary,annual,not later than January 15 of each year,provision,https://uscode.house.gov/view.xhtml?req=granuleid:USC-prelim-title7-section1748&num=0&edition=prelim,/us/usc/t7/s1748
7 U.S.C. 1901 note,Secretary of Agriculture,annual,,note,https://uscode.house.gov/view.xhtml?req=granuleid:USC-prelim-title7-section1901&num=0&edition=prelim,/us/usc/t7/s1901/note/0
7 U.S.C. 1983a(a),Secretary of Agriculture,monthly,Each month,provision,https://uscode.house.gov/view.xhtml?req=granuleid:USC-prelim-title7-section1983a&num=0&edition=prelim,/us/usc/t7/s1983a/a
7 U.S.C. 1991(a)(13)(D),Under Secretary for Rural Development,annual,,provision,https://uscode.house.gov/view.xhtml?req=granuleid:USC-prelim-title7-section1991&num=0&edition=prelim,/us/usc/t7/s1991/a/13/D
7 U.S.C. 2003(d),the Secretary,annual,,provision,https://uscode.house.gov/view.xhtml?req=granuleid:USC-prelim-title7-section2003&num=0&edition=prelim,/us/usc/t7/s2003/d
7 U.S.C. 2008m(b),the panel,annual,,provision,https://uscode.house.gov/view.xhtml?req=granuleid:USC-prelim-title7-section2008m&num=0&edition=prelim,/us/usc/t7/s2008m/b
7 U.S.C. 2008x,the Secretary,annual,"not later than December 30, 2019, and annually thereafter; and not later than 4 years after December 20, 2018 (and every 5 years thereafter)",provision,https://uscode.house.gov/view.xhtml?req=granuleid:USC-prelim-title7-section2008x&num=0&edition=prelim,/us/usc/t7/s2008x
7 U.S.C. 2009bb-11,the Authority,annual,not later than 180 days after the end of each fiscal year,provision,https://uscode.house.gov/view.xhtml?req=granuleid:USC-prelim-title7-section2009bb-11&num=0&edition=prelim,/us/usc/t7/s2009bb–11
7 U.S.C. 2026a(d),the Secretary,biennial,Not later than December 31 of 2020,provision,https://uscode.house.gov/view.xhtml?req=granuleid:USC-prelim-title7-section2026a&num=0&edition=prelim,/us/usc/t7/s2026a/d
7 U.S.C. 2036a(c)(9),Administrator of the Food and Nutrition Service,annual,,provision,https://uscode.house.gov/view.xhtml?req=granuleid:USC-prelim-title7-section2036a&num=0&edition=prelim,/us/usc/t7/s2036a/c/9
7 U.S.C. 22,The Commission,annual,,provision,https://uscode.house.gov/view.xhtml?req=granuleid:USC-prelim-title7-section22&num=0&edition=prelim,/us/usc/t7/s22
7 U.S.C. 2204b(c)(5),not specified,annual,January 31 of the calendar year immediately preceding the beginning of the appropriate fiscal year,provision,https://uscode.house.gov/view.xhtml?req=granuleid:USC-prelim-title7-section2204b&num=0&edition=prelim,/us/usc/t7/s2204b/c/5
7 U.S.C. 2204b(c)(6),Secretary,annual,annual,provision,https://uscode.house.gov/view.xhtml?req=granuleid:USC-prelim-title7-section2204b&num=0&edition=prelim,/us/usc/t7/s2204b/c/6
7 U.S.C. 2204h,the Secretary,annual,"Not later than 1 year after February 7, 2014, and annually thereafter",provision,https://uscode.house.gov/view.xhtml?req=granuleid:USC-prelim-title7-section2204h&num=0&edition=prelim,/us/usc/t7/s2204h
7 U.S.C. 2207b,the Secretary,biennial,"Not later than 4 years after February 7, 2014, and every 2 years thereafter",provision,https://uscode.house.gov/view.xhtml?req=granuleid:USC-prelim-title7-section2207b&num=0&edition=prelim,/us/usc/t7/s2207b
7 U.S.C. 2207c,Department of Agriculture,annual,,provision,https://uscode.house.gov/view.xhtml?req=granuleid:USC-prelim-title7-section2207c&num=0&edition=prelim,/us/usc/t7/s2207c
7 U.S.C. 2255b,Secretary of Agriculture,annual,Not later than September 30 of each year,provision,https://uscode.house.gov/view.xhtml?req=granuleid:USC-prelim-title7-section2255b&num=0&edition=prelim,/us/usc/t7/s2255b
7 U.S.C. 2279(c)(4),the Secretary,annual,,provision,https://uscode.house.gov/view.xhtml?req=granuleid:USC-prelim-title7-section2279&num=0&edition=prelim,/us/usc/t7/s2279/c/4
7 U.S.C. 2279(k),the Secretary,biennial,"Not later than September 30, 1992",provision,https://uscode.house.gov/view.xhtml?req=granuleid:USC-prelim-title7-section2279&num=0&edition=prelim,/us/usc/t7/s2279/k
7 U.S.C. 2279(k)(2),Secretary,other,,provision,https://uscode.house.gov/view.xhtml?req=granuleid:USC-prelim-title7-section2279&num=0&edition=prelim,/us/usc/t7/s2279/k/2
7 U.S.C. 2279(k)(2)(A),not specified,other,,provision,https://uscode.house.gov/view.xhtml?req=granuleid:USC-prelim-title7-section2279&num=0&edition=prelim,/us/usc/t7/s2279/k/2/A
7 U.S.C. 2279(k)(2)(C),not specified,other,,provision,https://uscode.house.gov/view.xhtml?req=granuleid:USC-prelim-title7-section2279&num=0&edition=prelim,/us/usc/t7/s2279/k/2/C
7 U.S.C. 2279(k)(2)(E),not specified,other,,provision,https://uscode.house.gov/view.xhtml?req=granuleid:USC-prelim-title7-section2279&num=0&edition=prelim,/us/usc/t7/s2279/k/2/E
7 U.S.C. 2279-2,the Secretary,annual,Each year,provision,https://uscode.house.gov/view.xhtml?req=granuleid:USC-prelim-title7-section2279-2&num=0&edition=prelim,/us/usc/t7/s2279–2
7 U.S.C. 228,Secretary of Agriculture,annual,On or before February 15 of each calendar year,provision,https://uscode.house.gov/view.xhtml?req=granuleid:USC-prelim-title7-section228&num=0&edition=prelim,/us/usc/t7/s228
7 U.S.C. 26(g),Commodity Futures Trading Commission,annual,Not later than October 30 of each year,provision,https://uscode.house.gov/view.xhtml?req=granuleid:USC-prelim-title7-section26&num=0&edition=prelim,/us/usc/t7/s26/g
7 U.S.C. 308,State governors,annual,annually,provision,https://uscode.house.gov/view.xhtml?req=granuleid:USC-prelim-title7-section308&num=0&edition=prelim,/us/usc/t7/s308
7 U.S.C. 3121(6),Secretary of Agriculture,annual,as a part of the Department of Agriculture’s annual budget submissions,provision,https://uscode.house.gov/view.xhtml?req=granuleid:USC-prelim-title7-section3121&num=0&edition=prelim,/us/usc/t7/s3121/6
7 U.S.C. 3125,Secretary of Agriculture,annual,January 1 of each year,provision,https://uscode.house.gov/view.xhtml?req=granuleid:USC-prelim-title7-section3125&num=0&edition=prelim,/us/usc/t7/s3125
7 U.S.C. 3125 note,Secretary of Agriculture,annual,,note,https://uscode.house.gov/view.xhtml?req=granuleid:USC-prelim-title7-section3125&num=0&edition=prelim,/us/usc/t7/s3125/note/0
7 U.S.C. 3152(l),the Secretary,biennial,,provision,https://uscode.house.gov/view.xhtml?req=granuleid:USC-prelim-title7-section3152&num=0&edition=prelim,/us/usc/t7/s3152/l
7 U.S.C. 3157(e),Secretary of Agriculture,annual,"not later than November 28, 1991",provision,https://uscode.house.gov/view.xhtml?req=granuleid:USC-prelim-title7-section3157&num=0&edition=prelim,/us/usc/t7/s3157/e
7 U.S.C. 3179(f),the Secretary,annual,Not later than 90 days after the end of each fiscal year,provision,https://uscode.house.gov/view.xhtml?req=granuleid:USC-prelim-title7-section3179&num=0&edition=prelim,/us/usc/t7/s3179/f
7 U.S.C. 3291(d),the Secretary,biennial,,provision,https://uscode.house.gov/view.xhtml?req=granuleid:USC-prelim-title7-section3291&num=0&edition=prelim,/us/usc/t7/s3291/d
7 U.S.C. 3319k(b)(10),The Secretary; the Comptroller General of the United States,annual,not later than 1 year after the date on which the Comptroller General began conducting the evaluation,provision,https://uscode.house.gov/view.xhtml?req=granuleid:USC-prelim-title7-section3319k&num=0&edition=prelim,/us/usc/t7/s3319k/b/10
7 U.S.C. 4207,the Secretary of Agriculture,annual,"January 1, and at the beginning of each subsequent calendar year",provision,https://uscode.house.gov/view.xhtml?req=granuleid:USC-prelim-title7-section4207&num=0&edition=prelim,/us/usc/t7/s4207
7 U.S.C. 4514,Secretary of Agriculture,annual,"July 1, 1984; December 31, 1984; April 15, 1985; July 1 of each year after the date of enactment",provision,https://uscode.house.gov/view.xhtml?req=granuleid:USC-prelim-title7-section4514&num=0&edition=prelim,/us/usc/t7/s4514
7 U.S.C. 5312(a)(8),the Secretaries,event-driven,at the time a report required in subparagraph (A) would have been published,provision,https://uscode.house.gov/view.xhtml?req=granuleid:USC-prelim-title7-section5312&num=0&edition=prelim,/us/usc/t7/s5312/a/8
7 U.S.C. 5312(b),the Secretaries,biennial,January 15 of each alternate year,provision,https://uscode.house.gov/view.xhtml?req=granuleid:USC-prelim-title7-section5312&num=0&edition=prelim,/us/usc/t7/s5312/b
7 U.S.C. 5316,the President,annual,at the same time as the submission of the annual budget to the Congress,provision,https://uscode.house.gov/view.xhtml?req=granuleid:USC-prelim-title7-section5316&num=0&edition=prelim,/us/usc/t7/s5316
7 U.S.C. 5332(4),the Secretaries,biennial,,provision,https://uscode.house.gov/view.xhtml?req=granuleid:USC-prelim-title7-section5332&num=0&edition=prelim,/us/usc/t7/s5332/4
7 U.S.C. 5403,"the Council, through the Director",annual,"Not later than January 31, 1992, and annually thereafter",provision,https://uscode.house.gov/view.xhtml?req=granuleid:USC-prelim-title7-section5403&num=0&edition=prelim,/us/usc/t7/s5403
7 U.S.C. 5404,Good Neighbor Environmental Board,annual,,provision,https://uscode.house.gov/view.xhtml?req=granuleid:USC-prelim-title7-section5404&num=0&edition=prelim,/us/usc/t7/s5404
7 U.S.C. 5606,the Secretary,annual,not later than September 30 of each year,provision,https://uscode.house.gov/view.xhtml?req=granuleid:USC-prelim-title7-section5606&num=0&edition=prelim,/us/usc/t7/s5606
7 U.S.C. 5623(e),the Secretary of Agriculture,annual,Each year,provision,https://uscode.house.gov/view.xhtml?req=granuleid:USC-prelim-title7-section5623&num=0&edition=prelim,/us/usc/t7/s5623/e
7 U.S.C. 5842,Director of the National Genetic Resources Program,biennial,"not later than one year after November 28, 1990",provision,https://uscode.house.gov/view.xhtml?req=granuleid:USC-prelim-title7-section5842&num=0&edition=prelim,/us/usc/t7/s5842
7 U.S.C. 5925(g)(6),Secretary of Agriculture,annual,,provision,https://uscode.house.gov/view.xhtml?req=granuleid:USC-prelim-title7-section5925&num=0&edition=prelim,/us/usc/t7/s5925/g/6
7 U.S.C. 5925c,the Secretary,annual,not later than 180 days after the date of enactment of this subsection and annually thereafter,provision,https://uscode.house.gov/view.xhtml?req=granuleid:USC-prelim-title7-section5925c&num=0&edition=prelim,/us/usc/t7/s5925c
7 U.S.C. 5926(d)(4),the Secretary,annual,"Not later than 1 year after December 20, 2018",provision,https://uscode.house.gov/view.xhtml?req=granuleid:USC-prelim-title7-section5926&num=0&edition=prelim,/us/usc/t7/s5926/d/4
7 U.S.C. 6523,the Secretary of Agriculture,annual,Not later than March 1 of each year,provision,https://uscode.house.gov/view.xhtml?req=granuleid:USC-prelim-title7-section6523&num=0&edition=prelim,/us/usc/t7/s6523
7 U.S.C. 6702,the Secretary,annual,"within 3 and 6 years, respectively, after November 28, 1990",provision,https://uscode.house.gov/view.xhtml?req=granuleid:USC-prelim-title7-section6702&num=0&edition=prelim,/us/usc/t7/s6702
7 U.S.C. 6705,the President,annual,"the first fiscal year beginning after November 28, 1990, and for each subsequent fiscal year",provision,https://uscode.house.gov/view.xhtml?req=granuleid:USC-prelim-title7-section6705&num=0&edition=prelim,/us/usc/t7/s6705
7 U.S.C. 6919(f),Military Veterans Agricultural Liaison,annual,"not later than 1 year after December 20, 2018",provision,https://uscode.house.gov/view.xhtml?req=granuleid:USC-prelim-title7-section6919&num=0&edition=prelim,/us/usc/t7/s6919/f
7 U.S.C. 6921(b)(5),Tribal Advisory Committee,annual,Not less frequently than once each year,provision,https://uscode.house.gov/view.xhtml?req=granuleid:USC-prelim-title7-section6921&num=0&edition=prelim,/us/usc/t7/s6921/b/5
7 U.S.C. 6924,Food Loss and Waste Liaison and the Secretary of Agriculture,annual,"Not later than 1 year after December 20, 2018 (initial); Not later than 1 year after the submission of the initial report (subsequent)",provision,https://uscode.house.gov/view.xhtml?req=granuleid:USC-prelim-title7-section6924&num=0&edition=prelim,/us/usc/t7/s6924
7 U.S.C. 6924(e),Food Loss and Waste Liaison; Secretary of Agriculture,annual,"Not later than 1 year after December 20, 2018 (for initial report); Not later than 1 year after the submission of the initial report (for subsequent reports)",provision,https://uscode.house.gov/view.xhtml?req=granuleid:USC-prelim-title7-section6924&num=0&edition=prelim,/us/usc/t7/s6924/e
7 U.S.C. 6924(e)(2),Secretary of Agriculture,annual,Not later than 1 year after the date of the submission of the report under paragraph (1),provision,https://uscode.house.gov/view.xhtml?req=granuleid:USC-prelim-title7-section6924&num=0&edition=prelim,/us/usc/t7/s6924/e/2
7 U.S.C. 6945(i),Secretary of Agriculture,quarterly,,provision,https://uscode.house.gov/view.xhtml?req=granuleid:USC-prelim-title7-section6945&num=0&edition=prelim,/us/usc/t7/s6945/i
7 U.S.C. 7000,head of each agency,semiannual,not later than 180 days after the date of the enactment of this subsection,provision,https://uscode.house.gov/view.xhtml?req=granuleid:USC-prelim-title7-section7000&num=0&edition=prelim,/us/usc/t7/s7000
7 U.S.C. 7000(b),the head of each agency,other,"not later than 180 days after the date of the enactment of this subsection, and every 180 days thereafter",provision,https://uscode.house.gov/view.xhtml?req=granuleid:USC-prelim-title7-section7000&num=0&edition=prelim,/us/usc/t7/s7000/b
7 U.S.C. 7401(d),the Secretary,annual,,provision,https://uscode.house.gov/view.xhtml?req=granuleid:USC-prelim-title7-section7401&num=0&edition=prelim,/us/usc/t7/s7401/d
7 U.S.C. 7502(e),the Secretary,semiannual,"April 1, 1986",provision,https://uscode.house.gov/view.xhtml?req=granuleid:USC-prelim-title7-section7502&num=0&edition=prelim,/us/usc/t7/s7502/e
7 U.S.C. 76 note,Secretary of Agriculture,semiannual,"not later than December 31, 1985",note,https://uscode.house.gov/view.xhtml?req=granuleid:USC-prelim-title7-section76&num=0&edition=prelim,/us/usc/t7/s76/note/3
7 U.S.C. 7632(f),the Secretary,other,after consultations and review of grants in the previous fiscal year,provision,https://uscode.house.gov/view.xhtml?req=granuleid:USC-prelim-title7-section7632&num=0&edition=prelim,/us/usc/t7/s7632/f
7 U.S.C. 7632(f)(3),the Secretary,annual,in the previous fiscal year,provision,https://uscode.house.gov/view.xhtml?req=granuleid:USC-prelim-title7-section7632&num=0&edition=prelim,/us/usc/t7/s7632/f/3
7 U.S.C. 7655b(e),the Secretary,annual,,provision,https://uscode.house.gov/view.xhtml?req=granuleid:USC-prelim-title7-section7655b&num=0&edition=prelim,/us/usc/t7/s7655b/e
7 U.S.C. 7712a,Secretary of Agriculture,annual,annually,provision,https://uscode.house.gov/view.xhtml?req=granuleid:USC-prelim-title7-section7712a&num=0&edition=prelim,/us/usc/t7/s7712a
7 U.S.C. 7721(c),the Secretary,annual,"Not later than 1 year after the date of enactment of this paragraph, and annually thereafter",provision,https://uscode.house.gov/view.xhtml?req=granuleid:USC-prelim-title7-section7721&num=0&edition=prelim,/us/usc/t7/s7721/c
7 U.S.C. 7996(g),the Secretary,annual,February 1 of each year,provision,https://uscode.house.gov/view.xhtml?req=granuleid:USC-prelim-title7-section7996&num=0&edition=prelim,/us/usc/t7/s7996/g
7 U.S.C. 8108(g),Secretary of Energy and the Secretary of Agriculture,annual,For each fiscal year for which funds are made available,provision,https://uscode.house.gov/view.xhtml?req=granuleid:USC-prelim-title7-section8108&num=0&edition=prelim,/us/usc/t7/s8108/g
7 U.S.C. 8711(c),the Secretary,annual,Each year,provision,https://uscode.house.gov/view.xhtml?req=granuleid:USC-prelim-title7-section8711&num=0&edition=prelim,/us/usc/t7/s8711/c
7 U.S.C. 8717(d)(7),the Secretary,event-driven,As soon as practicable after conducting an evaluation under subparagraph (A),provision,https://uscode.house.gov/view.xhtml?req=granuleid:USC-prelim-title7-section8717&num=0&edition=prelim,/us/usc/t7/s8717/d/7
7 U.S.C. 8752(c),the Secretary,annual,Each year,provision,https://uscode.house.gov/view.xhtml?req=granuleid:USC-prelim-title7-section8752&num=0&edition=prelim,/us/usc/t7/s8752/c
7 U.S.C. 87f-2(a),the Secretary,annual,December 1 of each year,provision,https://uscode.house.gov/view.xhtml?req=granuleid:USC-prelim-title7-section87f-2&num=0&edition=prelim,/us/usc/t7/s87f–2/a
7 U.S.C. 87f-2(c),Secretary of Agriculture,annual,December 1 of each year,provision,https://uscode.house.gov/view.xhtml?req=granuleid:USC-prelim-title7-section87f-2&num=0&edition=prelim,/us/usc/t7/s87f–2/c
7 U.S.C. 9203,Secretary of Agriculture,biennial,not less frequently than biennially,provision,https://uscode.house.gov/view.xhtml?req=granuleid:USC-prelim-title7-section9203&num=0&edition=prelim,/us/usc/t7/s9203
7 U.S.C. 9204(a),"Secretary of Agriculture, Secretary of Homeland Security, and heads of other appropriate Federal departments and agencies",semiannual,Every 6 months until the date described in subsection (b),provision,https://uscode.house.gov/view.xhtml?req=granuleid:USC-prelim-title7-section9204&num=0&edition=prelim,/us/usc/t7/s9204/a
7 U.S.C. 936f,the Secretary,annual,not later than 1 year after the date of enactment of this section,provision,https://uscode.house.gov/view.xhtml?req=granuleid:USC-prelim-title7-section936f&num=0&edition=prelim,/us/usc/t7/s936f
8 U.S.C. 1107,Secretary of Homeland Security,biennial,"At the beginning and midpoint of each fiscal year; first report not later than April 1, 2006",provision,https://uscode.house.gov/view.xhtml?req=granuleid:USC-prelim-title8-section1107&num=0&edition=prelim,/us/usc/t8/s1107
8 U.S.C. 1226a note,the Attorney General,semiannual,"not later than 6 months after the date of the enactment of this Act, and every 6 months thereafter",note,https://uscode.house.gov/view.xhtml?req=granuleid:USC-prelim-title8-section1226a&num=0&edition=prelim,/us/usc/t8/s1226a/note/1
8 U.S.C. 1232(a)(5),Secretary of State and the Secretary of Health and Human Services,annual,"Not later than 18 months after December 23, 2008",provision,https://uscode.house.gov/view.xhtml?req=granuleid:USC-prelim-title8-section1232&num=0&edition=prelim,/us/usc/t8/s1232/a/5
8 U.S.C. 1232(c)(6)(D),Secretary of Health and Human Services,annual,"Not later than 1 year after March 7, 2013, and annually thereafter",provision,https://uscode.house.gov/view.xhtml?req=granuleid:USC-prelim-title8-section1232&num=0&edition=prelim,/us/usc/t8/s1232/c/6/D
8 U.S.C. 1375a(f)(1)(A),Comptroller General of the United States,other,,provision,https://uscode.house.gov/view.xhtml?req=granuleid:USC-prelim-title8-section1375a&num=0&edition=prelim,/us/usc/t8/s1375a/f/1/A
8 U.S.C. 1375c(d),the Secretary,biennial,"Not later than 180 days after December 23, 2008, and every 2 years thereafter for the following 10 years",provision,https://uscode.house.gov/view.xhtml?req=granuleid:USC-prelim-title8-section1375c&num=0&edition=prelim,/us/usc/t8/s1375c/d
8 U.S.C. 1381,Secretary of Labor,annual,Not later than January 31 of each year,provision,https://uscode.house.gov/view.xhtml?req=granuleid:USC-prelim-title8-section1381&num=0&edition=prelim,/us/usc/t8/s1381
8 U.S.C. 1455(f),the Attorney General,annual,annually,provision,https://uscode.house.gov/view.xhtml?req=granuleid:USC-prelim-title8-section1455&num=0&edition=prelim,/us/usc/t8/s1455/f
8 U.S.C. 1523,The Secretary,annual,not later than the January 31 following the end of each fiscal year,provision,https://uscode.house.gov/view.xhtml?req=granuleid:USC-prelim-title8-section1523&num=0&edition=prelim,/us/usc/t8/s1523
8 U.S.C. 1523(b),the Office/Director,annual,within the fiscal year,provision,https://uscode.house.gov/view.xhtml?req=granuleid:USC-prelim-title8-section1523&num=0&edition=prelim,/us/usc/t8/s1523/b
8 U.S.C. 1523(b)(1),not specified,other,within the five-fiscal-year period immediately preceding the fiscal year within which the report is to be made,provision,https://uscode.house.gov/view.xhtml?req=granuleid:USC-prelim-title8-section1523&num=0&edition=prelim,/us/usc/t8/s1523/b/1
8 U.S.C. 1523(b)(5),not specified,other,,provision,https://uscode.house.gov/view.xhtml?req=granuleid:USC-prelim-title8-section1523&num=0&edition=prelim,/us/usc/t8/s1523/b/5
8 U.S.C. 1774,the Attorney General,annual,Not later than January 15 of each year,provision,https://uscode.house.gov/view.xhtml?req=granuleid:USC-prelim-title8-section1774&num=0&edition=prelim,/us/usc/t8/s1774
8 U.S.C. 1777(c),Human Smuggling and Trafficking Center,annual,,provision,https://uscode.house.gov/view.xhtml?req=granuleid:USC-prelim-title8-section1777&num=0&edition=prelim,/us/usc/t8/s1777/c
